incident_id,date,target_country,sector,network,attack_vector,threat_actor,vulnerability,defense_in_place,affected_users,records_breached,data_exfiltrated_gb,detection_hours,resolution_hours,financial_loss_musd,severity
INC-00001,2019-01-01,Japan,Retail,Cloud-DC,Phishing,Unknown,Social Engineering,Antivirus,2559,33294,0.93,63.8,55.8,0.676,Medium
INC-00002,2019-01-01,USA,Finance,Cloud-DC,Zero-Day Exploit,Nation-State,Zero-Day,MFA,1411,8090,0.109,77.5,141.3,0.84,Medium
INC-00003,2019-01-05,China,Government,Corporate-LAN,Malware,Cybercriminal,Social Engineering,AI-based IDS,3614,147958,2.882,1.9,29.2,0.978,Medium
INC-00004,2019-01-05,UK,Finance,Banking-Core,Ransomware,Cybercriminal,Unpatched Software,AI-based IDS,654,11036,0.186,1.6,164.7,2.378,High
INC-00005,2019-01-06,France,Retail,Cloud-DC,DDoS,Hacktivist,Unpatched Software,Antivirus,7335,293,0.006,2.4,7.8,0.197,Low
INC-00006,2019-01-06,Russia,IT & Telecom,Cloud-DC,Phishing,Unknown,Social Engineering,Antivirus,16939,1584,0.043,31.6,31.7,0.35,Low
INC-00007,2019-01-07,USA,Finance,Banking-Core,DDoS,Hacktivist,Unpatched Software,Firewall,6875,660,0.018,0.9,7.6,0.418,Low
INC-00008,2019-01-09,Russia,Finance,Banking-Core,DDoS,Nation-State,Misconfiguration,Antivirus,16534,2116,0.044,4.1,13.9,0.253,Low
INC-00009,2019-01-10,UK,Energy,IoT-Grid,Malware,Cybercriminal,Unpatched Software,Antivirus,5396,3888,0.046,4.2,80.3,1.114,Medium
INC-00010,2019-01-11,UK,Education,Cloud-DC,DDoS,Hacktivist,Misconfiguration,Antivirus,897,38,0.001,0.3,18.2,0.239,Low
INC-00011,2019-01-11,China,Finance,Banking-Core,SQL Injection,Unknown,Misconfiguration,AI-based IDS,2862,144197,3.217,13.5,46.1,2.372,High
INC-00012,2019-01-12,Australia,Finance,Corporate-LAN,Malware,Cybercriminal,Unpatched Software,AI-based IDS,10374,54286,0.947,8.4,185.2,2.817,High
INC-00013,2019-01-14,Japan,Education,University-Campus,Ransomware,Cybercriminal,Unpatched Software,Firewall,45786,5301,0.089,2.4,42.1,0.619,Medium
INC-00014,2019-01-14,USA,Finance,Banking-Core,Phishing,Nation-State,Social Engineering,Firewall,925,83544,1.15,20.2,18.3,1.011,Medium
INC-00015,2019-01-15,France,Finance,Banking-Core,Man-in-the-Middle,Nation-State,Misconfiguration,Encryption,2916,208963,2.192,47.1,203.5,3.08,High
INC-00016,2019-01-16,Russia,Healthcare,Cloud-DC,Insider Threat,Insider,Excess Privileges,VPN,41,123442,1.752,43.2,48.7,0.997,Medium
INC-00017,2019-01-16,India,Retail,Corporate-LAN,Phishing,Cybercriminal,Social Engineering,Antivirus,4021,11849,0.13,,30.9,0.43,Low
INC-00018,2019-01-16,Brazil,Healthcare,Corporate-LAN,Malware,Cybercriminal,Unpatched Software,AI-based IDS,1873,18087,0.433,10.4,23.5,0.456,Low
INC-00019,2019-01-19,Russia,IT & Telecom,Cloud-DC,SQL Injection,Cybercriminal,Misconfiguration,Antivirus,1769,33092,0.575,52.6,39.7,0.527,Medium
INC-00020,2019-01-20,USA,Government,Cloud-DC,DDoS,Nation-State,Unpatched Software,Antivirus,18700,1289,0.027,0.7,8.5,0.265,Low
INC-00021,2019-01-21,Brazil,Energy,IoT-Grid,Ransomware,Cybercriminal,Weak Passwords,Firewall,24793,2425,0.068,15.1,78.8,3.67,High
INC-00022,2019-01-21,Brazil,IT & Telecom,Cloud-DC,DDoS,Hacktivist,Misconfiguration,VPN,5876,300,0.009,2.1,7.9,0.196,Low
INC-00023,2019-01-22,UK,Finance,Banking-Core,Insider Threat,Insider,Excess Privileges,AI-based IDS,23,235168,5.28,26.4,32.7,1.678,High
INC-00024,2019-01-24,USA,Education,University-Campus,Ransomware,Cybercriminal,Unpatched Software,MFA,3710,150522,2.054,19.0,42.5,1.078,Medium
INC-00025,2019-01-24,India,Energy,Corporate-LAN,Ransomware,Hacktivist,Weak Passwords,Firewall,1503,76077,1.948,4.0,54.0,1.511,High
INC-00026,2019-01-26,Australia,Government,Corporate-LAN,DDoS,Cybercriminal,Misconfiguration,Antivirus,72224,744,0.008,1.1,10.5,0.493,Low
INC-00027,2019-01-27,Australia,Healthcare,Corporate-LAN,Phishing,Nation-State,Social Engineering,MFA,5492,4501,0.115,7.5,33.1,0.337,Low
INC-00028,2019-01-28,Germany,Healthcare,Corporate-LAN,Ransomware,Cybercriminal,Social Engineering,Antivirus,25025,215697,2.474,4.3,71.5,3.504,High
INC-00029,2019-01-28,China,IT & Telecom,Cloud-DC,SQL Injection,Cybercriminal,Misconfiguration,Encryption,303,49166,1.403,37.3,38.3,0.437,Low
INC-00030,2019-01-28,Australia,Energy,IoT-Grid,Ransomware,Cybercriminal,Unpatched Software,MFA,78624,19022,0.265,2.0,76.6,2.911,High
INC-00031,2019-02-01,USA,Education,Cloud-DC,Insider Threat,Insider,Excess Privileges,Antivirus,1553,108859,1.893,71.7,64.1,0.587,Medium
INC-00032,2019-02-02,UK,Government,Cloud-DC,Zero-Day Exploit,Nation-State,Zero-Day,Antivirus,5086,16680,0.409,7.7,138.0,1.181,Medium
INC-00033,2019-02-03,China,IT & Telecom,Corporate-LAN,DDoS,Cybercriminal,Unpatched Software,VPN,5415,490,0.009,0.8,11.8,0.199,Low
INC-00034,2019-02-03,Australia,IT & Telecom,Cloud-DC,SQL Injection,Cybercriminal,Unpatched Software,VPN,2179,12387,0.247,11.7,30.8,0.306,Low
INC-00035,2019-02-03,Germany,Education,University-Campus,Phishing,Cybercriminal,Social Engineering,Encryption,190,44064,1.268,34.9,59.5,0.744,Medium
INC-00036,2019-02-03,China,Retail,Cloud-DC,SQL Injection,Hacktivist,Misconfiguration,AI-based IDS,5036,19504,0.407,3.8,44.3,0.404,Low
INC-00037,2019-02-03,Brazil,IT & Telecom,Cloud-DC,Phishing,Cybercriminal,Weak Passwords,MFA,3236,149754,4.379,60.0,43.9,1.33,Medium
INC-00038,2019-02-05,UK,Government,Cloud-DC,Credential Stuffing,Cybercriminal,Weak Passwords,Antivirus,8498,37738,0.937,45.0,45.2,0.642,Medium
INC-00039,2019-02-05,Australia,Retail,Cloud-DC,Insider Threat,Insider,Misconfiguration,Firewall,20,140557,3.476,276.7,172.5,1.342,Medium
INC-00040,2019-02-06,India,Government,Corporate-LAN,Malware,Unknown,Unpatched Software,Firewall,859,4847,0.071,26.4,40.0,0.354,Low
INC-00041,2019-02-07,Brazil,IT & Telecom,Corporate-LAN,Phishing,Cybercriminal,Social Engineering,Encryption,17495,40381,0.75,16.0,22.7,0.482,Low
INC-00042,2019-02-08,Australia,Retail,Corporate-LAN,SQL Injection,Cybercriminal,Unpatched Software,Encryption,371,3788,0.069,37.8,64.0,0.549,Medium
INC-00043,2019-02-08,Germany,Healthcare,Cloud-DC,Ransomware,Hacktivist,Social Engineering,MFA,122,15183,0.411,5.4,74.6,1.696,High
INC-00044,2019-02-09,Germany,Retail,Cloud-DC,DDoS,Hacktivist,Misconfiguration,Firewall,221297,679,0.011,0.5,5.2,0.369,Low
INC-00045,2019-02-10,Brazil,Government,Corporate-LAN,Man-in-the-Middle,Nation-State,Misconfiguration,Antivirus,9156,204474,6.012,5.0,17.4,0.845,Medium
INC-00046,2019-02-12,Japan,Healthcare,Corporate-LAN,DDoS,Hacktivist,Misconfiguration,Firewall,8719,374,0.008,0.5,3.7,0.246,Low
INC-00047,2019-02-12,India,Education,University-Campus,Insider Threat,Insider,Excess Privileges,Encryption,72,74144,0.852,272.4,166.1,0.954,Medium
INC-00048,2019-02-12,Brazil,Education,University-Campus,Insider Threat,Insider,Excess Privileges,Firewall,938,64947,0.953,96.0,86.3,0.689,Medium
INC-00049,2019-02-13,France,Education,University-Campus,Ransomware,Nation-State,Weak Passwords,Firewall,63271,15750,0.46,1.7,48.4,1.372,Medium
INC-00050,2019-02-13,Germany,Healthcare,Corporate-LAN,Malware,Nation-State,Unpatched Software,MFA,11264,445699,9.466,96.0,131.9,5.994,Critical
INC-00051,2019-02-14,Russia,Healthcare,Cloud-DC,Phishing,Cybercriminal,Social Engineering,Antivirus,2487,31467,0.836,16.7,13.4,0.38,Low
INC-00052,2019-02-15,USA,Government,Cloud-DC,DDoS,Nation-State,Unpatched Software,VPN,9459,1101,0.028,0.3,5.7,0.267,Low
INC-00053,2019-02-16,UK,IT & Telecom,Cloud-DC,Insider Threat,Insider,Misconfiguration,Antivirus,415,258772,6.482,350.6,193.3,1.974,High
INC-00054,2019-02-17,China,Finance,Banking-Core,SQL Injection,Hacktivist,Unpatched Software,Firewall,2258,44090,0.92,17.4,35.5,0.985,Medium
INC-00055,2019-02-17,Australia,Retail,Cloud-DC,DDoS,Hacktivist,Unpatched Software,VPN,1146,334,0.009,0.6,5.6,0.15,Low
INC-00056,2019-02-20,India,Government,Cloud-DC,Phishing,Nation-State,Social Engineering,MFA,416,67634,1.214,38.5,38.5,0.478,Low
INC-00057,2019-02-21,USA,Finance,Cloud-DC,Ransomware,Cybercriminal,Unpatched Software,Firewall,731,5690,0.07,10.4,196.3,2.22,High
INC-00058,2019-02-22,UK,Government,Cloud-DC,Man-in-the-Middle,Unknown,Misconfiguration,Firewall,679,2073,0.042,29.1,39.6,0.291,Low
INC-00059,2019-02-22,Australia,Retail,Cloud-DC,SQL Injection,Cybercriminal,Unpatched Software,Encryption,1347,4152,0.042,6.3,16.7,0.185,Low
INC-00060,2019-02-23,UK,Energy,IoT-Grid,Ransomware,Cybercriminal,Weak Passwords,Antivirus,4687,386058,9.904,4.6,231.0,7.364,Critical
INC-00061,2019-02-25,Russia,IT & Telecom,Cloud-DC,SQL Injection,Cybercriminal,Misconfiguration,Firewall,1832,29061,0.385,34.8,67.8,0.881,Medium
INC-00062,2019-02-25,Australia,Education,University-Campus,DDoS,Nation-State,Misconfiguration,AI-based IDS,6375,786,0.016,0.1,10.9,0.139,Low
INC-00063,2019-02-26,USA,Education,University-Campus,DDoS,Cybercriminal,Misconfiguration,Encryption,3141,20487,0.494,3.7,11.2,0.165,Low
INC-00064,2019-02-28,USA,Government,Corporate-LAN,Man-in-the-Middle,Unknown,Misconfiguration,Encryption,11162,94065,2.18,19.5,245.3,3.104,High
INC-00065,2019-03-01,UK,Retail,Corporate-LAN,Credential Stuffing,Cybercriminal,Weak Passwords,VPN,88762,86391,2.171,40.6,101.6,1.148,Medium
INC-00066,2019-03-01,Germany,Healthcare,Cloud-DC,Phishing,Cybercriminal,Weak Passwords,Antivirus,6938,7466,0.082,16.8,34.0,0.581,Medium
INC-00067,2019-03-03,Japan,Retail,Corporate-LAN,Credential Stuffing,Cybercriminal,Weak Passwords,Antivirus,1450,15900,0.42,11.6,17.7,0.374,Low
INC-00068,2019-03-03,UK,Energy,Corporate-LAN,Phishing,Cybercriminal,Social Engineering,Firewall,8463,458,0.006,50.0,117.3,0.804,Medium
INC-00069,2019-03-03,Australia,Healthcare,Corporate-LAN,Phishing,Unknown,Unpatched Software,Firewall,4008,33157,0.607,,22.3,0.466,Low
INC-00070,2019-03-04,India,Education,University-Campus,DDoS,Cybercriminal,Misconfiguration,MFA,424,820,0.015,0.7,9.2,0.276,Low
INC-00071,2019-03-05,Germany,IT & Telecom,Corporate-LAN,Phishing,Nation-State,Social Engineering,MFA,8036,11358,0.184,12.4,19.2,0.182,Low
INC-00072,2019-03-06,Russia,Healthcare,Corporate-LAN,Ransomware,Cybercriminal,Social Engineering,Antivirus,6792,3882,0.101,5.0,28.9,2.514,High
INC-00073,2019-03-06,France,Healthcare,IoT-Grid,Malware,Unknown,Unpatched Software,Antivirus,11290,150342,2.942,7.3,278.2,3.052,High
INC-00074,2019-03-07,India,Education,University-Campus,DDoS,Hacktivist,Unpatched Software,Encryption,29755,8116,0.11,3.0,12.7,0.237,Low
INC-00075,2019-03-07,UK,Energy,IoT-Grid,Ransomware,Cybercriminal,Unpatched Software,Encryption,2007,110605,2.469,18.3,123.9,3.406,High
INC-00076,2019-03-09,Germany,Finance,Cloud-DC,DDoS,Hacktivist,Unpatched Software,AI-based IDS,2467,192,0.003,0.2,8.3,0.272,Low
INC-00077,2019-03-10,India,Healthcare,Cloud-DC,Ransomware,Unknown,Social Engineering,Antivirus,478,101196,2.144,1.8,65.1,2.592,High
INC-00078,2019-03-12,China,Retail,Corporate-LAN,Credential Stuffing,Cybercriminal,Weak Passwords,VPN,974,336943,8.309,72.8,55.6,2.493,High
INC-00079,2019-03-12,France,Healthcare,Corporate-LAN,Ransomware,Cybercriminal,Social Engineering,MFA,1223,13677,0.145,7.3,118.3,4.765,High
INC-00080,2019-03-12,USA,Retail,Cloud-DC,SQL Injection,Hacktivist,Misconfiguration,MFA,7286,27682,0.405,7.6,55.1,0.622,Medium
INC-00081,2019-03-12,Germany,IT & Telecom,Cloud-DC,Ransomware,Cybercriminal,Unpatched Software,Encryption,6125,52286,1.185,12.3,84.6,2.156,High
INC-00082,2019-03-12,Russia,Retail,Corporate-LAN,DDoS,Hacktivist,Unpatched Software,VPN,2569,16,0.0,1.3,12.9,0.288,Low
INC-00083,2019-03-13,India,Retail,Cloud-DC,Credential Stuffing,Cybercriminal,Misconfiguration,Firewall,1248,352310,6.695,13.1,35.8,2.564,High
INC-00084,2019-03-14,China,Healthcare,Cloud-DC,Phishing,Cybercriminal,Social Engineering,Firewall,966,16649,0.493,21.5,37.3,0.573,Medium
INC-00085,2019-03-14,Germany,Government,Corporate-LAN,Malware,Cybercriminal,Unpatched Software,MFA,1078,16063,0.349,20.7,101.9,1.599,High
INC-00086,2019-03-15,India,IT & Telecom,Cloud-DC,SQL Injection,Hacktivist,Unpatched Software,Firewall,5431,6980,0.122,11.0,31.6,0.458,Low
INC-00087,2019-03-16,Australia,Retail,Corporate-LAN,Credential Stuffing,Cybercriminal,Weak Passwords,AI-based IDS,3485,19762,0.327,17.3,60.5,0.646,Medium
INC-00088,2019-03-16,Japan,Retail,Cloud-DC,Phishing,Cybercriminal,Social Engineering,MFA,6103,16236,0.224,23.0,33.9,0.518,Medium
INC-00089,2019-03-17,Russia,Healthcare,Corporate-LAN,Ransomware,Cybercriminal,Social Engineering,Antivirus,7496,311681,5.167,7.3,25.7,3.41,High
INC-00090,2019-03-18,France,Retail,Cloud-DC,Ransomware,Cybercriminal,Unpatched Software,VPN,10839,28524,0.614,10.1,96.6,1.518,High
INC-00091,2019-03-19,UK,Government,Corporate-LAN,Zero-Day Exploit,Nation-State,Zero-Day,Firewall,1471,78557,2.273,110.6,91.9,1.368,Medium
INC-00092,2019-03-21,UK,Healthcare,Corporate-LAN,Phishing,Unknown,Social Engineering,AI-based IDS,697,55219,1.383,8.4,29.0,0.795,Medium
INC-00093,2019-03-23,Russia,Healthcare,IoT-Grid,Phishing,Nation-State,Social Engineering,Firewall,301,34887,0.922,66.1,47.0,0.757,Medium
INC-00094,2019-03-23,USA,Finance,Banking-Core,Malware,Nation-State,Social Engineering,MFA,2825,23655,0.654,5.6,12.5,0.537,Medium
INC-00095,2019-03-23,Japan,Finance,Cloud-DC,Man-in-the-Middle,Cybercriminal,Misconfiguration,Firewall,1633,8950,0.2,64.8,47.5,0.715,Medium
INC-00096,2019-03-23,Russia,Healthcare,Corporate-LAN,SQL Injection,Unknown,Misconfiguration,VPN,425,272454,5.982,6.3,22.0,2.225,High
INC-00097,2019-03-24,USA,Healthcare,Corporate-LAN,Phishing,Cybercriminal,Unpatched Software,AI-based IDS,2219,41485,1.013,15.1,23.5,0.552,Medium
INC-00098,2019-03-24,China,Government,Corporate-LAN,DDoS,Hacktivist,Misconfiguration,MFA,1507,710,0.01,0.5,12.5,0.165,Low
INC-00099,2019-03-24,China,Healthcare,Corporate-LAN,SQL Injection,Hacktivist,Misconfiguration,Antivirus,3816,1489,0.021,28.6,37.7,0.612,Medium
INC-00100,2019-03-25,USA,Finance,Cloud-DC,Credential Stuffing,Cybercriminal,Weak Passwords,Antivirus,54720,410728,4.587,13.4,67.7,3.551,High
INC-00101,2019-03-26,Australia,Government,Corporate-LAN,Malware,Nation-State,Social Engineering,Antivirus,311,2345,0.05,7.8,45.2,0.369,Low
INC-00102,2019-03-26,India,IT & Telecom,Corporate-LAN,Phishing,Nation-State,Social Engineering,VPN,2212,8701,0.12,10.9,14.9,0.281,Low
INC-00103,2019-03-27,UK,Finance,Banking-Core,Malware,Hacktivist,Social Engineering,AI-based IDS,8301,248557,6.731,3.7,19.6,2.187,High
INC-00104,2019-03-28,UK,IT & Telecom,Cloud-DC,DDoS,Cybercriminal,Unpatched Software,Firewall,37229,245,0.004,0.3,22.2,0.394,Low
INC-00105,2019-04-01,Germany,Energy,IoT-Grid,Insider Threat,Insider,Misconfiguration,VPN,52,1525983,21.805,92.5,70.1,6.703,Critical
INC-00106,2019-04-01,USA,Finance,Corporate-LAN,Ransomware,Unknown,Unpatched Software,Firewall,765,17043,0.425,1.9,56.8,3.783,High
INC-00107,2019-04-03,UK,Education,University-Campus,Malware,Cybercriminal,Social Engineering,Firewall,983,800,0.021,31.3,42.2,0.203,Low
INC-00108,2019-04-04,Brazil,Government,Corporate-LAN,DDoS,Cybercriminal,Misconfiguration,Encryption,33274,564,0.007,3.9,15.2,0.455,Low
INC-00109,2019-04-04,USA,Finance,Banking-Core,Credential Stuffing,Cybercriminal,Weak Passwords,Antivirus,643,14131,0.35,9.4,157.6,1.286,Medium
INC-00110,2019-04-04,Germany,Healthcare,IoT-Grid,Ransomware,Cybercriminal,Social Engineering,Firewall,443,80386,2.162,16.1,173.1,3.841,High
INC-00111,2019-04-05,Germany,Energy,Corporate-LAN,Malware,Hacktivist,Unpatched Software,Antivirus,2665,4122,0.082,17.1,56.3,0.896,Medium
INC-00112,2019-04-05,Japan,Finance,Banking-Core,Ransomware,Nation-State,Social Engineering,Firewall,6751,202691,4.515,2.2,127.5,5.211,Critical
INC-00113,2019-04-05,Brazil,Retail,Cloud-DC,Phishing,Cybercriminal,Social Engineering,Firewall,3465,12336,0.153,20.7,22.2,0.258,Low
INC-00114,2019-04-09,Japan,Healthcare,Corporate-LAN,DDoS,Cybercriminal,Misconfiguration,Antivirus,20016,331,0.008,2.1,17.8,0.306,Low
INC-00115,2019-04-12,France,Government,Corporate-LAN,Phishing,Cybercriminal,Weak Passwords,Firewall,1441,110385,2.451,142.5,95.2,1.368,Medium
INC-00116,2019-04-13,France,Retail,Corporate-LAN,Phishing,Cybercriminal,Social Engineering,Encryption,447,118326,3.486,9.3,16.2,1.188,Medium
INC-00117,2019-04-13,Brazil,Government,Cloud-DC,Phishing,Nation-State,Social Engineering,Encryption,16283,2689,0.042,4.5,33.8,0.317,Low
INC-00118,2019-04-14,USA,IT & Telecom,Corporate-LAN,DDoS,Hacktivist,Misconfiguration,MFA,1761,494,0.008,1.1,10.6,0.134,Low
INC-00119,2019-04-15,Australia,Government,Corporate-LAN,Zero-Day Exploit,Nation-State,Zero-Day,VPN,286,26263,0.51,111.8,87.9,0.756,Medium
INC-00120,2019-04-15,UK,Education,Cloud-DC,Phishing,Cybercriminal,Social Engineering,Firewall,756,39767,0.687,62.0,41.1,0.519,Medium
INC-00121,2019-04-16,Japan,Education,University-Campus,DDoS,Nation-State,Misconfiguration,Antivirus,6783,1683,0.03,0.2,10.8,0.11,Low
INC-00122,2019-04-17,UK,Education,University-Campus,SQL Injection,Unknown,Unpatched Software,Antivirus,2090,73274,1.423,9.4,27.9,0.597,Medium
INC-00123,2019-04-17,Australia,Education,Cloud-DC,DDoS,Nation-State,Misconfiguration,MFA,2921,2095,0.034,2.6,16.6,0.139,Low
INC-00124,2019-04-18,Germany,Healthcare,Cloud-DC,Insider Threat,Insider,Excess Privileges,MFA,443,129107,3.151,254.5,140.8,2.09,High
INC-00125,2019-04-18,Brazil,Energy,IoT-Grid,Malware,Nation-State,Unpatched Software,VPN,2086,4465,0.111,56.1,82.2,0.759,Medium
INC-00126,2019-04-19,India,Finance,Banking-Core,Phishing,Unknown,Social Engineering,AI-based IDS,10350,112975,2.272,10.0,25.4,0.654,Medium
INC-00127,2019-04-20,India,Education,Cloud-DC,Phishing,Cybercriminal,Social Engineering,Encryption,27070,2184126,34.803,14.3,19.1,6.151,Critical
INC-00128,2019-04-20,Russia,Government,Corporate-LAN,Zero-Day Exploit,Nation-State,Zero-Day,MFA,1903,7109,0.088,164.5,180.4,1.632,High
INC-00129,2019-04-22,Germany,Government,Corporate-LAN,Zero-Day Exploit,Cybercriminal,Zero-Day,Firewall,5380,19415,0.366,228.9,144.6,1.473,Medium
INC-00130,2019-04-22,Japan,IT & Telecom,Cloud-DC,DDoS,Nation-State,Unpatched Software,Firewall,41555,4105,0.082,1.2,8.0,0.336,Low
INC-00131,2019-04-24,UK,Finance,Cloud-DC,Ransomware,Cybercriminal,Social Engineering,AI-based IDS,7993,17547,0.29,1.8,65.3,1.486,Medium
INC-00132,2019-04-26,France,Finance,Banking-Core,Phishing,Cybercriminal,Unpatched Software,AI-based IDS,25585,109976,2.425,4.6,25.3,1.659,High
INC-00133,2019-04-27,Germany,Energy,Corporate-LAN,Ransomware,Cybercriminal,Unpatched Software,AI-based IDS,3220,39871,0.867,4.4,43.4,2.495,High
INC-00134,2019-04-28,USA,Energy,Corporate-LAN,Malware,Cybercriminal,Social Engineering,VPN,1199,133634,1.394,19.0,23.2,0.9,Medium
INC-00135,2019-04-28,UK,IT & Telecom,Cloud-DC,Phishing,Cybercriminal,Social Engineering,MFA,9333,2801,0.051,12.7,78.4,0.518,Medium
INC-00136,2019-05-03,India,Finance,Cloud-DC,Phishing,Hacktivist,Social Engineering,MFA,6603,6159,0.064,60.3,48.5,0.635,Medium
INC-00137,2019-05-03,Russia,Healthcare,Corporate-LAN,SQL Injection,Cybercriminal,Unpatched Software,AI-based IDS,1063,12515,0.265,2.2,63.8,0.938,Medium
INC-00138,2019-05-04,USA,IT & Telecom,Cloud-DC,Credential Stuffing,Cybercriminal,Weak Passwords,Firewall,3839,217891,5.268,80.0,66.3,1.995,High
INC-00139,2019-05-04,China,Finance,Cloud-DC,DDoS,Hacktivist,Misconfiguration,AI-based IDS,31199,180,0.002,0.7,4.1,0.37,Low
INC-00140,2019-05-06,Australia,Energy,IoT-Grid,Ransomware,Unknown,Unpatched Software,Firewall,1115,36275,0.518,,61.4,1.96,High
INC-00141,2019-05-08,UK,Healthcare,IoT-Grid,Malware,Nation-State,Unpatched Software,Encryption,5697,134381,1.455,13.2,45.3,1.197,Medium
INC-00142,2019-05-08,UK,Retail,Cloud-DC,Ransomware,Cybercriminal,Weak Passwords,Antivirus,2057,1538,0.032,25.1,71.0,2.659,High
INC-00143,2019-05-08,France,Education,Cloud-DC,Ransomware,Cybercriminal,Social Engineering,Antivirus,5892,158462,1.918,2.2,56.1,1.2,Medium
INC-00144,2019-05-10,Brazil,Energy,IoT-Grid,Phishing,Cybercriminal,Unpatched Software,Firewall,1354,117934,1.338,26.2,48.7,1.131,Medium
INC-00145,2019-05-10,Brazil,Retail,Cloud-DC,Ransomware,Cybercriminal,Weak Passwords,Firewall,3209,2547,0.033,4.4,87.9,2.309,High
INC-00146,2019-05-12,USA,Finance,Cloud-DC,Phishing,Cybercriminal,Social Engineering,Firewall,356,7665,0.098,32.4,40.7,0.622,Medium
INC-00147,2019-05-12,India,IT & Telecom,Cloud-DC,Zero-Day Exploit,Hacktivist,Zero-Day,Firewall,10962,2716,0.077,478.7,466.7,2.621,High
INC-00148,2019-05-13,USA,Government,Cloud-DC,SQL Injection,Cybercriminal,Misconfiguration,Firewall,669,1876,0.039,10.2,49.3,0.368,Low
INC-00149,2019-05-14,Russia,Healthcare,Cloud-DC,Phishing,Cybercriminal,Social Engineering,AI-based IDS,1143,13788,0.384,2.2,18.8,0.316,Low
INC-00150,2019-05-16,India,Retail,Corporate-LAN,DDoS,Nation-State,Misconfiguration,Firewall,7112,805,0.023,4.3,10.8,0.155,Low
INC-00151,2019-05-16,Japan,Energy,IoT-Grid,DDoS,Cybercriminal,Unpatched Software,Antivirus,7237,443,0.012,1.1,9.2,0.329,Low
INC-00152,2019-05-16,Japan,Government,Cloud-DC,Insider Threat,Insider,Misconfiguration,Firewall,541,174964,4.092,249.9,177.2,1.808,High
INC-00153,2019-05-17,Brazil,IT & Telecom,Cloud-DC,SQL Injection,Hacktivist,Misconfiguration,VPN,9751,54151,1.058,43.6,156.4,2.276,High
INC-00154,2019-05-18,China,Energy,IoT-Grid,DDoS,Cybercriminal,Unpatched Software,Firewall,61526,236,0.006,0.5,17.2,0.277,Low
INC-00155,2019-05-20,India,Government,Cloud-DC,DDoS,Cybercriminal,Unpatched Software,Firewall,104263,333,0.009,1.9,4.3,0.194,Low
INC-00156,2019-05-21,Russia,IT & Telecom,Corporate-LAN,DDoS,Hacktivist,Unpatched Software,AI-based IDS,48723,92,0.002,0.3,32.4,0.426,Low
INC-00157,2019-05-21,India,Retail,Corporate-LAN,SQL Injection,Cybercriminal,Unpatched Software,VPN,4950,34139,0.991,8.2,32.7,0.376,Low
INC-00158,2019-05-22,USA,IT & Telecom,Cloud-DC,DDoS,Hacktivist,Misconfiguration,Encryption,3157,841,0.019,1.4,12.0,0.226,Low
INC-00159,2019-05-24,India,Healthcare,Corporate-LAN,DDoS,Hacktivist,Misconfiguration,Firewall,4902,3047,0.063,3.7,6.3,0.33,Low
INC-00160,2019-05-24,India,Healthcare,Corporate-LAN,Ransomware,Cybercriminal,Unpatched Software,Antivirus,1099,111748,2.335,6.1,115.1,3.154,High
INC-00161,2019-05-24,USA,Healthcare,Cloud-DC,Phishing,Cybercriminal,Unpatched Software,VPN,2343,15178,0.3,46.9,108.6,1.419,Medium
INC-00162,2019-05-26,China,Government,Cloud-DC,Malware,Cybercriminal,Social Engineering,Antivirus,91,89265,2.026,7.0,36.1,0.709,Medium
INC-00163,2019-05-26,India,Healthcare,Corporate-LAN,Zero-Day Exploit,Unknown,Zero-Day,AI-based IDS,2452,14748,0.357,52.7,85.3,0.601,Medium
INC-00164,2019-05-26,USA,Finance,Banking-Core,Malware,Nation-State,Unpatched Software,Antivirus,140,9790,0.18,13.0,43.5,0.628,Medium
INC-00165,2019-05-26,India,Government,Corporate-LAN,Ransomware,Hacktivist,Unpatched Software,Firewall,1027,8753,0.187,7.1,92.4,2.026,High
INC-00166,2019-05-27,India,Retail,Cloud-DC,Ransomware,Cybercriminal,Weak Passwords,Firewall,7891,91145,2.582,10.8,119.0,2.757,High
INC-00167,2019-05-27,Japan,Government,Corporate-LAN,Phishing,Cybercriminal,Social Engineering,AI-based IDS,3260,361504,9.626,12.7,42.2,1.774,High
INC-00168,2019-05-28,Germany,IT & Telecom,Corporate-LAN,Ransomware,Cybercriminal,Social Engineering,Firewall,817,64429,1.932,3.5,65.2,2.152,High
INC-00169,2019-05-28,UK,Education,University-Campus,Malware,Cybercriminal,Social Engineering,MFA,15751,15199,0.295,8.3,22.4,0.22,Low
INC-00170,2019-05-28,Russia,Finance,Banking-Core,Credential Stuffing,Cybercriminal,Weak Passwords,VPN,592,56845,1.301,23.5,28.6,1.044,Medium
INC-00171,2019-05-28,India,Healthcare,Cloud-DC,Malware,Nation-State,Social Engineering,Antivirus,5117,188629,3.607,,57.5,1.256,Medium
INC-00172,2019-05-28,France,Finance,Corporate-LAN,SQL Injection,Cybercriminal,Misconfiguration,Antivirus,902,796348,16.906,10.2,21.1,5.584,Critical
INC-00173,2019-06-02,China,Healthcare,Corporate-LAN,Insider Threat,Insider,Excess Privileges,MFA,85,721909,17.47,116.1,94.0,3.787,High
INC-00174,2019-06-02,Brazil,Education,University-Campus,DDoS,Hacktivist,Unpatched Software,Antivirus,32378,6695,0.111,1.4,4.6,0.232,Low
INC-00175,2019-06-03,Australia,Education,University-Campus,Phishing,Cybercriminal,Social Engineering,Antivirus,2394,70080,1.338,106.5,67.9,0.765,Medium
INC-00176,2019-06-03,Germany,Healthcare,Corporate-LAN,Credential Stuffing,Cybercriminal,Weak Passwords,Antivirus,36486,50116,0.911,11.0,102.9,0.982,Medium
INC-00177,2019-06-03,Japan,Finance,Banking-Core,DDoS,Cybercriminal,Misconfiguration,VPN,2933,3024,0.06,0.3,5.3,0.282,Low
INC-00178,2019-06-04,India,Energy,IoT-Grid,Malware,Unknown,Social Engineering,AI-based IDS,919,5325,0.112,5.5,24.1,0.27,Low
INC-00179,2019-06-05,USA,Energy,IoT-Grid,Zero-Day Exploit,Unknown,Zero-Day,Firewall,613,2264,0.053,22.1,179.8,1.987,High
INC-00180,2019-06-05,Germany,Education,University-Campus,DDoS,Cybercriminal,Unpatched Software,AI-based IDS,2498,65,0.001,0.7,6.3,0.107,Low
INC-00181,2019-06-06,USA,Healthcare,IoT-Grid,Man-in-the-Middle,Cybercriminal,Misconfiguration,Antivirus,829,32623,0.975,69.3,106.0,1.309,Medium
INC-00182,2019-06-08,Australia,Retail,Corporate-LAN,Credential Stuffing,Cybercriminal,Weak Passwords,Antivirus,10513,71714,1.939,0.6,45.4,1.072,Medium
INC-00183,2019-06-08,Japan,Finance,Cloud-DC,DDoS,Nation-State,Misconfiguration,VPN,1112,3004,0.078,2.9,9.7,0.362,Low
INC-00184,2019-06-09,UK,Education,Cloud-DC,SQL Injection,Unknown,Misconfiguration,MFA,181,56759,0.924,5.9,24.8,0.329,Low
INC-00185,2019-06-10,UK,Finance,Banking-Core,Ransomware,Cybercriminal,Social Engineering,AI-based IDS,1749,21667,0.545,2.4,43.4,2.236,High
INC-00186,2019-06-10,Japan,Education,Cloud-DC,SQL Injection,Hacktivist,Misconfiguration,MFA,3493,680990,17.649,9.2,31.5,2.166,High
INC-00187,2019-06-10,USA,IT & Telecom,Corporate-LAN,Zero-Day Exploit,Hacktivist,Zero-Day,Firewall,595,75403,2.138,40.6,103.4,1.186,Medium
INC-00188,2019-06-11,UK,Government,Cloud-DC,Zero-Day Exploit,Unknown,Zero-Day,Antivirus,4991,11548,0.312,153.1,231.9,1.866,High
INC-00189,2019-06-11,USA,IT & Telecom,Cloud-DC,DDoS,Hacktivist,Unpatched Software,MFA,10642,165,0.004,1.0,7.4,0.206,Low
INC-00190,2019-06-12,India,Healthcare,Corporate-LAN,Phishing,Cybercriminal,Social Engineering,Encryption,4891,54162,0.634,14.6,67.8,1.847,High
INC-00191,2019-06-12,China,Finance,Cloud-DC,DDoS,Hacktivist,Unpatched Software,Antivirus,14496,452,0.005,0.7,13.4,0.274,Low
INC-00192,2019-06-13,USA,Retail,Cloud-DC,SQL Injection,Hacktivist,Misconfiguration,AI-based IDS,2761,80561,1.867,9.2,35.1,0.573,Medium
INC-00193,2019-06-14,France,IT & Telecom,Cloud-DC,Credential Stuffing,Cybercriminal,Weak Passwords,Firewall,593,18173,0.464,21.7,61.0,0.75,Medium
INC-00194,2019-06-15,Germany,Education,Cloud-DC,Ransomware,Cybercriminal,Social Engineering,AI-based IDS,6013,33512,0.604,0.6,230.2,1.198,Medium
INC-00195,2019-06-15,USA,Retail,Corporate-LAN,SQL Injection,Cybercriminal,Misconfiguration,Firewall,1454,86318,2.37,6.5,28.1,0.67,Medium
INC-00196,2019-06-16,Japan,Finance,Banking-Core,Phishing,Hacktivist,Social Engineering,Encryption,641,5985,0.16,,56.6,1.054,Medium
INC-00197,2019-06-17,Japan,Finance,Banking-Core,Phishing,Cybercriminal,Weak Passwords,Firewall,741,95545,2.031,9.0,57.4,0.888,Medium
INC-00198,2019-06-17,USA,Retail,Cloud-DC,Credential Stuffing,Hacktivist,Weak Passwords,Antivirus,7218,359606,10.776,26.4,52.3,1.192,Medium
INC-00199,2019-06-19,USA,Retail,Cloud-DC,DDoS,Hacktivist,Unpatched Software,VPN,3360,2152,0.027,0.9,22.8,0.377,Low
INC-00200,2019-06-19,UK,Finance,Banking-Core,Phishing,Cybercriminal,Social Engineering,Firewall,4255,14912,0.202,65.8,58.0,0.685,Medium
INC-00201,2019-06-22,India,Education,University-Campus,Man-in-the-Middle,Cybercriminal,Weak Passwords,MFA,22137,6616,0.085,15.3,17.1,0.19,Low
INC-00202,2019-06-22,Japan,Healthcare,Cloud-DC,Ransomware,Nation-State,Unpatched Software,MFA,350,99379,2.177,10.1,134.7,3.128,High
INC-00203,2019-06-22,UK,Retail,Cloud-DC,Phishing,Nation-State,Social Engineering,Encryption,562,129451,2.025,82.5,54.0,1.179,Medium
INC-00204,2019-06-23,Germany,Education,University-Campus,Phishing,Cybercriminal,Social Engineering,Encryption,386,27816,0.294,8.7,50.4,0.499,Low
INC-00205,2019-06-23,Brazil,IT & Telecom,Cloud-DC,SQL Injection,Cybercriminal,Unpatched Software,Antivirus,6622,13203,0.169,20.8,74.7,0.541,Medium
INC-00206,2019-06-25,USA,IT & Telecom,Corporate-LAN,DDoS,Hacktivist,Unpatched Software,Antivirus,12383,1109,0.027,0.4,21.8,0.291,Low
INC-00207,2019-06-28,France,IT & Telecom,Cloud-DC,SQL Injection,Hacktivist,Misconfiguration,MFA,5233,109124,1.491,9.0,72.0,1.222,Medium
INC-00208,2019-07-01,China,Healthcare,Corporate-LAN,Ransomware,Hacktivist,Unpatched Software,Antivirus,4747,547965,13.339,4.0,61.5,10.791,Critical
INC-00209,2019-07-02,Japan,Finance,Banking-Core,Credential Stuffing,Cybercriminal,Weak Passwords,Encryption,1387,5463,0.162,16.8,84.7,0.77,Medium
INC-00210,2019-07-03,UK,Healthcare,Corporate-LAN,Phishing,Cybercriminal,Social Engineering,Firewall,4751,68641,1.828,41.0,44.0,1.278,Medium
INC-00211,2019-07-04,USA,Government,Corporate-LAN,Ransomware,Cybercriminal,Social Engineering,MFA,101879,159694,3.754,7.4,510.9,4.829,High
INC-00212,2019-07-05,Brazil,IT & Telecom,Cloud-DC,Zero-Day Exploit,Nation-State,Zero-Day,MFA,2428,24855,0.406,147.9,253.3,3.221,High
INC-00213,2019-07-06,China,Retail,Cloud-DC,Phishing,Cybercriminal,Social Engineering,MFA,33905,5495,0.154,2.3,42.1,0.504,Medium
INC-00214,2019-07-06,France,Retail,Cloud-DC,SQL Injection,Cybercriminal,Misconfiguration,Antivirus,93,29358,0.511,60.1,80.4,1.042,Medium
INC-00215,2019-07-06,China,Healthcare,Cloud-DC,SQL Injection,Cybercriminal,Misconfiguration,Firewall,4473,163981,4.426,10.4,66.2,1.414,Medium
INC-00216,2019-07-06,USA,Retail,Corporate-LAN,Ransomware,Cybercriminal,Social Engineering,Firewall,963,108634,2.516,9.2,42.5,2.471,High
INC-00217,2019-07-07,India,Healthcare,Cloud-DC,Phishing,Cybercriminal,Social Engineering,AI-based IDS,622,30369,0.53,11.6,67.1,1.142,Medium
INC-00218,2019-07-08,USA,Government,Cloud-DC,Phishing,Nation-State,Social Engineering,MFA,1609,39398,0.685,10.4,89.7,0.838,Medium
INC-00219,2019-07-08,Germany,Education,University-Campus,DDoS,Hacktivist,Unpatched Software,MFA,8316,60,0.001,0.2,35.4,0.301,Low
INC-00220,2019-07-10,India,Energy,IoT-Grid,Malware,Cybercriminal,Social Engineering,AI-based IDS,15245,40768,0.855,6.8,12.8,0.439,Low
INC-00221,2019-07-12,USA,IT & Telecom,Corporate-LAN,Phishing,Cybercriminal,Social Engineering,MFA,8823,2758,0.067,46.0,48.4,0.57,Medium
INC-00222,2019-07-13,UK,Education,University-Campus,DDoS,Hacktivist,Misconfiguration,Antivirus,8545,138,0.002,0.9,12.0,0.169,Low
INC-00223,2019-07-13,Australia,Finance,Cloud-DC,Phishing,Nation-State,Social Engineering,Antivirus,5898,111819,1.606,21.2,91.2,1.338,Medium
INC-00224,2019-07-15,India,Retail,Corporate-LAN,Insider Threat,Insider,Excess Privileges,Antivirus,279,20244,0.518,91.9,100.0,1.202,Medium
INC-00225,2019-07-16,China,Healthcare,Cloud-DC,Phishing,Cybercriminal,Social Engineering,Firewall,9511,4688,0.132,16.6,65.6,0.731,Medium
INC-00226,2019-07-17,USA,Healthcare,Corporate-LAN,Ransomware,Unknown,Unpatched Software,VPN,11307,112621,1.43,11.1,106.3,2.919,High
INC-00227,2019-07-18,Germany,Education,University-Campus,SQL Injection,Cybercriminal,Misconfiguration,VPN,616,101853,2.574,21.4,98.4,0.629,Medium
INC-00228,2019-07-19,Russia,Education,University-Campus,Phishing,Cybercriminal,Social Engineering,Antivirus,1329,9203,0.231,10.0,53.8,0.174,Low
INC-00229,2019-07-21,India,IT & Telecom,Cloud-DC,SQL Injection,Cybercriminal,Unpatched Software,MFA,1037,274502,5.432,1.7,86.8,2.341,High
INC-00230,2019-07-21,India,Government,Cloud-DC,Credential Stuffing,Nation-State,Misconfiguration,Firewall,624,104214,1.395,13.3,52.0,0.879,Medium
INC-00231,2019-07-21,Germany,Government,Cloud-DC,Zero-Day Exploit,Nation-State,Zero-Day,Antivirus,10847,67732,1.462,88.2,78.7,1.068,Medium
INC-00232,2019-07-22,Brazil,Government,Cloud-DC,DDoS,Hacktivist,Unpatched Software,Firewall,558,61,0.001,1.8,8.8,0.179,Low
INC-00233,2019-07-23,India,Government,Corporate-LAN,DDoS,Unknown,Misconfiguration,VPN,16210,1948,0.047,0.3,19.7,0.278,Low
INC-00234,2019-07-26,UK,IT & Telecom,Cloud-DC,Credential Stuffing,Cybercriminal,Weak Passwords,Antivirus,13935,6409,0.144,15.2,14.1,0.207,Low
INC-00235,2019-07-26,India,Retail,Cloud-DC,Phishing,Cybercriminal,Social Engineering,Encryption,1884,22733,0.395,32.9,45.4,0.635,Medium
INC-00236,2019-07-27,France,Retail,Cloud-DC,Credential Stuffing,Hacktivist,Weak Passwords,Firewall,1551,7523,0.219,9.0,35.4,0.357,Low
INC-00237,2019-07-27,USA,Healthcare,IoT-Grid,Zero-Day Exploit,Nation-State,Zero-Day,AI-based IDS,62224,6732,0.193,11.4,20.2,0.456,Low
INC-00238,2019-07-28,Germany,Healthcare,Corporate-LAN,Malware,Nation-State,Social Engineering,AI-based IDS,4048,3438,0.074,22.1,74.8,0.797,Medium
INC-00239,2019-08-02,USA,Finance,Banking-Core,DDoS,Cybercriminal,Unpatched Software,Antivirus,4312,776,0.008,0.4,11.1,0.329,Low
INC-00240,2019-08-03,Japan,Finance,Banking-Core,Phishing,Cybercriminal,Social Engineering,Encryption,279,13857,0.15,30.3,30.1,0.59,Medium
INC-00241,2019-08-03,Russia,IT & Telecom,Cloud-DC,Ransomware,Cybercriminal,Unpatched Software,Antivirus,1489,102158,2.836,11.8,158.8,5.915,Critical
INC-00242,2019-08-04,India,Healthcare,IoT-Grid,Insider Threat,Insider,Excess Privileges,Firewall,1295,10280,0.229,62.8,55.8,0.495,Low
INC-00243,2019-08-05,France,Government,Cloud-DC,Phishing,Unknown,Social Engineering,Antivirus,639,340883,8.414,76.4,139.3,2.495,High
INC-00244,2019-08-05,India,Education,University-Campus,Credential Stuffing,Cybercriminal,Weak Passwords,Firewall,15641,51559,1.183,75.6,109.0,0.87,Medium
INC-00245,2019-08-06,China,Finance,Banking-Core,Malware,Cybercriminal,Social Engineering,Firewall,3714,13397,0.309,13.5,34.0,0.742,Medium
INC-00246,2019-08-07,India,IT & Telecom,Corporate-LAN,Insider Threat,Insider,Excess Privileges,Encryption,119,14184,0.181,74.9,57.3,0.821,Medium
INC-00247,2019-08-08,USA,Healthcare,Corporate-LAN,Phishing,Nation-State,Social Engineering,Firewall,922,2726,0.071,33.0,40.3,0.663,Medium
INC-00248,2019-08-08,Australia,Retail,Corporate-LAN,Malware,Cybercriminal,Unpatched Software,Encryption,9912,3946,0.105,38.8,95.6,0.794,Medium
INC-00249,2019-08-09,Australia,IT & Telecom,Corporate-LAN,Phishing,Cybercriminal,Social Engineering,Antivirus,7463,5456,0.135,10.2,102.7,0.84,Medium
INC-00250,2019-08-09,Japan,IT & Telecom,Cloud-DC,Ransomware,Unknown,Social Engineering,Encryption,5715,1085,0.028,4.2,60.4,3.456,High
INC-00251,2019-08-10,India,Energy,IoT-Grid,DDoS,Hacktivist,Misconfiguration,Encryption,4631,356,0.009,0.8,16.4,0.386,Low
INC-00252,2019-08-10,USA,Healthcare,IoT-Grid,Ransomware,Cybercriminal,Unpatched Software,AI-based IDS,10052,32707,0.538,4.6,116.9,5.288,Critical
INC-00253,2019-08-11,France,IT & Telecom,Cloud-DC,SQL Injection,Hacktivist,Misconfiguration,Firewall,1873,823077,23.15,32.8,31.4,4.97,High
INC-00254,2019-08-16,UK,Government,Cloud-DC,Malware,Cybercriminal,Social Engineering,Antivirus,434,150218,3.061,5.8,77.3,1.097,Medium
INC-00255,2019-08-17,Germany,IT & Telecom,Cloud-DC,Phishing,Nation-State,Social Engineering,Firewall,17038,16104,0.382,11.5,20.8,0.441,Low
INC-00256,2019-08-18,Australia,Energy,IoT-Grid,Malware,Unknown,Unpatched Software,Antivirus,1778,4916,0.115,9.6,54.9,0.751,Medium
INC-00257,2019-08-19,Brazil,IT & Telecom,Corporate-LAN,Ransomware,Cybercriminal,Unpatched Software,VPN,1834,70626,1.539,5.3,343.7,4.194,High
INC-00258,2019-08-19,France,Finance,Cloud-DC,Ransomware,Cybercriminal,Unpatched Software,Firewall,2404,771490,17.718,25.5,168.4,9.87,Critical
INC-00259,2019-08-20,China,Healthcare,IoT-Grid,Ransomware,Cybercriminal,Social Engineering,MFA,2216,16946,0.232,45.7,243.3,4.764,High
INC-00260,2019-08-21,France,Retail,Corporate-LAN,SQL Injection,Cybercriminal,Unpatched Software,VPN,5124,99087,1.927,25.3,35.6,0.778,Medium
INC-00261,2019-08-21,Australia,Retail,Cloud-DC,Ransomware,Nation-State,Unpatched Software,MFA,6896,245144,6.197,12.9,97.6,2.939,High
INC-00262,2019-08-22,Japan,Education,University-Campus,SQL Injection,Cybercriminal,Unpatched Software,Firewall,4064,225057,6.472,7.5,38.8,0.793,Medium
INC-00263,2019-08-23,Brazil,Finance,Banking-Core,DDoS,Cybercriminal,Misconfiguration,MFA,5699,1355,0.027,11.6,16.6,0.364,Low
INC-00264,2019-08-24,Germany,IT & Telecom,Cloud-DC,Zero-Day Exploit,Nation-State,Zero-Day,VPN,9840,50896,0.955,62.2,72.1,0.471,Low
INC-00265,2019-08-24,Russia,Finance,Corporate-LAN,Phishing,Cybercriminal,Social Engineering,Firewall,429,15383,0.363,25.8,36.4,0.607,Medium
INC-00266,2019-08-24,Germany,Finance,Banking-Core,Ransomware,Cybercriminal,Unpatched Software,MFA,1233,137667,1.97,8.7,33.0,2.814,High
INC-00267,2019-08-26,Russia,IT & Telecom,Corporate-LAN,Zero-Day Exploit,Cybercriminal,Zero-Day,AI-based IDS,5136,50900,1.4,36.6,98.8,0.771,Medium
INC-00268,2019-08-26,Brazil,Finance,Cloud-DC,Phishing,Hacktivist,Social Engineering,AI-based IDS,2831,13026,0.218,9.0,19.9,0.527,Medium
INC-00269,2019-08-27,USA,Healthcare,Corporate-LAN,DDoS,Nation-State,Misconfiguration,Firewall,21240,473,0.012,0.7,16.7,0.278,Low
INC-00270,2019-08-28,Japan,IT & Telecom,Corporate-LAN,Credential Stuffing,Cybercriminal,Weak Passwords,Firewall,14664,3321,0.057,12.3,17.8,0.214,Low
INC-00271,2019-09-01,USA,Retail,Cloud-DC,Phishing,Nation-State,Social Engineering,MFA,1384,6350,0.155,22.4,29.6,0.57,Medium
INC-00272,2019-09-02,USA,Government,Cloud-DC,Zero-Day Exploit,Nation-State,Zero-Day,MFA,5483,34987,0.914,99.8,145.3,0.709,Medium
INC-00273,2019-09-03,UK,Government,Corporate-LAN,SQL Injection,Cybercriminal,Misconfiguration,AI-based IDS,5072,76331,1.124,,51.4,1.733,High
INC-00274,2019-09-03,India,Healthcare,IoT-Grid,Phishing,Cybercriminal,Social Engineering,Encryption,6236,219768,4.656,8.0,47.9,1.392,Medium
INC-00275,2019-09-04,France,Finance,Banking-Core,Man-in-the-Middle,Hacktivist,Misconfiguration,AI-based IDS,859,514,0.014,54.2,87.1,1.158,Medium
INC-00276,2019-09-05,Germany,Finance,Banking-Core,Credential Stuffing,Cybercriminal,Weak Passwords,Encryption,326,35443,0.722,55.7,66.2,0.787,Medium
INC-00277,2019-09-06,France,IT & Telecom,Cloud-DC,SQL Injection,Unknown,Unpatched Software,Encryption,2202,8786,0.121,66.2,58.7,0.741,Medium
INC-00278,2019-09-06,USA,Government,Corporate-LAN,Zero-Day Exploit,Nation-State,Zero-Day,MFA,64221,977916,15.354,73.7,288.4,7.479,Critical
INC-00279,2019-09-08,Russia,Finance,Banking-Core,DDoS,Hacktivist,Unpatched Software,AI-based IDS,25368,136,0.001,0.9,10.6,0.309,Low
INC-00280,2019-09-09,USA,Healthcare,Corporate-LAN,Malware,Unknown,Unpatched Software,VPN,6501,15910,0.246,58.4,61.8,0.883,Medium
INC-00281,2019-09-09,Australia,Government,Corporate-LAN,Credential Stuffing,Cybercriminal,Weak Passwords,VPN,12855,73015,1.861,11.4,144.2,2.202,High
INC-00282,2019-09-09,Russia,IT & Telecom,Cloud-DC,DDoS,Cybercriminal,Unpatched Software,MFA,7130,189,0.004,0.7,6.7,0.171,Low
INC-00283,2019-09-10,Australia,Finance,Banking-Core,Credential Stuffing,Cybercriminal,Weak Passwords,Antivirus,793,5848,0.077,40.7,47.3,0.638,Medium
INC-00284,2019-09-10,Japan,Healthcare,Corporate-LAN,Phishing,Cybercriminal,Weak Passwords,Antivirus,2139,4126,0.071,26.0,33.1,0.378,Low
INC-00285,2019-09-11,UK,Healthcare,Corporate-LAN,Malware,Nation-State,Unpatched Software,Antivirus,2861,6104,0.119,81.2,144.4,1.825,High
INC-00286,2019-09-12,Japan,Retail,Corporate-LAN,Malware,Nation-State,Social Engineering,Encryption,5715,7326,0.075,5.4,48.2,0.747,Medium
INC-00287,2019-09-12,Australia,Retail,Corporate-LAN,Phishing,Cybercriminal,Social Engineering,Firewall,209,10823,0.177,61.5,38.6,0.786,Medium
INC-00288,2019-09-12,USA,Energy,IoT-Grid,Zero-Day Exploit,Unknown,Zero-Day,Antivirus,790,119313,1.711,170.1,191.8,1.911,High
INC-00289,2019-09-12,UK,Retail,Corporate-LAN,SQL Injection,Unknown,Unpatched Software,MFA,3665,128889,2.071,12.0,82.0,0.972,Medium
INC-00290,2019-09-12,China,IT & Telecom,Cloud-DC,Phishing,Cybercriminal,Social Engineering,Antivirus,151,5627,0.143,37.3,187.9,1.676,High
INC-00291,2019-09-13,India,Education,University-Campus,DDoS,Nation-State,Misconfiguration,Encryption,5704,1923,0.052,1.9,4.7,0.155,Low
INC-00292,2019-09-14,India,Healthcare,Corporate-LAN,Phishing,Unknown,Unpatched Software,Firewall,3487,23638,0.689,28.0,23.0,0.558,Medium
INC-00293,2019-09-14,USA,Retail,Cloud-DC,DDoS,Hacktivist,Unpatched Software,VPN,5111,208,0.005,1.2,33.7,0.522,Medium
INC-00294,2019-09-15,Germany,Government,Corporate-LAN,Zero-Day Exploit,Hacktivist,Zero-Day,Antivirus,435,54901,1.612,1909.6,1012.7,7.269,Critical
INC-00295,2019-09-16,India,Government,Cloud-DC,Zero-Day Exploit,Nation-State,Zero-Day,Antivirus,40185,23945,0.63,270.8,161.9,1.162,Medium
INC-00296,2019-09-16,France,Retail,Corporate-LAN,Credential Stuffing,Cybercriminal,Weak Passwords,Antivirus,2274,3069,0.086,24.5,42.0,0.312,Low
INC-00297,2019-09-17,India,Government,Corporate-LAN,Malware,Cybercriminal,Unpatched Software,AI-based IDS,473,9929,0.235,15.3,47.0,0.475,Low
INC-00298,2019-09-18,Japan,Retail,Cloud-DC,Phishing,Nation-State,Social Engineering,Antivirus,164,45298,1.329,55.9,43.3,0.44,Low
INC-00299,2019-09-19,France,Retail,Cloud-DC,Malware,Cybercriminal,Unpatched Software,Firewall,975,2224,0.041,25.7,27.7,0.26,Low
INC-00300,2019-09-20,USA,Retail,Cloud-DC,Phishing,Cybercriminal,Social Engineering,Antivirus,407,86041,1.911,21.9,48.6,1.112,Medium
INC-00301,2019-09-20,UK,Energy,IoT-Grid,Malware,Unknown,Social Engineering,Antivirus,461,352410,4.386,11.4,17.1,2.417,High
INC-00302,2019-09-20,China,Finance,Corporate-LAN,Credential Stuffing,Cybercriminal,Weak Passwords,AI-based IDS,3303,5885,0.144,4.7,17.8,0.625,Medium
INC-00303,2019-09-21,Australia,Healthcare,Corporate-LAN,Man-in-the-Middle,Cybercriminal,Misconfiguration,Antivirus,1454,19551,0.581,100.8,172.4,1.917,High
INC-00304,2019-09-23,China,Education,Cloud-DC,DDoS,Hacktivist,Misconfiguration,MFA,19013,1181,0.033,1.2,11.7,0.186,Low
INC-00305,2019-09-24,Russia,Finance,Banking-Core,DDoS,Cybercriminal,Unpatched Software,VPN,39035,24,0.001,0.5,7.9,0.348,Low
INC-00306,2019-09-25,France,Finance,Cloud-DC,Ransomware,Cybercriminal,Social Engineering,AI-based IDS,3441,24058,0.496,15.5,56.6,2.134,High
INC-00307,2019-09-26,Brazil,Finance,Cloud-DC,Malware,Cybercriminal,Social Engineering,MFA,3279,21177,0.305,15.3,34.0,0.709,Medium
INC-00308,2019-09-27,Germany,Government,Cloud-DC,Man-in-the-Middle,Cybercriminal,Unpatched Software,AI-based IDS,2226,27118,0.662,57.2,51.1,0.575,Medium
INC-00309,2019-09-27,Germany,Government,Cloud-DC,Zero-Day Exploit,Cybercriminal,Zero-Day,Firewall,1993,28715,0.706,68.3,62.3,0.473,Low
INC-00310,2019-09-27,China,IT & Telecom,Cloud-DC,Phishing,Cybercriminal,Social Engineering,MFA,351,19747,0.342,53.1,51.6,0.292,Low
INC-00311,2019-09-27,Japan,Retail,Corporate-LAN,SQL Injection,Cybercriminal,Misconfiguration,Firewall,9157,39940,0.546,39.3,53.5,0.547,Medium
INC-00312,2019-09-28,UK,Retail,Cloud-DC,Phishing,Unknown,Social Engineering,Firewall,293,32089,0.623,5.1,24.9,0.516,Medium
INC-00313,2019-09-28,USA,Energy,IoT-Grid,Ransomware,Cybercriminal,Unpatched Software,Antivirus,136,107715,1.58,7.7,86.1,2.578,High
INC-00314,2019-10-01,Australia,Education,Cloud-DC,Phishing,Unknown,Social Engineering,Antivirus,511,378436,9.015,12.5,28.3,1.027,Medium
INC-00315,2019-10-01,UK,Finance,Banking-Core,Ransomware,Cybercriminal,Unpatched Software,VPN,1476,584809,13.645,4.0,31.1,5.061,Critical
INC-00316,2019-10-01,India,Healthcare,Cloud-DC,Phishing,Cybercriminal,Social Engineering,MFA,253,12018,0.134,16.7,20.1,0.634,Medium
INC-00317,2019-10-03,India,Finance,Cloud-DC,SQL Injection,Cybercriminal,Misconfiguration,MFA,4651,19749,0.265,13.5,60.1,1.108,Medium
INC-00318,2019-10-03,France,Retail,Corporate-LAN,SQL Injection,Hacktivist,Misconfiguration,Firewall,4611,62701,1.565,23.8,41.2,0.731,Medium
INC-00319,2019-10-04,USA,IT & Telecom,Corporate-LAN,DDoS,Cybercriminal,Unpatched Software,Encryption,48135,1554,0.028,0.7,10.6,0.298,Low
INC-00320,2019-10-05,Germany,IT & Telecom,Corporate-LAN,Credential Stuffing,Cybercriminal,Weak Passwords,Encryption,18191,5987,0.065,,40.5,0.767,Medium
INC-00321,2019-10-05,Japan,IT & Telecom,Cloud-DC,Man-in-the-Middle,Nation-State,Unpatched Software,Firewall,13842,152730,3.492,57.5,37.1,0.954,Medium
INC-00322,2019-10-05,Australia,Energy,IoT-Grid,Ransomware,Cybercriminal,Unpatched Software,Antivirus,952,866,0.013,2.3,150.2,3.394,High
INC-00323,2019-10-07,Brazil,Government,Corporate-LAN,Ransomware,Cybercriminal,Weak Passwords,Firewall,1831,18782,0.554,6.5,124.7,3.075,High
INC-00324,2019-10-08,USA,Healthcare,Corporate-LAN,Ransomware,Cybercriminal,Social Engineering,Encryption,520,20409,0.389,1.7,54.3,1.762,High
INC-00325,2019-10-08,UK,Government,Corporate-LAN,Malware,Cybercriminal,Social Engineering,Firewall,14333,3621,0.036,2.8,39.2,0.354,Low
INC-00326,2019-10-09,Australia,Healthcare,Corporate-LAN,Malware,Nation-State,Unpatched Software,Firewall,4504,70920,1.61,20.9,32.2,0.773,Medium
INC-00327,2019-10-09,USA,Healthcare,Cloud-DC,Malware,Cybercriminal,Social Engineering,MFA,1839,4032,0.112,73.5,77.9,0.991,Medium
INC-00328,2019-10-09,India,Government,Corporate-LAN,DDoS,Hacktivist,Unpatched Software,Antivirus,17070,1839,0.029,2.5,13.3,0.265,Low
INC-00329,2019-10-10,India,Energy,Corporate-LAN,Ransomware,Cybercriminal,Weak Passwords,MFA,4211,20656,0.375,3.3,33.3,2.354,High
INC-00330,2019-10-11,USA,IT & Telecom,Cloud-DC,Zero-Day Exploit,Cybercriminal,Zero-Day,MFA,10261,5949,0.097,85.6,164.1,0.79,Medium
INC-00331,2019-10-12,USA,Education,Cloud-DC,Ransomware,Cybercriminal,Social Engineering,Antivirus,2758,54195,0.757,0.7,67.1,1.985,High
INC-00332,2019-10-13,Japan,Healthcare,IoT-Grid,Phishing,Hacktivist,Social Engineering,Encryption,11310,204410,4.203,9.4,74.7,1.852,High
INC-00333,2019-10-13,Germany,Finance,Cloud-DC,Phishing,Cybercriminal,Social Engineering,MFA,956,37675,0.417,11.3,18.3,0.868,Medium
INC-00334,2019-10-14,India,Government,Cloud-DC,Malware,Unknown,Weak Passwords,Antivirus,16739,38622,0.444,22.9,53.9,0.575,Medium
INC-00335,2019-10-16,USA,IT & Telecom,Cloud-DC,DDoS,Hacktivist,Misconfiguration,Antivirus,29832,387,0.01,1.3,10.2,0.259,Low
INC-00336,2019-10-17,India,Healthcare,Cloud-DC,Ransomware,Cybercriminal,Unpatched Software,MFA,1724,88341,1.491,4.0,60.1,4.138,High
INC-00337,2019-10-17,China,Retail,Corporate-LAN,Ransomware,Cybercriminal,Social Engineering,MFA,864,33385,0.615,10.0,80.6,2.132,High
INC-00338,2019-10-18,Japan,Healthcare,Cloud-DC,Insider Threat,,Misconfiguration,Antivirus,656,240945,6.916,340.5,185.9,2.62,High
INC-00339,2019-10-18,Australia,Finance,Banking-Core,Credential Stuffing,Cybercriminal,Weak Passwords,Firewall,1374,39636,0.856,44.8,33.8,0.712,Medium
INC-00340,2019-10-19,Germany,Education,University-Campus,Phishing,Unknown,Social Engineering,Encryption,2002,56078,0.867,11.9,19.4,0.342,Low
INC-00341,2019-10-19,France,Energy,IoT-Grid,Ransomware,Cybercriminal,Weak Passwords,MFA,104,2493,0.029,2.3,45.0,2.633,High
INC-00342,2019-10-19,India,Finance,Banking-Core,Credential Stuffing,Cybercriminal,Weak Passwords,Firewall,989,123100,3.309,26.8,67.3,1.074,Medium
INC-00343,2019-10-21,India,Healthcare,Cloud-DC,Ransomware,Cybercriminal,Weak Passwords,MFA,37007,5933,0.093,5.0,140.1,2.328,High
INC-00344,2019-10-22,France,Finance,Banking-Core,SQL Injection,Unknown,Unpatched Software,AI-based IDS,17614,16462,0.228,14.1,43.2,1.134,Medium
INC-00345,2019-10-22,Japan,IT & Telecom,Corporate-LAN,Ransomware,Nation-State,Social Engineering,AI-based IDS,2144,493660,6.411,4.1,83.3,3.33,High
INC-00346,2019-10-23,USA,Retail,Corporate-LAN,Ransomware,Cybercriminal,Weak Passwords,Firewall,1075,30913,0.784,8.7,129.4,4.572,High
INC-00347,2019-10-23,Australia,Healthcare,Cloud-DC,Phishing,Cybercriminal,Social Engineering,Firewall,1876,63170,1.599,142.9,98.2,1.1,Medium
INC-00348,2019-10-24,India,Energy,IoT-Grid,Ransomware,Cybercriminal,Social Engineering,MFA,37253,2015808,41.46,107.1,124.2,10.969,Critical
INC-00349,2019-10-25,Brazil,Government,Cloud-DC,DDoS,Cybercriminal,Misconfiguration,MFA,11479,2105,0.034,1.8,17.2,0.361,Low
INC-00350,2019-10-28,UK,Government,Corporate-LAN,Phishing,Cybercriminal,Social Engineering,VPN,860,80174,1.322,52.6,39.3,1.104,Medium
INC-00351,2019-10-28,Japan,Finance,Banking-Core,Ransomware,Cybercriminal,Unpatched Software,MFA,4134,170884,3.674,8.3,46.2,3.277,High
INC-00352,2019-10-28,Russia,Education,University-Campus,Phishing,Nation-State,Social Engineering,Firewall,4481,9697,0.124,4.3,39.9,0.422,Low
INC-00353,2019-11-03,Japan,Finance,Cloud-DC,DDoS,Cybercriminal,Misconfiguration,MFA,6815,31,0.001,0.4,6.6,0.284,Low
INC-00354,2019-11-05,USA,Retail,Cloud-DC,Phishing,Cybercriminal,Social Engineering,Firewall,994,36410,0.745,32.4,90.5,0.94,Medium
INC-00355,2019-11-05,India,Healthcare,IoT-Grid,Ransomware,Cybercriminal,Unpatched Software,Encryption,44383,9022,0.159,17.0,112.2,2.213,High
INC-00356,2019-11-06,Japan,Retail,Cloud-DC,SQL Injection,,Unpatched Software,Encryption,1181,353701,6.385,9.0,87.8,2.059,High
INC-00357,2019-11-07,Brazil,Healthcare,Corporate-LAN,DDoS,Cybercriminal,Misconfiguration,Firewall,100968,2162,0.055,0.8,14.6,0.704,Medium
INC-00358,2019-11-07,UK,IT & Telecom,Cloud-DC,Man-in-the-Middle,Cybercriminal,Misconfiguration,Firewall,3745,6910,0.154,143.9,136.4,1.361,Medium
INC-00359,2019-11-08,Russia,Finance,Banking-Core,SQL Injection,Unknown,Misconfiguration,MFA,313,11530,0.335,27.5,27.8,0.69,Medium
INC-00360,2019-11-09,Brazil,Energy,IoT-Grid,Ransomware,Cybercriminal,Unpatched Software,Antivirus,2009,145166,4.162,9.0,58.0,3.646,High
INC-00361,2019-11-10,Japan,Finance,Corporate-LAN,Credential Stuffing,Cybercriminal,Misconfiguration,Firewall,52835,354941,8.558,56.0,75.2,2.388,High
INC-00362,2019-11-11,India,Finance,Banking-Core,Credential Stuffing,Cybercriminal,Weak Passwords,VPN,199,19487,0.536,7.2,17.7,0.514,Medium
INC-00363,2019-11-13,Brazil,IT & Telecom,Cloud-DC,Credential Stuffing,Cybercriminal,Weak Passwords,Firewall,110,413939,12.404,29.8,74.8,2.333,High
INC-00364,2019-11-18,Brazil,Education,Cloud-DC,Ransomware,Cybercriminal,Unpatched Software,Firewall,1305,43078,0.536,4.0,41.9,1.272,Medium
INC-00365,2019-11-19,USA,Healthcare,Cloud-DC,Malware,Cybercriminal,Social Engineering,Firewall,6740,1561,0.046,23.3,66.9,0.673,Medium
INC-00366,2019-11-21,USA,IT & Telecom,Corporate-LAN,Malware,Cybercriminal,Unpatched Software,AI-based IDS,2747,27802,0.488,5.5,48.5,0.661,Medium
INC-00367,2019-11-22,Japan,Government,Corporate-LAN,Zero-Day Exploit,Nation-State,Zero-Day,AI-based IDS,21034,46783,0.651,104.9,89.9,1.158,Medium
INC-00368,2019-11-22,China,Energy,Corporate-LAN,Ransomware,Nation-State,Weak Passwords,Antivirus,927,24835,0.422,12.3,69.1,2.65,High
INC-00369,2019-11-23,China,Energy,IoT-Grid,Insider Threat,Insider,Excess Privileges,VPN,119,154087,2.464,27.6,79.8,1.419,Medium
INC-00370,2019-11-23,Japan,Retail,Cloud-DC,Ransomware,Cybercriminal,Social Engineering,Firewall,63158,1563901,27.816,14.2,176.6,6.618,Critical
INC-00371,2019-11-23,India,Healthcare,Corporate-LAN,Ransomware,Cybercriminal,Unpatched Software,Antivirus,1750,90062,2.475,4.8,178.6,5.679,Critical
INC-00372,2019-11-26,Brazil,Finance,Banking-Core,DDoS,Nation-State,Unpatched Software,Firewall,75771,102,0.002,1.1,8.1,0.364,Low
INC-00373,2019-11-26,Germany,Retail,Cloud-DC,DDoS,Unknown,Misconfiguration,MFA,13184,11359,0.253,0.9,16.2,0.321,Low
INC-00374,2019-11-26,India,Energy,IoT-Grid,DDoS,Cybercriminal,Misconfiguration,Encryption,3229,117,0.002,0.7,7.4,0.265,Low
INC-00375,2019-11-27,Australia,Healthcare,Corporate-LAN,Ransomware,Cybercriminal,Unpatched Software,Antivirus,1482,2042,0.048,8.4,34.1,2.14,High
INC-00376,2019-11-27,India,Education,University-Campus,DDoS,Nation-State,Misconfiguration,Antivirus,4682,2292,0.034,0.6,8.4,0.227,Low
INC-00377,2019-11-27,USA,Healthcare,Cloud-DC,SQL Injection,Hacktivist,Unpatched Software,AI-based IDS,4928,6892,0.114,8.8,52.6,0.636,Medium
INC-00378,2019-11-28,USA,Retail,Cloud-DC,DDoS,Cybercriminal,Unpatched Software,AI-based IDS,1053,1173,0.029,1.9,6.9,0.186,Low
INC-00379,2019-11-28,UK,Finance,Banking-Core,Man-in-the-Middle,Cybercriminal,Misconfiguration,VPN,20384,53086,0.726,132.0,104.0,1.757,High
INC-00380,2019-11-28,India,Finance,Cloud-DC,Man-in-the-Middle,Nation-State,Misconfiguration,AI-based IDS,6209,185151,2.22,69.4,76.1,2.086,High
INC-00381,2019-11-28,Germany,Finance,Cloud-DC,DDoS,Hacktivist,Misconfiguration,Firewall,2948,215,0.003,1.8,4.0,0.242,Low
INC-00382,2019-12-01,Japan,IT & Telecom,Cloud-DC,Phishing,Hacktivist,Social Engineering,Encryption,3314,1398,0.037,15.5,27.4,0.277,Low
INC-00383,2019-12-03,India,Retail,Cloud-DC,Ransomware,Cybercriminal,Social Engineering,Firewall,10231,101476,1.999,18.3,65.7,1.827,High
INC-00384,2019-12-03,Russia,Government,Corporate-LAN,Zero-Day Exploit,Unknown,Zero-Day,Firewall,4368,5691,0.078,53.0,186.6,0.85,Medium
INC-00385,2019-12-05,USA,IT & Telecom,Corporate-LAN,Zero-Day Exploit,Nation-State,Zero-Day,AI-based IDS,7377,38354,0.632,,146.2,1.101,Medium
INC-00386,2019-12-05,China,IT & Telecom,Corporate-LAN,Credential Stuffing,Cybercriminal,Weak Passwords,Firewall,769,10438,0.272,3.6,62.8,0.693,Medium
INC-00387,2019-12-05,India,Energy,Corporate-LAN,Ransomware,Cybercriminal,Weak Passwords,Firewall,2322,1025,0.028,7.1,138.3,3.181,High
INC-00388,2019-12-06,Russia,Finance,Banking-Core,Phishing,Cybercriminal,Social Engineering,MFA,202,34281,0.523,27.7,65.5,1.314,Medium
INC-00389,2019-12-06,USA,Education,University-Campus,Phishing,Cybercriminal,Weak Passwords,AI-based IDS,1341,2749,0.077,18.2,22.6,0.369,Low
INC-00390,2019-12-06,Brazil,IT & Telecom,Cloud-DC,Ransomware,Cybercriminal,Unpatched Software,VPN,2028,410722,11.781,9.0,180.8,3.937,High
INC-00391,2019-12-07,USA,Healthcare,IoT-Grid,DDoS,Cybercriminal,Unpatched Software,Antivirus,2745,380,0.005,4.3,10.7,0.223,Low
INC-00392,2019-12-07,USA,IT & Telecom,Corporate-LAN,Phishing,Cybercriminal,Social Engineering,Firewall,1985,15376,0.407,5.6,16.2,0.269,Low
INC-00393,2019-12-07,USA,Government,Cloud-DC,Zero-Day Exploit,Nation-State,Zero-Day,Firewall,8657,14907,0.301,73.0,58.0,0.686,Medium
INC-00394,2019-12-11,Russia,IT & Telecom,Cloud-DC,Ransomware,Unknown,Weak Passwords,AI-based IDS,2757,7930,0.186,2.2,80.5,2.318,High
INC-00395,2019-12-12,Germany,Retail,Cloud-DC,DDoS,Hacktivist,Unpatched Software,Firewall,89047,125,0.003,2.7,22.3,0.345,Low
INC-00396,2019-12-12,China,Government,Corporate-LAN,Insider Threat,Insider,Excess Privileges,Antivirus,722,118737,3.365,49.8,88.0,1.29,Medium
INC-00397,2019-12-12,UK,Government,Cloud-DC,Phishing,Unknown,Social Engineering,AI-based IDS,10703,54805,1.015,29.1,30.6,0.617,Medium
INC-00398,2019-12-14,Australia,Finance,Cloud-DC,Credential Stuffing,Cybercriminal,Weak Passwords,Antivirus,7278,1458,0.039,6.5,73.8,0.643,Medium
INC-00399,2019-12-14,Australia,Government,Cloud-DC,DDoS,Cybercriminal,Unpatched Software,Firewall,1045,771,0.009,0.9,8.3,0.279,Low
INC-00400,2019-12-14,China,Energy,IoT-Grid,DDoS,Hacktivist,Misconfiguration,Firewall,2468,216,0.005,0.6,12.9,0.242,Low
INC-00401,2019-12-15,France,IT & Telecom,Cloud-DC,Man-in-the-Middle,Unknown,Social Engineering,Antivirus,1337,164748,2.396,18.7,59.4,1.254,Medium
INC-00402,2019-12-15,UK,Retail,Cloud-DC,Malware,Unknown,Unpatched Software,Encryption,3225,21237,0.267,33.6,46.3,0.404,Low
INC-00403,2019-12-16,USA,Education,Cloud-DC,Phishing,Nation-State,Social Engineering,Firewall,2155,34756,0.706,45.4,71.5,0.417,Low
INC-00404,2019-12-16,Russia,Retail,Cloud-DC,Credential Stuffing,Cybercriminal,Weak Passwords,Firewall,25086,7292,0.195,5.5,22.5,0.447,Low
INC-00405,2019-12-16,China,Energy,IoT-Grid,Ransomware,Unknown,Unpatched Software,Encryption,2366,234371,3.705,7.0,294.4,5.879,Critical
INC-00406,2019-12-19,India,IT & Telecom,Cloud-DC,Man-in-the-Middle,Nation-State,Misconfiguration,MFA,2698,82432,1.843,7.0,32.7,0.767,Medium
INC-00407,2019-12-20,India,Energy,IoT-Grid,Malware,Cybercriminal,Unpatched Software,AI-based IDS,1373,987,0.015,11.5,72.6,0.686,Medium
INC-00408,2019-12-20,USA,Government,Corporate-LAN,Zero-Day Exploit,Unknown,Zero-Day,Firewall,4754,692479,12.741,99.2,105.0,3.318,High
INC-00409,2019-12-21,Russia,Healthcare,Corporate-LAN,Ransomware,Cybercriminal,Unpatched Software,Firewall,6535,149970,4.465,4.9,57.6,5.064,Critical
INC-00410,2019-12-21,Russia,Healthcare,IoT-Grid,Phishing,Cybercriminal,Social Engineering,AI-based IDS,1292,79124,1.39,11.2,30.6,0.909,Medium
INC-00411,2019-12-21,Germany,Finance,Banking-Core,Credential Stuffing,Cybercriminal,Weak Passwords,Encryption,938,40535,0.954,13.5,28.5,0.66,Medium
INC-00412,2019-12-22,India,IT & Telecom,Cloud-DC,Malware,Nation-State,Weak Passwords,Firewall,6683,21660,0.475,21.6,51.2,0.769,Medium
INC-00413,2019-12-23,France,Government,Cloud-DC,Zero-Day Exploit,Cybercriminal,Zero-Day,Antivirus,150,155379,3.016,46.2,87.9,1.263,Medium
INC-00414,2019-12-24,India,Healthcare,Corporate-LAN,Ransomware,Cybercriminal,Weak Passwords,Firewall,20262,53050,0.906,1.9,67.0,2.393,High
INC-00415,2019-12-26,USA,Government,Cloud-DC,Phishing,Unknown,Social Engineering,Encryption,4415,54457,0.878,8.0,15.6,0.549,Medium
INC-00416,2019-12-26,USA,Energy,Corporate-LAN,Insider Threat,Insider,Weak Passwords,Antivirus,1005,81355,1.787,31.4,59.4,1.023,Medium
INC-00417,2019-12-26,Brazil,Energy,Corporate-LAN,Phishing,Cybercriminal,Social Engineering,VPN,19245,335718,3.811,13.6,21.6,1.627,High
INC-00418,2019-12-27,Russia,Government,Corporate-LAN,Insider Threat,Insider,Excess Privileges,Antivirus,40,8899,0.207,61.0,78.1,1.06,Medium
INC-00419,2019-12-28,Australia,Healthcare,Corporate-LAN,Insider Threat,Insider,Weak Passwords,Firewall,1570,3910,0.049,55.5,114.8,1.359,Medium
INC-00420,2020-01-01,USA,Finance,Banking-Core,Insider Threat,Insider,Misconfiguration,Firewall,170,4366,0.111,112.5,77.6,0.644,Medium
INC-00421,2020-01-02,UK,Finance,Cloud-DC,Credential Stuffing,Nation-State,Weak Passwords,AI-based IDS,2198,30440,0.579,10.3,15.8,0.428,Low
INC-00422,2020-01-03,Australia,Energy,IoT-Grid,Malware,Cybercriminal,Unpatched Software,MFA,12703,260093,4.203,102.3,64.7,1.536,High
INC-00423,2020-01-04,Germany,IT & Telecom,Cloud-DC,Credential Stuffing,Cybercriminal,Weak Passwords,VPN,2861,29557,0.838,15.2,39.8,0.548,Medium
INC-00424,2020-01-04,India,Finance,Banking-Core,SQL Injection,Cybercriminal,Misconfiguration,Firewall,4762,57557,1.154,14.0,38.2,0.815,Medium
INC-00425,2020-01-04,USA,Energy,Corporate-LAN,Ransomware,Unknown,Unpatched Software,VPN,755,410,0.01,13.6,86.4,2.073,High
INC-00426,2020-01-05,Russia,Government,Cloud-DC,Insider Threat,Insider,Excess Privileges,MFA,465,9310,0.268,92.3,131.5,0.944,Medium
INC-00427,2020-01-06,Germany,Healthcare,Corporate-LAN,Malware,Cybercriminal,Unpatched Software,MFA,1042,97604,2.294,73.6,44.2,1.195,Medium
INC-00428,2020-01-06,USA,Energy,Corporate-LAN,Zero-Day Exploit,Nation-State,Zero-Day,Firewall,4496,3572393,101.251,15.9,84.0,15.145,Critical
INC-00429,2020-01-06,Brazil,IT & Telecom,Cloud-DC,Phishing,Cybercriminal,Social Engineering,Firewall,5995,10018,0.117,44.5,74.3,0.654,Medium
INC-00430,2020-01-07,China,Government,Corporate-LAN,Phishing,Unknown,Social Engineering,Firewall,316,7910,0.231,36.6,52.6,0.722,Medium
INC-00431,2020-01-07,USA,Government,Cloud-DC,Zero-Day Exploit,Nation-State,Zero-Day,Firewall,2697,5503,0.15,52.2,75.8,0.957,Medium
INC-00432,2020-01-07,France,Healthcare,IoT-Grid,SQL Injection,Cybercriminal,Misconfiguration,Antivirus,1082,1061430,11.189,6.8,108.7,7.152,Critical
INC-00433,2020-01-08,India,Finance,Cloud-DC,Phishing,Unknown,Social Engineering,Encryption,1987,61195,0.757,20.9,99.5,1.076,Medium
INC-00434,2020-01-09,Brazil,Retail,Cloud-DC,Ransomware,Cybercriminal,Unpatched Software,Firewall,921,104957,2.512,5.5,45.2,1.887,High
INC-00435,2020-01-09,UK,Education,University-Campus,Malware,Nation-State,Unpatched Software,Antivirus,4160,12065,0.156,8.3,21.3,0.241,Low
INC-00436,2020-01-09,UK,Education,University-Campus,Ransomware,Cybercriminal,Unpatched Software,AI-based IDS,1601,1222,0.033,1.4,104.6,1.282,Medium
INC-00437,2020-01-10,Australia,Retail,Cloud-DC,Phishing,Cybercriminal,Social Engineering,Encryption,716,172552,2.545,24.7,51.7,1.38,Medium
INC-00438,2020-01-10,Russia,Government,Corporate-LAN,Phishing,Cybercriminal,Social Engineering,MFA,2633,84224,1.494,12.0,37.1,0.534,Medium
INC-00439,2020-01-11,Russia,IT & Telecom,Corporate-LAN,Ransomware,Nation-State,Weak Passwords,Encryption,1122,1747,0.039,5.4,193.2,3.736,High
INC-00440,2020-01-11,Australia,Government,Cloud-DC,Phishing,Cybercriminal,Social Engineering,AI-based IDS,2608,4400,0.118,2.0,35.3,0.646,Medium
INC-00441,2020-01-12,Australia,Healthcare,Cloud-DC,Ransomware,Cybercriminal,Social Engineering,Antivirus,346,576,0.016,3.4,342.0,7.91,Critical
INC-00442,2020-01-12,Germany,IT & Telecom,Cloud-DC,Zero-Day Exploit,Nation-State,Zero-Day,Firewall,1361,25377,0.424,90.9,110.2,1.203,Medium
INC-00443,2020-01-13,UK,Government,Corporate-LAN,Zero-Day Exploit,Nation-State,Zero-Day,MFA,97219,1751,0.048,28.5,98.7,0.904,Medium
INC-00444,2020-01-13,France,Healthcare,IoT-Grid,Ransomware,Cybercriminal,Unpatched Software,Encryption,6289,25071,0.51,3.5,148.0,2.595,High
INC-00445,2020-01-14,Germany,Energy,IoT-Grid,Man-in-the-Middle,Cybercriminal,Misconfiguration,Antivirus,2551,8337,0.244,32.7,99.9,0.645,Medium
INC-00446,2020-01-15,India,Government,Cloud-DC,SQL Injection,Unknown,Unpatched Software,AI-based IDS,1851,76009,2.107,11.4,29.0,0.891,Medium
INC-00447,2020-01-15,Germany,IT & Telecom,Cloud-DC,Ransomware,Cybercriminal,Social Engineering,Encryption,1971,16741,0.37,1.7,195.7,2.918,High
INC-00448,2020-01-16,Russia,Finance,Banking-Core,Malware,Cybercriminal,Unpatched Software,MFA,14127,44533,1.122,10.5,12.1,0.524,Medium
INC-00449,2020-01-17,Germany,Retail,Cloud-DC,DDoS,Nation-State,Misconfiguration,Firewall,1871,628,0.008,1.0,9.8,0.214,Low
INC-00450,2020-01-18,Russia,IT & Telecom,Cloud-DC,SQL Injection,Cybercriminal,Unpatched Software,Encryption,1554,62474,1.87,6.5,37.5,0.602,Medium
INC-00451,2020-01-19,USA,Government,Corporate-LAN,DDoS,Hacktivist,Unpatched Software,Firewall,20533,273,0.004,1.1,29.4,0.407,Low
INC-00452,2020-01-19,USA,IT & Telecom,Cloud-DC,Credential Stuffing,Cybercriminal,Weak Passwords,VPN,8534,5396,0.063,28.5,69.6,0.556,Medium
INC-00453,2020-01-20,Japan,Finance,Corporate-LAN,Phishing,Nation-State,Social Engineering,Antivirus,2994,58258,1.176,11.4,22.4,0.594,Medium
INC-00454,2020-01-20,UK,Energy,IoT-Grid,Insider Threat,Insider,Excess Privileges,Firewall,166,9640,0.233,40.1,59.3,0.745,Medium
INC-00455,2020-01-21,USA,Government,Corporate-LAN,Insider Threat,Insider,Excess Privileges,Firewall,249,349117,6.049,87.8,68.7,3.468,High
INC-00456,2020-01-22,India,Finance,Banking-Core,Phishing,,Social Engineering,Antivirus,25124,157886,2.755,44.9,38.5,1.934,High
INC-00457,2020-01-23,China,Finance,Banking-Core,Ransomware,Cybercriminal,Social Engineering,Firewall,1646,7207,0.129,8.9,149.8,2.668,High
INC-00458,2020-01-24,Brazil,Retail,Cloud-DC,Credential Stuffing,Cybercriminal,Misconfiguration,AI-based IDS,6914,7472,0.079,4.8,37.9,0.638,Medium
INC-00459,2020-01-25,USA,Education,University-Campus,DDoS,Hacktivist,Misconfiguration,Firewall,1958,1234,0.026,2.1,15.1,0.124,Low
INC-00460,2020-01-28,USA,IT & Telecom,Cloud-DC,Ransomware,Nation-State,Social Engineering,Firewall,2072,21984,0.36,33.5,64.4,2.67,High
INC-00461,2020-01-28,UK,Energy,Corporate-LAN,Ransomware,Cybercriminal,Social Engineering,Firewall,755,13841,0.257,4.0,148.9,1.989,High
INC-00462,2020-01-28,Brazil,Finance,Cloud-DC,Credential Stuffing,Cybercriminal,Weak Passwords,VPN,452,80616,2.286,74.5,57.1,1.166,Medium
INC-00463,2020-02-02,USA,Finance,Banking-Core,Insider Threat,Insider,Excess Privileges,MFA,82,61784,0.824,201.9,130.8,2.417,High
INC-00464,2020-02-02,Australia,Healthcare,Corporate-LAN,Phishing,Unknown,Social Engineering,AI-based IDS,483,224086,5.563,3.4,11.0,1.623,High
INC-00465,2020-02-03,USA,Healthcare,Corporate-LAN,Malware,Nation-State,Unpatched Software,Firewall,2185,49287,1.013,38.5,45.1,1.049,Medium
INC-00466,2020-02-03,Brazil,Finance,Cloud-DC,Ransomware,Cybercriminal,Weak Passwords,Antivirus,3501,8062,0.125,11.1,123.5,4.492,High
INC-00467,2020-02-03,USA,Retail,Cloud-DC,Malware,Cybercriminal,Unpatched Software,Firewall,13449,6236,0.148,11.4,21.8,0.476,Low
INC-00468,2020-02-04,UK,Finance,Banking-Core,Malware,Cybercriminal,Social Engineering,AI-based IDS,3751,12100,0.181,9.7,60.8,0.636,Medium
INC-00469,2020-02-08,Germany,Government,Corporate-LAN,Ransomware,Unknown,Social Engineering,Firewall,6787,326493,5.783,2.5,69.2,2.114,High
INC-00470,2020-02-08,Russia,Government,Corporate-LAN,Man-in-the-Middle,Hacktivist,Social Engineering,Antivirus,1763,918,0.02,9.9,93.0,0.797,Medium
INC-00471,2020-02-10,USA,Healthcare,Corporate-LAN,Ransomware,Cybercriminal,Weak Passwords,Encryption,553,2388,0.029,59.2,53.9,2.088,High
INC-00472,2020-02-10,Russia,Healthcare,Corporate-LAN,Malware,Cybercriminal,Social Engineering,Encryption,51684,49775,0.953,75.0,87.5,1.46,Medium
INC-00473,2020-02-12,USA,Government,Cloud-DC,Phishing,Hacktivist,Social Engineering,Antivirus,498,6124,0.069,15.7,38.7,0.353,Low
INC-00474,2020-02-13,Japan,Education,University-Campus,Phishing,Cybercriminal,Social Engineering,Firewall,1308,38656,0.679,42.6,83.0,0.518,Medium
INC-00475,2020-02-13,UK,Finance,Cloud-DC,Phishing,Nation-State,Weak Passwords,Firewall,421,2960,0.045,16.4,74.5,0.951,Medium
INC-00476,2020-02-13,Brazil,Finance,Cloud-DC,Ransomware,Cybercriminal,Unpatched Software,Firewall,468,55544,1.087,6.1,294.0,4.375,High
INC-00477,2020-02-14,Brazil,Finance,Cloud-DC,Ransomware,Unknown,Social Engineering,AI-based IDS,235,57431,0.818,8.8,188.1,2.925,High
INC-00478,2020-02-14,China,Finance,Banking-Core,SQL Injection,Hacktivist,Unpatched Software,Encryption,888,320227,4.413,17.6,29.6,1.954,High
INC-00479,2020-02-15,China,Retail,Cloud-DC,Phishing,Cybercriminal,Social Engineering,MFA,5385,91670,1.952,14.8,24.9,0.517,Medium
INC-00480,2020-02-16,France,Healthcare,Corporate-LAN,Credential Stuffing,Cybercriminal,Weak Passwords,Firewall,2735,7212,0.125,11.1,37.6,0.605,Medium
INC-00481,2020-02-17,China,Retail,Corporate-LAN,Insider Threat,Insider,Excess Privileges,Firewall,528,15800,0.176,76.3,56.5,0.401,Low
INC-00482,2020-02-17,India,IT & Telecom,Corporate-LAN,DDoS,Hacktivist,Misconfiguration,MFA,823,23,0.001,0.9,4.8,0.181,Low
INC-00483,2020-02-17,China,Education,University-Campus,SQL Injection,Hacktivist,Misconfiguration,VPN,1449,79529,0.985,3.7,28.3,0.61,Medium
INC-00484,2020-02-17,USA,Education,University-Campus,Malware,Nation-State,Unpatched Software,Firewall,4534,29291,0.465,4.0,71.8,0.508,Medium
INC-00485,2020-02-18,France,Finance,Cloud-DC,Zero-Day Exploit,Hacktivist,Zero-Day,VPN,1643,383,0.009,112.7,194.5,2.04,High
INC-00486,2020-02-19,Russia,Finance,Cloud-DC,DDoS,Hacktivist,Misconfiguration,Antivirus,1508,502,0.01,0.8,15.7,0.248,Low
INC-00487,2020-02-19,Brazil,Government,Cloud-DC,Ransomware,Cybercriminal,Social Engineering,MFA,2485,106252,2.905,7.4,158.4,3.812,High
INC-00488,2020-02-20,Brazil,Energy,IoT-Grid,Credential Stuffing,Cybercriminal,Weak Passwords,AI-based IDS,10028,4392,0.084,4.1,20.0,0.386,Low
INC-00489,2020-02-20,China,Government,Cloud-DC,Ransomware,Unknown,Social Engineering,Antivirus,6990,265429,4.285,4.4,167.3,2.807,High
INC-00490,2020-02-20,France,Finance,Banking-Core,Phishing,Cybercriminal,Social Engineering,Firewall,1372,23080,0.343,4.7,14.5,0.276,Low
INC-00491,2020-02-20,India,Energy,IoT-Grid,Phishing,Unknown,Social Engineering,Antivirus,1544,4625,0.053,63.4,64.5,0.558,Medium
INC-00492,2020-02-21,India,IT & Telecom,Cloud-DC,DDoS,Cybercriminal,Misconfiguration,MFA,22615,172,0.004,0.5,13.9,0.379,Low
INC-00493,2020-02-21,China,Retail,Corporate-LAN,Ransomware,Cybercriminal,Unpatched Software,AI-based IDS,3061,387784,10.025,1.6,59.5,2.987,High
INC-00494,2020-02-21,India,Finance,Banking-Core,Credential Stuffing,Cybercriminal,Weak Passwords,Firewall,355,9754,0.142,54.4,62.5,0.586,Medium
INC-00495,2020-02-22,UK,Government,Corporate-LAN,Ransomware,Cybercriminal,Weak Passwords,MFA,5915,40459,1.198,29.5,75.0,2.572,High
INC-00496,2020-02-22,USA,Finance,Cloud-DC,DDoS,Nation-State,Unpatched Software,AI-based IDS,17920,790,0.012,0.5,9.5,0.323,Low
INC-00497,2020-02-23,Australia,Education,University-Campus,Phishing,Cybercriminal,Unpatched Software,MFA,5470,2991,0.077,3.0,18.4,0.17,Low
INC-00498,2020-02-23,USA,Government,Corporate-LAN,Insider Threat,Insider,Excess Privileges,MFA,512,5152,0.077,32.1,43.8,0.553,Medium
INC-00499,2020-02-23,Germany,Finance,Cloud-DC,DDoS,Hacktivist,Misconfiguration,Antivirus,92271,57,0.002,1.8,20.4,0.456,Low
INC-00500,2020-02-24,Russia,Education,University-Campus,Phishing,Cybercriminal,Social Engineering,Antivirus,30228,8028,0.186,29.4,27.1,0.217,Low
INC-00501,2020-02-25,China,Education,Cloud-DC,DDoS,Hacktivist,Misconfiguration,MFA,43375,2574,0.04,1.5,11.3,0.189,Low
INC-00502,2020-02-26,Germany,Retail,Corporate-LAN,Phishing,Cybercriminal,Weak Passwords,Antivirus,2744,12693,0.235,7.8,12.3,0.269,Low
INC-00503,2020-02-26,Russia,Healthcare,Corporate-LAN,DDoS,Hacktivist,Unpatched Software,Antivirus,11848,694,0.016,1.0,7.9,0.315,Low
INC-00504,2020-02-26,USA,Healthcare,Corporate-LAN,Ransomware,Hacktivist,Social Engineering,Firewall,24880,65538,0.698,,224.9,3.728,High
INC-00505,2020-02-27,Japan,Retail,Cloud-DC,Zero-Day Exploit,Nation-State,Zero-Day,Antivirus,5950,31151,0.763,142.2,184.9,1.2,Medium
INC-00506,2020-02-28,UK,IT & Telecom,Corporate-LAN,DDoS,Nation-State,Unpatched Software,MFA,1342,244,0.006,1.2,19.7,0.249,Low
INC-00507,2020-03-03,Germany,Finance,Banking-Core,Credential Stuffing,Cybercriminal,Weak Passwords,Firewall,10838,32089,0.589,19.8,51.5,0.89,Medium
INC-00508,2020-03-03,China,Government,Cloud-DC,Malware,Unknown,Social Engineering,Firewall,626,135446,3.938,16.8,43.9,0.986,Medium
INC-00509,2020-03-03,Germany,Energy,Corporate-LAN,Man-in-the-Middle,Nation-State,Unpatched Software,Firewall,7089,82720,1.616,31.2,35.0,1.221,Medium
INC-00510,2020-03-03,Germany,Energy,IoT-Grid,Zero-Day Exploit,Cybercriminal,Zero-Day,Firewall,4128,18728,0.217,235.6,220.7,1.505,High
INC-00511,2020-03-04,UK,IT & Telecom,Corporate-LAN,Zero-Day Exploit,Nation-State,Zero-Day,MFA,5512,25888,0.52,136.1,187.1,2.345,High
INC-00512,2020-03-04,UK,Education,University-Campus,Malware,Unknown,Unpatched Software,AI-based IDS,809,6417,0.125,10.9,22.7,0.286,Low
INC-00513,2020-03-05,China,Energy,IoT-Grid,Phishing,Unknown,Social Engineering,Antivirus,2882,2610,0.041,52.1,76.2,0.806,Medium
INC-00514,2020-03-07,USA,IT & Telecom,Cloud-DC,Ransomware,Unknown,Unpatched Software,Firewall,1009,99030,1.944,3.0,31.6,2.087,High
INC-00515,2020-03-08,Brazil,Retail,Cloud-DC,SQL Injection,Cybercriminal,Misconfiguration,Firewall,15391,1474514,25.795,12.8,66.5,4.481,Critical
INC-00516,2020-03-08,France,IT & Telecom,Cloud-DC,SQL Injection,Cybercriminal,Misconfiguration,Antivirus,2800,2869,0.037,3.3,43.0,0.525,Medium
INC-00517,2020-03-08,Japan,Government,Corporate-LAN,Phishing,Cybercriminal,Social Engineering,Firewall,15480,65436,1.465,5.2,38.5,1.026,Medium
INC-00518,2020-03-09,Brazil,Finance,Corporate-LAN,Ransomware,Cybercriminal,Unpatched Software,Antivirus,1274,76658,1.496,4.7,163.2,5.282,Critical
INC-00519,2020-03-09,USA,Government,Cloud-DC,Credential Stuffing,Cybercriminal,Weak Passwords,Firewall,7254,2402,0.061,30.5,35.4,0.339,Low
INC-00520,2020-03-10,India,Finance,Banking-Core,Credential Stuffing,Cybercriminal,Weak Passwords,Firewall,811,61321,1.686,58.3,72.1,1.216,Medium
INC-00521,2020-03-10,China,IT & Telecom,Cloud-DC,Malware,Nation-State,Social Engineering,Antivirus,5124,13,0.0,6.1,51.7,0.538,Medium
INC-00522,2020-03-12,USA,Finance,Banking-Core,DDoS,Nation-State,Misconfiguration,VPN,1502,310,0.006,1.2,7.3,0.25,Low
INC-00523,2020-03-12,France,IT & Telecom,Cloud-DC,Malware,Cybercriminal,Social Engineering,Antivirus,11532,7096,0.153,16.9,72.7,0.63,Medium
INC-00524,2020-03-12,USA,IT & Telecom,Cloud-DC,Phishing,Unknown,Social Engineering,Firewall,6295,7036,0.193,21.0,58.1,0.443,Low
INC-00525,2020-03-13,USA,Government,Corporate-LAN,DDoS,Hacktivist,Unpatched Software,Antivirus,23849,550,0.007,1.6,5.2,0.259,Low
INC-00526,2020-03-13,USA,Education,Cloud-DC,SQL Injection,Hacktivist,Unpatched Software,Firewall,3512,30255,0.59,70.1,112.1,0.32,Low
INC-00527,2020-03-15,Brazil,Education,University-Campus,DDoS,Hacktivist,Unpatched Software,Firewall,2604,96,0.002,1.4,5.3,0.14,Low
INC-00528,2020-03-15,Germany,Finance,Cloud-DC,Credential Stuffing,Cybercriminal,Weak Passwords,VPN,3213,233015,5.615,65.8,65.1,2.067,High
INC-00529,2020-03-16,USA,Retail,Cloud-DC,SQL Injection,Cybercriminal,Misconfiguration,Antivirus,4421,28260,0.671,21.5,93.7,0.868,Medium
INC-00530,2020-03-16,India,Government,Cloud-DC,Ransomware,Cybercriminal,Social Engineering,Firewall,828,21682,0.295,2.4,73.0,1.911,High
INC-00531,2020-03-17,China,Retail,Corporate-LAN,Ransomware,Cybercriminal,Unpatched Software,AI-based IDS,1035,172201,5.151,21.1,154.4,4.523,High
INC-00532,2020-03-18,India,Education,University-Campus,Phishing,Cybercriminal,Social Engineering,Encryption,23018,8533,0.205,16.0,47.5,0.432,Low
INC-00533,2020-03-18,Brazil,Healthcare,Corporate-LAN,Credential Stuffing,Cybercriminal,Weak Passwords,Encryption,10654,16059,0.261,145.3,99.2,0.79,Medium
INC-00534,2020-03-18,China,IT & Telecom,Corporate-LAN,DDoS,Hacktivist,Misconfiguration,Antivirus,4279,982,0.029,1.5,7.7,0.246,Low
INC-00535,2020-03-19,Brazil,Healthcare,Cloud-DC,Phishing,Nation-State,Social Engineering,Encryption,2727,18532,0.385,39.9,40.6,0.656,Medium
INC-00536,2020-03-20,Russia,Retail,Cloud-DC,SQL Injection,,Misconfiguration,Firewall,16084,221413,6.514,25.0,37.4,1.905,High
INC-00537,2020-03-20,India,Education,University-Campus,SQL Injection,Unknown,Misconfiguration,Antivirus,2581,30290,0.891,13.4,38.3,0.33,Low
INC-00538,2020-03-21,Germany,Finance,Banking-Core,Man-in-the-Middle,Nation-State,Misconfiguration,Antivirus,6924,82024,1.247,77.8,89.3,1.26,Medium
INC-00539,2020-03-21,China,Finance,Banking-Core,Phishing,Cybercriminal,Social Engineering,Encryption,9397,18555,0.524,37.8,25.2,0.514,Medium
INC-00540,2020-03-22,Brazil,Education,University-Campus,Malware,Nation-State,Unpatched Software,Antivirus,11023,92373,1.204,25.7,42.7,0.372,Low
INC-00541,2020-03-22,Japan,Retail,Cloud-DC,Phishing,Cybercriminal,Social Engineering,Antivirus,16504,14045,0.158,21.2,32.6,0.401,Low
INC-00542,2020-03-22,China,Government,Cloud-DC,Zero-Day Exploit,Nation-State,Zero-Day,Encryption,14920,1304,0.017,75.6,56.4,0.587,Medium
INC-00543,2020-03-22,Japan,Energy,IoT-Grid,Phishing,Cybercriminal,Social Engineering,Encryption,752,1734,0.032,14.5,19.6,0.253,Low
INC-00544,2020-03-22,USA,Education,University-Campus,Man-in-the-Middle,Cybercriminal,Misconfiguration,Antivirus,1658,107331,1.88,23.0,72.1,0.543,Medium
INC-00545,2020-03-22,France,Finance,Cloud-DC,SQL Injection,Hacktivist,Unpatched Software,Firewall,9491,64962,0.956,21.7,54.0,1.251,Medium
INC-00546,2020-03-23,India,IT & Telecom,Cloud-DC,Malware,Nation-State,Social Engineering,Antivirus,9486,9846,0.105,7.2,65.5,0.875,Medium
INC-00547,2020-03-23,China,Energy,IoT-Grid,Phishing,Cybercriminal,Social Engineering,VPN,2068,253812,7.03,26.0,23.6,1.815,High
INC-00548,2020-03-23,India,Government,Corporate-LAN,Phishing,Cybercriminal,Social Engineering,Encryption,10880,131991,3.278,15.2,49.1,1.126,Medium
INC-00549,2020-03-23,Germany,Healthcare,IoT-Grid,Ransomware,Cybercriminal,Weak Passwords,AI-based IDS,8025,31373,0.897,3.0,33.5,2.429,High
INC-00550,2020-03-23,France,Finance,Banking-Core,Credential Stuffing,Cybercriminal,Weak Passwords,AI-based IDS,820,26415,0.735,12.9,41.8,0.829,Medium
INC-00551,2020-03-24,China,Education,University-Campus,DDoS,Hacktivist,Unpatched Software,Encryption,2780,42,0.001,2.5,8.1,0.136,Low
INC-00552,2020-03-24,USA,Healthcare,IoT-Grid,Malware,Hacktivist,Unpatched Software,Encryption,1697,2424,0.052,8.9,65.8,0.73,Medium
INC-00553,2020-03-25,France,Energy,Corporate-LAN,Phishing,Cybercriminal,Social Engineering,Firewall,131,50447,0.902,33.9,44.1,1.034,Medium
INC-00554,2020-03-25,Germany,Finance,Banking-Core,SQL Injection,Cybercriminal,Unpatched Software,Firewall,7382,11563,0.128,21.7,89.0,0.793,Medium
INC-00555,2020-03-25,India,Finance,Banking-Core,Insider Threat,Insider,Excess Privileges,Firewall,2328,442703,11.902,62.1,44.3,4.084,High
INC-00556,2020-03-26,Australia,Education,Cloud-DC,Credential Stuffing,Unknown,Weak Passwords,VPN,525,60237,1.102,4.1,22.2,0.653,Medium
INC-00557,2020-03-27,France,Healthcare,Corporate-LAN,Malware,Nation-State,Social Engineering,Antivirus,27417,10820,0.137,96.6,87.9,1.065,Medium
INC-00558,2020-03-27,India,Energy,Corporate-LAN,Zero-Day Exploit,Nation-State,Zero-Day,Antivirus,825,28490,0.458,33.7,36.3,0.887,Medium
INC-00559,2020-03-28,USA,Healthcare,Corporate-LAN,Ransomware,Nation-State,Unpatched Software,MFA,3519,72875,1.088,22.1,49.3,3.104,High
INC-00560,2020-03-28,UK,Healthcare,IoT-Grid,Insider Threat,Insider,Excess Privileges,VPN,1746,4433,0.079,18.7,34.5,0.459,Low
INC-00561,2020-04-02,Australia,Government,Corporate-LAN,Malware,Unknown,Unpatched Software,Antivirus,1152,37120,0.577,6.4,60.2,0.673,Medium
INC-00562,2020-04-02,Australia,Education,University-Campus,Phishing,Cybercriminal,Social Engineering,Antivirus,618,4397,0.048,44.3,61.5,0.36,Low
INC-00563,2020-04-03,Brazil,Retail,Corporate-LAN,DDoS,Cybercriminal,Unpatched Software,VPN,16607,560,0.008,0.1,22.1,0.331,Low
INC-00564,2020-04-04,Australia,Energy,IoT-Grid,Malware,Cybercriminal,Social Engineering,VPN,332,573757,16.936,47.6,74.3,2.375,High
INC-00565,2020-04-05,UK,Energy,IoT-Grid,Insider Threat,Insider,Misconfiguration,AI-based IDS,172,300,0.005,117.3,74.5,0.831,Medium
INC-00566,2020-04-06,USA,Healthcare,Cloud-DC,Malware,Nation-State,Social Engineering,Encryption,66754,469,0.007,23.2,57.3,0.799,Medium
INC-00567,2020-04-07,UK,Healthcare,Cloud-DC,Insider Threat,Insider,Misconfiguration,Firewall,6554,15518,0.294,44.6,106.9,1.371,Medium
INC-00568,2020-04-07,India,Finance,Banking-Core,Insider Threat,Insider,Excess Privileges,MFA,108,2688,0.074,192.0,113.2,1.068,Medium
INC-00569,2020-04-08,Japan,Retail,Cloud-DC,SQL Injection,Cybercriminal,Misconfiguration,AI-based IDS,5404,84790,1.58,5.1,44.1,0.744,Medium
INC-00570,2020-04-09,Russia,Energy,Corporate-LAN,Zero-Day Exploit,Nation-State,Zero-Day,Firewall,4223,19588,0.243,123.0,82.9,1.0,Medium
INC-00571,2020-04-10,France,Finance,Banking-Core,Insider Threat,Insider,Excess Privileges,Firewall,998,27538,0.711,24.2,48.5,1.192,Medium
INC-00572,2020-04-12,USA,IT & Telecom,Cloud-DC,Phishing,Unknown,Social Engineering,VPN,3437,6906,0.15,125.9,87.9,0.601,Medium
INC-00573,2020-04-12,China,Healthcare,IoT-Grid,Phishing,Hacktivist,Social Engineering,Antivirus,479,10910,0.183,34.8,108.5,1.734,High
INC-00574,2020-04-13,UK,Energy,Corporate-LAN,Zero-Day Exploit,Nation-State,Zero-Day,MFA,1719,236,0.006,167.1,207.4,1.973,High
INC-00575,2020-04-13,Russia,Healthcare,Cloud-DC,Credential Stuffing,Cybercriminal,Weak Passwords,Firewall,2421,68911,1.798,28.7,30.1,0.727,Medium
INC-00576,2020-04-13,Japan,Government,Cloud-DC,Ransomware,Cybercriminal,Weak Passwords,AI-based IDS,15056,7514,0.221,1.2,62.6,1.473,Medium
INC-00577,2020-04-14,USA,Finance,Banking-Core,Credential Stuffing,Cybercriminal,Misconfiguration,VPN,1455,23187,0.389,9.2,22.3,0.743,Medium
INC-00578,2020-04-14,Japan,Government,Cloud-DC,Insider Threat,Insider,Excess Privileges,AI-based IDS,463,13805,0.235,27.6,65.0,0.863,Medium
INC-00579,2020-04-14,China,IT & Telecom,Corporate-LAN,Phishing,Cybercriminal,Social Engineering,Encryption,13553,33550,0.864,22.1,29.2,0.63,Medium
INC-00580,2020-04-15,USA,Education,University-Campus,Phishing,Nation-State,Weak Passwords,MFA,195,40567,0.529,38.2,58.8,0.513,Medium
INC-00581,2020-04-15,Japan,Finance,Cloud-DC,DDoS,,Unpatched Software,AI-based IDS,52058,3299,0.042,0.1,8.3,0.341,Low
INC-00582,2020-04-16,UK,Retail,Corporate-LAN,DDoS,Cybercriminal,Misconfiguration,VPN,25747,193,0.004,1.0,17.7,0.334,Low
INC-00583,2020-04-17,UK,Government,Corporate-LAN,Zero-Day Exploit,Nation-State,Zero-Day,Encryption,3030,113279,3.342,157.2,276.3,2.463,High
INC-00584,2020-04-19,India,Energy,IoT-Grid,Zero-Day Exploit,Nation-State,Zero-Day,VPN,5892,187789,3.234,61.6,143.0,2.723,High
INC-00585,2020-04-21,UK,Healthcare,Corporate-LAN,Insider Threat,Insider,Misconfiguration,Antivirus,357,4112,0.057,109.1,99.6,1.392,Medium
INC-00586,2020-04-22,UK,Finance,Cloud-DC,Malware,Cybercriminal,Social Engineering,Firewall,8953,29699,0.71,12.1,32.7,0.624,Medium
INC-00587,2020-04-24,UK,Retail,Corporate-LAN,SQL Injection,Hacktivist,Misconfiguration,Antivirus,7792,60829,1.804,26.1,63.9,0.787,Medium
INC-00588,2020-04-24,USA,IT & Telecom,Corporate-LAN,Insider Threat,Insider,Excess Privileges,Antivirus,142,14630,0.159,84.0,133.1,1.539,High
INC-00589,2020-04-24,Germany,Energy,IoT-Grid,Malware,Cybercriminal,Social Engineering,Encryption,597,57036,1.376,66.9,68.1,0.975,Medium
INC-00590,2020-04-24,France,Retail,Corporate-LAN,Phishing,Cybercriminal,Social Engineering,AI-based IDS,5200,17180,0.345,24.0,36.6,0.502,Medium
INC-00591,2020-04-26,India,Government,Corporate-LAN,Malware,Nation-State,Social Engineering,Antivirus,44298,29083,0.508,39.4,30.9,0.452,Low
INC-00592,2020-04-26,USA,IT & Telecom,Cloud-DC,Insider Threat,Insider,Excess Privileges,Antivirus,205,26812,0.618,82.1,64.7,0.798,Medium
INC-00593,2020-04-26,Brazil,IT & Telecom,Cloud-DC,Zero-Day Exploit,Nation-State,Zero-Day,Firewall,7196,1091,0.024,31.4,106.3,0.981,Medium
INC-00594,2020-04-27,Japan,Retail,Cloud-DC,Ransomware,Cybercriminal,Weak Passwords,Firewall,33143,93160,1.012,8.5,60.0,2.891,High
INC-00595,2020-04-27,Brazil,Retail,Cloud-DC,DDoS,Unknown,Unpatched Software,AI-based IDS,6209,406,0.005,0.2,31.5,0.528,Medium
INC-00596,2020-04-27,USA,Healthcare,IoT-Grid,Phishing,Nation-State,Social Engineering,VPN,5815,277,0.005,22.9,53.1,0.584,Medium
INC-00597,2020-04-27,Brazil,Retail,Corporate-LAN,Zero-Day Exploit,,Zero-Day,MFA,18257,267155,7.996,41.9,75.2,2.107,High
INC-00598,2020-04-28,China,Government,Cloud-DC,Zero-Day Exploit,Unknown,Zero-Day,Firewall,9219,1561,0.023,234.5,169.6,1.529,High
INC-00599,2020-05-01,Australia,IT & Telecom,Cloud-DC,DDoS,Hacktivist,Unpatched Software,Antivirus,2242,285,0.007,0.4,7.2,0.281,Low
INC-00600,2020-05-01,USA,Finance,Banking-Core,Malware,Nation-State,Unpatched Software,VPN,32989,2885,0.067,56.2,53.2,1.061,Medium
INC-00601,2020-05-01,Brazil,IT & Telecom,Cloud-DC,SQL Injection,Cybercriminal,Misconfiguration,Firewall,297,316911,5.459,72.7,43.8,1.734,High
INC-00602,2020-05-02,USA,Healthcare,Corporate-LAN,Phishing,Cybercriminal,Social Engineering,MFA,1626,18484,0.478,17.7,46.2,0.61,Medium
INC-00603,2020-05-02,Germany,Healthcare,IoT-Grid,Phishing,Unknown,Weak Passwords,MFA,362,15877,0.213,17.5,32.3,0.481,Low
INC-00604,2020-05-02,China,Finance,Banking-Core,SQL Injection,Cybercriminal,Misconfiguration,Encryption,4056,10220,0.262,33.2,55.3,0.637,Medium
INC-00605,2020-05-03,Germany,Finance,Banking-Core,Credential Stuffing,Cybercriminal,Weak Passwords,Firewall,2107,35317,0.805,10.8,26.1,0.313,Low
INC-00606,2020-05-03,France,Finance,Corporate-LAN,Phishing,Nation-State,Social Engineering,MFA,685,344135,6.436,51.6,66.3,2.655,High
INC-00607,2020-05-04,Brazil,Finance,Corporate-LAN,Insider Threat,Insider,Excess Privileges,Encryption,698,2955,0.063,69.0,46.3,0.62,Medium
INC-00608,2020-05-04,UK,Finance,Banking-Core,Credential Stuffing,Cybercriminal,Weak Passwords,Antivirus,1637,225159,2.645,78.4,96.6,4.567,High
INC-00609,2020-05-04,China,Retail,Cloud-DC,Ransomware,Cybercriminal,Social Engineering,MFA,20331,110835,2.793,4.9,123.1,2.998,High
INC-00610,2020-05-05,Russia,Healthcare,IoT-Grid,Insider Threat,Insider,Excess Privileges,MFA,660,7891,0.102,56.3,45.4,0.77,Medium
INC-00611,2020-05-05,Japan,IT & Telecom,Cloud-DC,Phishing,Cybercriminal,Social Engineering,Firewall,1316,296715,6.47,9.1,40.2,1.685,High
INC-00612,2020-05-06,USA,Government,Cloud-DC,Insider Threat,Insider,Misconfiguration,Encryption,626,2174,0.055,53.2,57.7,0.535,Medium
INC-00613,2020-05-06,USA,Education,University-Campus,Phishing,Cybercriminal,Unpatched Software,AI-based IDS,749,833,0.025,1.4,38.2,0.193,Low
INC-00614,2020-05-08,Australia,IT & Telecom,Corporate-LAN,SQL Injection,Cybercriminal,Misconfiguration,AI-based IDS,6926,85488,1.854,9.7,23.9,0.727,Medium
INC-00615,2020-05-10,UK,Healthcare,Corporate-LAN,Malware,Unknown,Unpatched Software,Antivirus,3931,11915,0.187,18.0,36.5,0.711,Medium
INC-00616,2020-05-10,USA,Education,University-Campus,Phishing,Nation-State,Social Engineering,Firewall,116,8147,0.094,39.5,68.2,0.572,Medium
INC-00617,2020-05-10,Brazil,Government,Corporate-LAN,DDoS,Cybercriminal,Misconfiguration,Antivirus,6243,2950,0.036,0.9,8.5,0.265,Low
INC-00618,2020-05-11,India,Healthcare,Corporate-LAN,Phishing,Nation-State,Social Engineering,Firewall,711,101770,1.652,13.8,52.4,2.044,High
INC-00619,2020-05-11,China,Energy,Corporate-LAN,Zero-Day Exploit,Nation-State,Zero-Day,Firewall,4634,21625,0.537,310.0,231.6,2.326,High
INC-00620,2020-05-12,UK,Energy,IoT-Grid,Malware,Unknown,Weak Passwords,Firewall,45,71098,1.343,75.7,65.3,1.411,Medium
INC-00621,2020-05-12,UK,Finance,Cloud-DC,SQL Injection,Unknown,Misconfiguration,MFA,207,11015,0.114,123.1,154.0,2.23,High
INC-00622,2020-05-12,Brazil,Finance,Banking-Core,Phishing,Cybercriminal,Social Engineering,Antivirus,490,61208,1.37,2.3,18.0,0.717,Medium
INC-00623,2020-05-13,Germany,IT & Telecom,Cloud-DC,Ransomware,Cybercriminal,Social Engineering,MFA,14457,13787,0.412,3.0,288.7,2.046,High
INC-00624,2020-05-14,Brazil,Healthcare,Corporate-LAN,DDoS,Cybercriminal,Unpatched Software,Encryption,2003,5044,0.058,1.1,13.8,0.425,Low
INC-00625,2020-05-17,Brazil,Healthcare,Corporate-LAN,Credential Stuffing,Cybercriminal,Misconfiguration,Antivirus,7901,17808,0.354,79.0,54.7,0.59,Medium
INC-00626,2020-05-17,China,Retail,Cloud-DC,Credential Stuffing,Cybercriminal,Weak Passwords,AI-based IDS,18108,15312,0.212,6.1,103.5,0.769,Medium
INC-00627,2020-05-17,USA,Finance,Cloud-DC,SQL Injection,Cybercriminal,Unpatched Software,AI-based IDS,257,24323,0.362,5.4,16.7,0.539,Medium
INC-00628,2020-05-18,UK,IT & Telecom,Cloud-DC,Man-in-the-Middle,Nation-State,Weak Passwords,MFA,1628,359,0.005,36.3,87.8,0.946,Medium
INC-00629,2020-05-18,Brazil,Finance,Banking-Core,Ransomware,Cybercriminal,Unpatched Software,Encryption,14667,209529,5.748,1.0,55.0,4.068,High
INC-00630,2020-05-20,UK,Retail,Cloud-DC,Phishing,Nation-State,Unpatched Software,MFA,4066,4410,0.053,108.8,102.1,0.675,Medium
INC-00631,2020-05-20,Australia,IT & Telecom,Cloud-DC,DDoS,Cybercriminal,Misconfiguration,Encryption,1748,41,0.001,0.6,11.6,0.227,Low
INC-00632,2020-05-20,USA,Finance,Banking-Core,Man-in-the-Middle,Cybercriminal,Social Engineering,VPN,905,13034,0.343,50.1,41.5,0.762,Medium
INC-00633,2020-05-20,India,Retail,Corporate-LAN,SQL Injection,Hacktivist,Misconfiguration,Antivirus,3824,15538,0.433,24.4,63.1,0.335,Low
INC-00634,2020-05-21,Brazil,Finance,Cloud-DC,Malware,Cybercriminal,Social Engineering,AI-based IDS,899,4197,0.106,7.6,13.6,0.508,Medium
INC-00635,2020-05-22,India,Finance,Banking-Core,Credential Stuffing,Cybercriminal,Misconfiguration,AI-based IDS,1706,8147,0.189,,33.4,0.634,Medium
INC-00636,2020-05-22,Japan,Government,Cloud-DC,DDoS,Cybercriminal,Misconfiguration,Antivirus,1329,8710,0.233,2.4,12.2,0.302,Low
INC-00637,2020-05-22,Brazil,Healthcare,Corporate-LAN,Phishing,Cybercriminal,Social Engineering,Encryption,664,7070,0.178,31.6,35.1,0.464,Low
INC-00638,2020-05-22,Russia,Healthcare,Corporate-LAN,Ransomware,Unknown,Weak Passwords,Firewall,9285,45455,0.54,8.4,129.3,2.835,High
INC-00639,2020-05-23,USA,Healthcare,Corporate-LAN,Ransomware,Cybercriminal,Unpatched Software,MFA,2037,77275,1.439,14.0,85.1,2.907,High
INC-00640,2020-05-23,Brazil,Retail,Cloud-DC,Phishing,Cybercriminal,Social Engineering,MFA,1384,23983,0.673,5.7,35.1,0.389,Low
INC-00641,2020-05-24,USA,Education,Cloud-DC,SQL Injection,Cybercriminal,Misconfiguration,VPN,2941,20782,0.461,24.5,101.8,0.479,Low
INC-00642,2020-05-24,Russia,Energy,IoT-Grid,Malware,Cybercriminal,Unpatched Software,Antivirus,905,23245,0.522,42.3,44.8,0.652,Medium
INC-00643,2020-05-24,USA,IT & Telecom,Corporate-LAN,Zero-Day Exploit,Cybercriminal,Zero-Day,Encryption,15081,15739,0.163,91.9,141.6,1.136,Medium
INC-00644,2020-05-24,UK,Finance,Banking-Core,Man-in-the-Middle,Unknown,Unpatched Software,Antivirus,1523,322441,9.151,,90.0,3.429,High
INC-00645,2020-05-25,UK,Finance,Banking-Core,Zero-Day Exploit,Nation-State,Zero-Day,Antivirus,6252,13766,0.412,248.1,213.5,2.435,High
INC-00646,2020-05-25,India,IT & Telecom,Cloud-DC,Zero-Day Exploit,Nation-State,Zero-Day,Firewall,613,34466,0.73,40.4,66.4,0.942,Medium
INC-00647,2020-05-25,Germany,Healthcare,Cloud-DC,Malware,Cybercriminal,Social Engineering,MFA,5810,40841,0.605,38.6,33.3,1.113,Medium
INC-00648,2020-05-25,China,Retail,Cloud-DC,SQL Injection,Cybercriminal,Unpatched Software,AI-based IDS,236,82624,2.16,41.9,93.8,1.524,High
INC-00649,2020-05-26,UK,Healthcare,Corporate-LAN,SQL Injection,Cybercriminal,Misconfiguration,Antivirus,7087,20843,0.467,9.7,18.1,0.488,Low
INC-00650,2020-05-26,Australia,Energy,Corporate-LAN,Phishing,Unknown,Social Engineering,AI-based IDS,1173,22293,0.637,4.6,12.4,0.396,Low
INC-00651,2020-05-27,USA,Finance,Banking-Core,Insider Threat,Cybercriminal,Excess Privileges,VPN,1738,181326,3.212,115.3,89.7,2.706,High
INC-00652,2020-06-02,India,Retail,Corporate-LAN,DDoS,Cybercriminal,Misconfiguration,Antivirus,16159,87,0.002,2.6,43.1,0.657,Medium
INC-00653,2020-06-03,Brazil,IT & Telecom,Corporate-LAN,SQL Injection,,Misconfiguration,VPN,689,129829,3.8,24.0,135.2,1.841,High
INC-00654,2020-06-03,France,Education,Cloud-DC,Malware,Cybercriminal,Weak Passwords,Firewall,323,5219,0.154,22.0,56.4,0.562,Medium
INC-00655,2020-06-05,China,IT & Telecom,Cloud-DC,Phishing,Nation-State,Social Engineering,VPN,1183,9529,0.234,19.1,20.0,0.471,Low
INC-00656,2020-06-05,USA,Government,Corporate-LAN,Zero-Day Exploit,Nation-State,Zero-Day,VPN,3452,400573,11.116,51.1,170.7,2.137,High
INC-00657,2020-06-05,USA,Finance,Corporate-LAN,DDoS,Hacktivist,Misconfiguration,VPN,10425,274,0.008,2.2,26.9,0.457,Low
INC-00658,2020-06-06,USA,Healthcare,Cloud-DC,Phishing,Nation-State,Social Engineering,MFA,2701,1969,0.045,12.1,21.5,0.265,Low
INC-00659,2020-06-07,India,Education,University-Campus,Phishing,Cybercriminal,Social Engineering,Firewall,2528,15612,0.186,24.5,42.2,0.295,Low
INC-00660,2020-06-08,Brazil,Energy,IoT-Grid,Phishing,Nation-State,Unpatched Software,Firewall,1185,8303,0.163,51.5,58.8,0.909,Medium
INC-00661,2020-06-08,Japan,Healthcare,Corporate-LAN,Ransomware,Cybercriminal,Unpatched Software,MFA,406,2595,0.061,9.2,67.2,2.191,High
INC-00662,2020-06-09,India,Finance,Banking-Core,Phishing,Nation-State,Social Engineering,Firewall,340,115805,1.358,6.4,19.2,0.856,Medium
INC-00663,2020-06-09,Russia,Retail,Corporate-LAN,SQL Injection,Nation-State,Misconfiguration,Firewall,481,11526,0.154,17.2,37.5,0.429,Low
INC-00664,2020-06-09,Germany,IT & Telecom,Corporate-LAN,Ransomware,Cybercriminal,Unpatched Software,Antivirus,2301,9317,0.177,5.2,54.1,2.43,High
INC-00665,2020-06-09,USA,Finance,Cloud-DC,Zero-Day Exploit,Nation-State,Zero-Day,Antivirus,8093,11017,0.131,20.9,49.5,0.68,Medium
INC-00666,2020-06-10,China,Healthcare,IoT-Grid,Credential Stuffing,Unknown,Weak Passwords,Firewall,2438,112482,2.462,11.4,47.6,1.247,Medium
INC-00667,2020-06-11,Australia,Education,University-Campus,Man-in-the-Middle,Nation-State,Unpatched Software,Antivirus,1252,69192,1.823,38.8,32.8,0.37,Low
INC-00668,2020-06-12,Germany,Government,Corporate-LAN,DDoS,Hacktivist,Misconfiguration,Antivirus,2233,1717,0.05,0.3,5.6,0.182,Low
INC-00669,2020-06-12,Japan,Government,Corporate-LAN,Man-in-the-Middle,Cybercriminal,Misconfiguration,Antivirus,2044,11100,0.283,43.0,34.1,0.42,Low
INC-00670,2020-06-13,USA,Retail,Cloud-DC,Phishing,Cybercriminal,Social Engineering,Firewall,628,35277,0.514,44.1,71.4,0.711,Medium
INC-00671,2020-06-13,India,Government,Corporate-LAN,Phishing,Nation-State,Social Engineering,VPN,11755,870972,11.011,6.9,11.0,4.563,High
INC-00672,2020-06-14,USA,IT & Telecom,Cloud-DC,Phishing,Unknown,Social Engineering,Firewall,181,5251,0.147,51.0,35.9,0.282,Low
INC-00673,2020-06-14,France,Government,Corporate-LAN,Ransomware,Cybercriminal,Weak Passwords,Firewall,9048,5259,0.09,4.2,54.5,2.198,High
INC-00674,2020-06-14,Japan,IT & Telecom,Corporate-LAN,DDoS,Hacktivist,Unpatched Software,Firewall,5007,1470,0.029,0.1,4.4,0.216,Low
INC-00675,2020-06-15,USA,Energy,IoT-Grid,Malware,Cybercriminal,Unpatched Software,Firewall,493,207618,3.916,14.0,18.3,1.721,High
INC-00676,2020-06-16,Japan,Energy,IoT-Grid,DDoS,Hacktivist,Misconfiguration,Firewall,1531,5,0.0,0.2,14.3,0.223,Low
INC-00677,2020-06-16,China,IT & Telecom,Cloud-DC,Insider Threat,Insider,Excess Privileges,MFA,46,458783,8.503,102.6,70.2,1.917,High
INC-00678,2020-06-17,Australia,Energy,Corporate-LAN,Malware,Unknown,Social Engineering,VPN,7071,46267,1.13,16.0,15.5,0.412,Low
INC-00679,2020-06-18,USA,Education,University-Campus,Ransomware,Cybercriminal,Social Engineering,VPN,73766,3495,0.092,15.8,135.0,1.319,Medium
INC-00680,2020-06-18,France,Energy,IoT-Grid,DDoS,Hacktivist,Misconfiguration,MFA,825369,8776,0.107,1.6,22.8,1.567,High
INC-00681,2020-06-20,USA,Healthcare,Corporate-LAN,Phishing,Unknown,Social Engineering,Firewall,438,9301,0.133,27.3,25.7,0.454,Low
INC-00682,2020-06-20,Brazil,Energy,IoT-Grid,Malware,Nation-State,Social Engineering,AI-based IDS,112,73680,1.32,34.8,141.7,2.015,High
INC-00683,2020-06-21,USA,Finance,Banking-Core,Credential Stuffing,Cybercriminal,Weak Passwords,Antivirus,1541,4883,0.089,33.2,34.1,0.452,Low
INC-00684,2020-06-22,UK,Education,University-Campus,DDoS,Nation-State,Unpatched Software,Firewall,23390,44,0.001,1.2,13.5,0.14,Low
INC-00685,2020-06-22,Germany,Education,University-Campus,Phishing,Cybercriminal,Social Engineering,Firewall,1597,3132,0.053,5.9,15.5,0.247,Low
INC-00686,2020-06-22,China,IT & Telecom,Cloud-DC,Credential Stuffing,Cybercriminal,Weak Passwords,Firewall,1965,59317,1.342,3.3,22.0,0.479,Low
INC-00687,2020-06-23,USA,Retail,Cloud-DC,Credential Stuffing,Cybercriminal,Misconfiguration,Encryption,122,1100539,24.994,25.0,221.7,5.484,Critical
INC-00688,2020-06-23,Australia,Finance,Banking-Core,Phishing,Nation-State,Social Engineering,Antivirus,694,20907,0.622,16.4,33.8,0.546,Medium
INC-00689,2020-06-23,UK,Energy,Corporate-LAN,Zero-Day Exploit,Nation-State,Zero-Day,Antivirus,3826,92545,2.146,9.9,26.5,0.587,Medium
INC-00690,2020-06-23,USA,Retail,Corporate-LAN,SQL Injection,Unknown,Misconfiguration,MFA,4227,79677,1.309,38.2,117.0,0.831,Medium
INC-00691,2020-06-24,China,Finance,Banking-Core,Insider Threat,Insider,Excess Privileges,Antivirus,57,39819,0.403,313.2,183.7,1.859,High
INC-00692,2020-06-24,Japan,Energy,IoT-Grid,Ransomware,Cybercriminal,Weak Passwords,MFA,702,292361,3.741,22.6,85.7,4.374,High
INC-00693,2020-06-25,UK,Healthcare,Corporate-LAN,Phishing,Unknown,Social Engineering,Firewall,1590,25733,0.574,21.2,17.6,0.528,Medium
INC-00694,2020-06-25,Brazil,Finance,Banking-Core,SQL Injection,Unknown,Misconfiguration,AI-based IDS,368,241583,3.112,5.4,65.3,2.226,High
INC-00695,2020-06-25,France,IT & Telecom,Cloud-DC,Insider Threat,Insider,Excess Privileges,MFA,938,79981,2.19,28.7,59.0,0.837,Medium
INC-00696,2020-06-25,USA,Education,University-Campus,DDoS,Cybercriminal,Misconfiguration,MFA,2831,462,0.005,0.8,7.6,0.176,Low
INC-00697,2020-06-26,Germany,Government,Corporate-LAN,Phishing,Unknown,Social Engineering,VPN,553,51693,1.091,27.4,33.9,0.929,Medium
INC-00698,2020-06-26,Japan,Finance,Banking-Core,Credential Stuffing,Hacktivist,Weak Passwords,Encryption,2423,7791,0.133,41.4,52.6,0.413,Low
INC-00699,2020-06-27,UK,Education,University-Campus,SQL Injection,Cybercriminal,Unpatched Software,Antivirus,3366,457680,7.009,21.2,37.5,2.585,High
INC-00700,2020-06-28,France,IT & Telecom,Corporate-LAN,DDoS,Hacktivist,Misconfiguration,Encryption,219829,183,0.004,,12.2,0.563,Medium
INC-00701,2020-06-28,Russia,Education,University-Campus,Malware,Cybercriminal,Social Engineering,Firewall,3306,67018,1.168,25.0,34.1,0.433,Low
INC-00702,2020-06-28,Japan,Education,Cloud-DC,Ransomware,Unknown,Unpatched Software,Firewall,42537,32169,0.861,6.3,89.3,1.025,Medium
INC-00703,2020-07-01,Japan,Energy,IoT-Grid,Zero-Day Exploit,Nation-State,Zero-Day,MFA,12344,76747,2.156,360.3,196.4,2.189,High
INC-00704,2020-07-01,India,IT & Telecom,Cloud-DC,Ransomware,Hacktivist,Weak Passwords,Encryption,17740,63031,1.051,2.3,59.8,2.051,High
INC-00705,2020-07-01,India,Finance,Corporate-LAN,Insider Threat,Insider,Excess Privileges,Firewall,143,40792,0.863,32.7,61.4,0.759,Medium
INC-00706,2020-07-03,UK,Retail,Cloud-DC,Phishing,Unknown,Social Engineering,Encryption,11432,106647,2.036,18.6,29.5,1.214,Medium
INC-00707,2020-07-05,Germany,Healthcare,Cloud-DC,SQL Injection,Cybercriminal,Misconfiguration,Firewall,5288,493412,6.19,85.5,147.6,3.617,High
INC-00708,2020-07-05,Japan,Finance,Banking-Core,Ransomware,Cybercriminal,Social Engineering,Antivirus,666,41019,0.759,8.1,61.6,3.056,High
INC-00709,2020-07-06,Germany,Education,Cloud-DC,Phishing,Unknown,Social Engineering,Firewall,373,25768,0.48,9.1,27.6,0.425,Low
INC-00710,2020-07-07,USA,Education,University-Campus,Phishing,Hacktivist,Social Engineering,Antivirus,296,86736,1.905,15.1,36.4,0.705,Medium
INC-00711,2020-07-07,USA,Finance,Banking-Core,Malware,Cybercriminal,Social Engineering,Encryption,3997,39044,0.466,162.0,116.3,1.277,Medium
INC-00712,2020-07-08,Brazil,Education,University-Campus,SQL Injection,Cybercriminal,Misconfiguration,Firewall,2962,8279,0.105,95.5,54.6,0.396,Low
INC-00713,2020-07-09,India,Finance,Banking-Core,Ransomware,Cybercriminal,Social Engineering,VPN,1138,57085,0.774,7.4,244.8,5.666,Critical
INC-00714,2020-07-10,Germany,Healthcare,Cloud-DC,Malware,Cybercriminal,Social Engineering,Encryption,1951,29160,0.334,29.9,43.5,0.967,Medium
INC-00715,2020-07-10,Brazil,Education,University-Campus,Malware,Cybercriminal,Social Engineering,Antivirus,6132,6022,0.081,18.5,14.6,0.126,Low
INC-00716,2020-07-10,India,Finance,Banking-Core,SQL Injection,Cybercriminal,Unpatched Software,AI-based IDS,84,5865,0.162,5.1,38.9,0.84,Medium
INC-00717,2020-07-11,Germany,Government,Corporate-LAN,Malware,Hacktivist,Social Engineering,Encryption,7789,63280,1.026,70.2,47.9,0.884,Medium
INC-00718,2020-07-14,China,Government,Corporate-LAN,Phishing,Cybercriminal,Weak Passwords,Firewall,1133,4191,0.115,20.0,35.1,0.419,Low
INC-00719,2020-07-14,France,Healthcare,Cloud-DC,Phishing,Cybercriminal,Social Engineering,Firewall,978,61669,0.901,28.4,41.5,1.002,Medium
INC-00720,2020-07-14,UK,IT & Telecom,Corporate-LAN,DDoS,Hacktivist,Misconfiguration,Firewall,1854,108,0.001,3.1,12.4,0.348,Low
INC-00721,2020-07-18,Russia,Healthcare,Cloud-DC,DDoS,Hacktivist,Unpatched Software,Antivirus,930,675,0.018,1.7,13.5,0.315,Low
INC-00722,2020-07-19,Japan,Finance,Corporate-LAN,Credential Stuffing,Cybercriminal,Misconfiguration,VPN,5862,64015,1.267,16.4,21.7,0.803,Medium
INC-00723,2020-07-19,China,Government,Corporate-LAN,Credential Stuffing,Cybercriminal,Weak Passwords,AI-based IDS,1575,207420,4.157,4.2,189.4,3.143,High
INC-00724,2020-07-21,USA,Retail,Cloud-DC,SQL Injection,Cybercriminal,Unpatched Software,AI-based IDS,1216,31527,0.386,0.7,33.9,0.406,Low
INC-00725,2020-07-22,India,Retail,Corporate-LAN,SQL Injection,Unknown,Unpatched Software,Firewall,1196,591842,11.449,17.5,85.0,5.629,Critical
INC-00726,2020-07-22,Japan,Finance,Cloud-DC,SQL Injection,Unknown,Unpatched Software,Firewall,4724,520174,11.21,41.0,87.3,3.838,High
INC-00727,2020-07-22,UK,IT & Telecom,Corporate-LAN,Zero-Day Exploit,Unknown,Zero-Day,Encryption,1130,3600,0.047,64.9,84.9,0.719,Medium
INC-00728,2020-07-23,India,Finance,Banking-Core,Malware,Nation-State,Social Engineering,Firewall,765,3973,0.06,35.2,76.9,1.049,Medium
INC-00729,2020-07-24,China,Retail,Cloud-DC,SQL Injection,Cybercriminal,Misconfiguration,VPN,70161,8105,0.163,4.7,28.3,0.381,Low
INC-00730,2020-07-24,Japan,Healthcare,Corporate-LAN,Phishing,Cybercriminal,Social Engineering,Firewall,1233,1418,0.022,8.8,54.7,0.743,Medium
INC-00731,2020-07-24,France,IT & Telecom,Corporate-LAN,Phishing,Nation-State,Social Engineering,Antivirus,2190,8496,0.215,21.0,56.1,0.794,Medium
INC-00732,2020-07-25,India,Retail,Cloud-DC,SQL Injection,Cybercriminal,Misconfiguration,Encryption,315,111098,1.172,14.0,25.4,0.697,Medium
INC-00733,2020-07-25,USA,Finance,Cloud-DC,DDoS,Hacktivist,Misconfiguration,Encryption,20131,316,0.008,0.3,13.0,0.398,Low
INC-00734,2020-07-26,Australia,Energy,Corporate-LAN,Malware,Nation-State,Unpatched Software,Encryption,10296,86684,2.255,23.5,21.0,0.719,Medium
INC-00735,2020-07-26,Brazil,Energy,IoT-Grid,Malware,Unknown,Unpatched Software,Firewall,6794,286869,4.079,47.6,48.5,1.848,High
INC-00736,2020-07-27,Germany,Finance,Banking-Core,Malware,Unknown,Social Engineering,Antivirus,5015,12152,0.285,15.4,32.7,0.617,Medium
INC-00737,2020-08-02,India,Finance,Banking-Core,Phishing,Cybercriminal,Social Engineering,MFA,19168,26729,0.728,18.9,15.8,0.452,Low
INC-00738,2020-08-03,USA,Energy,IoT-Grid,Malware,Cybercriminal,Social Engineering,Encryption,876,1685,0.043,6.1,36.5,0.509,Medium
INC-00739,2020-08-03,Brazil,Energy,IoT-Grid,Zero-Day Exploit,Cybercriminal,Zero-Day,MFA,2354,21216,0.408,84.3,88.5,0.966,Medium
INC-00740,2020-08-04,Russia,Government,Cloud-DC,DDoS,Cybercriminal,Misconfiguration,Firewall,1762,56,0.001,3.1,5.9,0.148,Low
INC-00741,2020-08-04,Russia,Finance,Banking-Core,Insider Threat,Insider,Excess Privileges,Firewall,368,198408,2.919,206.5,136.1,1.746,High
INC-00742,2020-08-04,USA,Finance,Cloud-DC,Phishing,Cybercriminal,Social Engineering,Firewall,3091,128310,3.388,53.7,57.2,1.107,Medium
INC-00743,2020-08-05,Russia,IT & Telecom,Cloud-DC,Malware,Cybercriminal,Unpatched Software,AI-based IDS,10532,388466,4.806,11.2,38.2,1.701,High
INC-00744,2020-08-05,India,Finance,Cloud-DC,Malware,Cybercriminal,Social Engineering,AI-based IDS,3606,15532,0.408,9.4,68.1,0.732,Medium
INC-00745,2020-08-07,India,IT & Telecom,Cloud-DC,Ransomware,Unknown,Social Engineering,AI-based IDS,148,23444,0.328,5.7,101.3,2.147,High
INC-00746,2020-08-07,Japan,Retail,Corporate-LAN,Credential Stuffing,Cybercriminal,Weak Passwords,AI-based IDS,29936,126812,2.851,6.3,30.7,0.912,Medium
INC-00747,2020-08-08,Japan,IT & Telecom,Cloud-DC,Malware,Hacktivist,Social Engineering,Firewall,4959,10504,0.166,5.6,43.2,0.433,Low
INC-00748,2020-08-09,USA,Education,Cloud-DC,DDoS,Hacktivist,Unpatched Software,MFA,73541,352,0.007,0.3,11.4,0.182,Low
INC-00749,2020-08-09,India,Finance,Corporate-LAN,SQL Injection,Hacktivist,Unpatched Software,MFA,289,1542478,21.706,12.0,77.7,8.303,Critical
INC-00750,2020-08-11,China,Retail,Cloud-DC,Malware,Cybercriminal,Unpatched Software,MFA,688,28903,0.55,22.6,28.5,0.344,Low
INC-00751,2020-08-11,UK,Finance,Banking-Core,Insider Threat,Insider,Excess Privileges,VPN,56,30987,0.699,64.4,58.0,0.864,Medium
INC-00752,2020-08-11,UK,IT & Telecom,Cloud-DC,Malware,Hacktivist,Unpatched Software,MFA,8807,2926,0.072,9.7,30.5,0.283,Low
INC-00753,2020-08-12,India,Government,Corporate-LAN,Credential Stuffing,Cybercriminal,Weak Passwords,Antivirus,2434,291354,8.308,7.5,144.1,2.28,High
INC-00754,2020-08-13,UK,Education,University-Campus,Malware,Cybercriminal,Social Engineering,Firewall,10542,670,0.02,11.6,47.4,0.314,Low
INC-00755,2020-08-13,Brazil,IT & Telecom,Corporate-LAN,Ransomware,Cybercriminal,Unpatched Software,AI-based IDS,26384,4329,0.055,3.4,53.0,2.606,High
INC-00756,2020-08-14,Japan,Energy,IoT-Grid,Insider Threat,Insider,Misconfiguration,AI-based IDS,2197,82538,1.286,37.1,203.5,1.666,High
INC-00757,2020-08-14,Japan,Government,Corporate-LAN,Malware,Nation-State,Social Engineering,Antivirus,764,71348,1.441,7.8,31.5,0.906,Medium
INC-00758,2020-08-14,China,Finance,Cloud-DC,Malware,Cybercriminal,Unpatched Software,Antivirus,5049,113005,1.343,20.0,34.9,1.167,Medium
INC-00759,2020-08-14,Brazil,Energy,IoT-Grid,DDoS,Unknown,Misconfiguration,Antivirus,4703,55,0.002,1.3,16.8,0.39,Low
INC-00760,2020-08-15,India,Retail,Corporate-LAN,SQL Injection,Cybercriminal,Unpatched Software,MFA,9692,290993,6.627,14.3,18.2,0.975,Medium
INC-00761,2020-08-15,India,Retail,Cloud-DC,Man-in-the-Middle,Cybercriminal,Unpatched Software,Antivirus,1534,5721,0.141,39.2,66.3,0.634,Medium
INC-00762,2020-08-16,Australia,Government,Corporate-LAN,Zero-Day Exploit,Nation-State,Zero-Day,AI-based IDS,337,42226,0.894,29.3,64.0,0.998,Medium
INC-00763,2020-08-17,USA,Finance,Banking-Core,Phishing,Cybercriminal,Social Engineering,MFA,551,33286,0.893,10.0,35.9,0.524,Medium
INC-00764,2020-08-18,China,Retail,Cloud-DC,Insider Threat,Insider,Misconfiguration,Antivirus,140,137063,1.61,41.4,53.0,1.168,Medium
INC-00765,2020-08-19,USA,Healthcare,Corporate-LAN,Phishing,Cybercriminal,Social Engineering,Firewall,2742,7599,0.133,13.9,25.0,0.331,Low
INC-00766,2020-08-19,Japan,Energy,IoT-Grid,Zero-Day Exploit,Hacktivist,Zero-Day,MFA,446,28699,0.356,60.9,83.5,0.853,Medium
INC-00767,2020-08-20,USA,Healthcare,Cloud-DC,Malware,Unknown,Unpatched Software,MFA,704,4609,0.102,15.3,31.9,0.496,Low
INC-00768,2020-08-20,Germany,Retail,Cloud-DC,Credential Stuffing,Cybercriminal,Weak Passwords,AI-based IDS,12123,107366,3.086,4.5,11.4,0.421,Low
INC-00769,2020-08-20,USA,Retail,Cloud-DC,Credential Stuffing,Cybercriminal,Weak Passwords,VPN,654,3571,0.082,12.2,22.9,0.256,Low
INC-00770,2020-08-20,India,Healthcare,Cloud-DC,Ransomware,Nation-State,Social Engineering,AI-based IDS,4845,36106,0.389,4.9,130.4,3.544,High
INC-00771,2020-08-22,India,Healthcare,Cloud-DC,Insider Threat,Insider,Excess Privileges,Antivirus,146,5371,0.061,45.3,42.6,0.557,Medium
INC-00772,2020-08-23,USA,Finance,Banking-Core,Ransomware,Cybercriminal,Unpatched Software,Firewall,1735,85667,1.443,6.6,68.2,2.34,High
INC-00773,2020-08-24,Japan,Healthcare,IoT-Grid,Phishing,Cybercriminal,Social Engineering,AI-based IDS,271,87021,2.191,9.4,42.6,0.776,Medium
INC-00774,2020-08-24,USA,Government,Corporate-LAN,Insider Threat,Insider,Excess Privileges,Firewall,569,47356,1.249,241.3,155.8,1.031,Medium
INC-00775,2020-08-24,Japan,Healthcare,IoT-Grid,SQL Injection,Cybercriminal,Unpatched Software,AI-based IDS,38127,168482,4.028,7.8,25.4,0.984,Medium
INC-00776,2020-08-27,Russia,Education,University-Campus,DDoS,Nation-State,Misconfiguration,MFA,1654,3113,0.054,0.9,20.8,0.215,Low
INC-00777,2020-08-27,USA,IT & Telecom,Cloud-DC,Phishing,Cybercriminal,Social Engineering,AI-based IDS,24800,40510,1.198,3.2,15.2,0.574,Medium
INC-00778,2020-09-03,Germany,Government,Corporate-LAN,Malware,Nation-State,Unpatched Software,VPN,39494,132676,3.818,28.9,56.6,0.651,Medium
INC-00779,2020-09-04,UK,IT & Telecom,Cloud-DC,Ransomware,Cybercriminal,Social Engineering,MFA,2282,29058,0.528,13.7,114.5,1.96,High
INC-00780,2020-09-05,Brazil,IT & Telecom,Cloud-DC,Ransomware,Cybercriminal,Weak Passwords,Encryption,860,77132,0.827,17.6,170.0,4.368,High
INC-00781,2020-09-07,Germany,Government,Cloud-DC,Phishing,Cybercriminal,Social Engineering,AI-based IDS,2392,54739,1.131,33.5,23.3,0.555,Medium
INC-00782,2020-09-07,India,Healthcare,Corporate-LAN,Ransomware,Cybercriminal,Unpatched Software,Antivirus,78188,53692,0.82,1.6,92.7,2.924,High
INC-00783,2020-09-08,Australia,Retail,Cloud-DC,SQL Injection,Cybercriminal,Misconfiguration,Encryption,1027,28328,0.593,31.3,75.1,0.653,Medium
INC-00784,2020-09-08,China,Healthcare,Cloud-DC,DDoS,Hacktivist,Misconfiguration,MFA,23916,939,0.012,5.0,21.5,0.418,Low
INC-00785,2020-09-08,USA,IT & Telecom,Cloud-DC,Malware,Cybercriminal,Unpatched Software,Firewall,2787,420602,10.309,43.9,106.1,2.268,High
INC-00786,2020-09-09,China,Healthcare,Corporate-LAN,Ransomware,Cybercriminal,Social Engineering,MFA,5928,125107,1.456,37.5,67.9,5.092,Critical
INC-00787,2020-09-10,Russia,Energy,IoT-Grid,Phishing,Cybercriminal,Social Engineering,Firewall,3826,92638,1.906,15.3,32.8,0.749,Medium
INC-00788,2020-09-10,USA,Retail,Corporate-LAN,Credential Stuffing,Cybercriminal,Weak Passwords,Antivirus,4861,57937,0.841,20.9,27.3,0.467,Low
INC-00789,2020-09-10,Australia,Government,Corporate-LAN,Phishing,Cybercriminal,Weak Passwords,VPN,5059,111612,3.167,36.5,83.5,1.355,Medium
INC-00790,2020-09-10,USA,Energy,IoT-Grid,Zero-Day Exploit,Nation-State,Zero-Day,MFA,459,23198,0.422,85.7,130.8,0.766,Medium
INC-00791,2020-09-11,France,Healthcare,IoT-Grid,Ransomware,Cybercriminal,Social Engineering,Firewall,10107,8487,0.219,3.5,32.9,2.273,High
INC-00792,2020-09-11,Brazil,Education,University-Campus,Man-in-the-Middle,Cybercriminal,Misconfiguration,MFA,430,6433,0.087,34.3,59.3,0.426,Low
INC-00793,2020-09-11,UK,Finance,Corporate-LAN,Phishing,Cybercriminal,Weak Passwords,Antivirus,443,142631,1.592,33.2,56.1,1.245,Medium
INC-00794,2020-09-12,China,Healthcare,Corporate-LAN,Malware,Unknown,Unpatched Software,Firewall,2683,38541,0.932,78.1,100.9,1.402,Medium
INC-00795,2020-09-12,Brazil,IT & Telecom,Cloud-DC,DDoS,Hacktivist,Misconfiguration,AI-based IDS,46515,863,0.025,2.2,9.2,0.216,Low
INC-00796,2020-09-13,India,Government,Corporate-LAN,Malware,Cybercriminal,Unpatched Software,Firewall,3373,93059,2.436,,51.0,0.874,Medium
INC-00797,2020-09-14,China,Energy,IoT-Grid,Man-in-the-Middle,Cybercriminal,Unpatched Software,Antivirus,1144,18359,0.528,45.1,102.5,0.663,Medium
INC-00798,2020-09-14,India,Retail,Cloud-DC,DDoS,Hacktivist,Misconfiguration,Antivirus,5605,4356,0.098,0.5,7.0,0.223,Low
INC-00799,2020-09-15,Russia,Finance,Cloud-DC,Zero-Day Exploit,Nation-State,Zero-Day,VPN,9052,50562,0.855,162.7,123.3,1.235,Medium
INC-00800,2020-09-15,UK,Healthcare,IoT-Grid,Ransomware,Unknown,Unpatched Software,MFA,11237,2542,0.07,4.2,37.6,1.379,Medium
INC-00801,2020-09-16,USA,IT & Telecom,Cloud-DC,SQL Injection,Cybercriminal,Unpatched Software,Encryption,15366,22362,0.252,30.2,32.0,0.602,Medium
INC-00802,2020-09-17,Japan,Government,Corporate-LAN,Insider Threat,Insider,Excess Privileges,VPN,775,12786,0.184,32.0,63.2,0.76,Medium
INC-00803,2020-09-18,Japan,Retail,Corporate-LAN,Phishing,Cybercriminal,Social Engineering,Encryption,1296,1341278,30.806,64.1,46.7,5.869,Critical
INC-00804,2020-09-18,USA,IT & Telecom,Cloud-DC,Ransomware,Cybercriminal,Social Engineering,MFA,5829,64386,1.195,1.8,258.8,3.929,High
INC-00805,2020-09-18,India,Energy,Corporate-LAN,Malware,Nation-State,Social Engineering,Firewall,1408,14095,0.255,,37.6,0.494,Low
INC-00806,2020-09-19,France,Education,University-Campus,Ransomware,Cybercriminal,Social Engineering,Firewall,889,1943,0.04,30.8,272.8,2.407,High
INC-00807,2020-09-19,Germany,Education,University-Campus,DDoS,Nation-State,Misconfiguration,Firewall,38981,2932,0.079,1.2,22.8,0.253,Low
INC-00808,2020-09-21,USA,Healthcare,IoT-Grid,Ransomware,Cybercriminal,Unpatched Software,Antivirus,60510,269917,6.999,5.2,117.9,4.072,High
INC-00809,2020-09-21,USA,Education,Cloud-DC,Man-in-the-Middle,Cybercriminal,Misconfiguration,Antivirus,54362,6316,0.188,96.8,83.1,0.404,Low
INC-00810,2020-09-21,Brazil,Retail,Corporate-LAN,Malware,Nation-State,Social Engineering,Encryption,1134,23170,0.459,46.2,50.2,0.562,Medium
INC-00811,2020-09-21,India,Finance,Banking-Core,Phishing,Cybercriminal,Social Engineering,VPN,893,1968,0.041,231.3,140.5,1.558,High
INC-00812,2020-09-22,UK,Healthcare,IoT-Grid,Malware,Cybercriminal,Unpatched Software,AI-based IDS,5006,2748,0.078,1.9,68.7,0.513,Medium
INC-00813,2020-09-22,Germany,Retail,Cloud-DC,Credential Stuffing,Cybercriminal,Weak Passwords,Firewall,2203,71797,0.724,47.1,39.9,0.946,Medium
INC-00814,2020-09-23,Japan,Education,University-Campus,SQL Injection,Cybercriminal,Unpatched Software,Encryption,3513,18788,0.382,8.6,13.1,0.17,Low
INC-00815,2020-09-23,USA,Finance,Cloud-DC,Credential Stuffing,Cybercriminal,Misconfiguration,Encryption,19126,224871,6.73,127.6,118.8,2.525,High
INC-00816,2020-09-23,China,Education,University-Campus,Malware,Cybercriminal,Unpatched Software,MFA,3528,10189,0.191,231.9,210.1,1.429,Medium
INC-00817,2020-09-23,USA,Healthcare,Corporate-LAN,Phishing,Cybercriminal,Social Engineering,AI-based IDS,9339,72911,1.303,3.2,36.4,1.033,Medium
INC-00818,2020-09-24,India,Healthcare,Corporate-LAN,Phishing,Cybercriminal,Social Engineering,MFA,629,4311,0.062,33.4,22.9,0.501,Medium
INC-00819,2020-09-24,Germany,Government,Cloud-DC,DDoS,Hacktivist,Unpatched Software,Firewall,12965,388,0.008,0.5,13.6,0.335,Low
INC-00820,2020-09-24,India,IT & Telecom,Cloud-DC,Malware,Nation-State,Social Engineering,MFA,59088,3754,0.065,21.5,50.2,0.519,Medium
INC-00821,2020-09-24,China,IT & Telecom,Cloud-DC,Credential Stuffing,Cybercriminal,Weak Passwords,Firewall,2686,7558,0.153,18.1,20.9,0.347,Low
INC-00822,2020-09-25,Germany,Finance,Cloud-DC,Phishing,Cybercriminal,Social Engineering,VPN,998,9744,0.162,7.9,50.5,0.903,Medium
INC-00823,2020-09-25,Australia,IT & Telecom,Cloud-DC,Zero-Day Exploit,Cybercriminal,Zero-Day,Encryption,4835,98829,2.807,44.6,97.9,1.379,Medium
INC-00824,2020-09-25,India,Finance,Cloud-DC,Insider Threat,Insider,Excess Privileges,AI-based IDS,191,546398,8.371,,33.8,2.257,High
INC-00825,2020-09-26,Germany,Education,University-Campus,Phishing,Nation-State,Social Engineering,AI-based IDS,1937,100061,1.979,2.8,13.2,0.405,Low
INC-00826,2020-09-26,China,Healthcare,IoT-Grid,SQL Injection,Cybercriminal,Misconfiguration,MFA,43151,79218,1.295,68.8,62.5,1.37,Medium
INC-00827,2020-09-26,UK,Government,Corporate-LAN,Zero-Day Exploit,Nation-State,Zero-Day,MFA,374,1122,0.023,36.4,60.0,0.76,Medium
INC-00828,2020-09-27,China,Energy,IoT-Grid,DDoS,Unknown,Misconfiguration,Antivirus,3767,20,0.001,1.1,14.3,0.293,Low
INC-00829,2020-09-27,Australia,Healthcare,Corporate-LAN,Malware,Cybercriminal,Unpatched Software,VPN,14469,4764,0.138,43.8,41.3,0.449,Low
INC-00830,2020-09-27,France,Finance,Cloud-DC,Phishing,Nation-State,Social Engineering,Firewall,242,13135,0.187,56.6,34.9,0.449,Low
INC-00831,2020-09-28,UK,IT & Telecom,Cloud-DC,Credential Stuffing,Cybercriminal,Weak Passwords,Antivirus,11611,45151,0.755,27.8,28.9,0.551,Medium
INC-00832,2020-09-28,USA,Education,University-Campus,DDoS,Nation-State,Unpatched Software,AI-based IDS,8944,298,0.008,0.3,8.8,0.135,Low
INC-00833,2020-09-28,USA,Retail,Corporate-LAN,Credential Stuffing,Cybercriminal,Weak Passwords,Antivirus,1479,23354,0.63,2.9,17.5,0.377,Low
INC-00834,2020-10-01,Russia,Finance,Banking-Core,Credential Stuffing,Cybercriminal,Weak Passwords,Encryption,2569,121747,2.932,7.9,25.7,1.403,Medium
INC-00835,2020-10-02,India,Energy,IoT-Grid,Ransomware,Cybercriminal,Unpatched Software,Encryption,6193,6872,0.155,7.1,73.9,2.137,High
INC-00836,2020-10-03,India,IT & Telecom,Cloud-DC,Ransomware,Cybercriminal,Unpatched Software,Encryption,3521,15464,0.172,6.0,106.9,1.941,High
INC-00837,2020-10-04,USA,IT & Telecom,Cloud-DC,Zero-Day Exploit,Nation-State,Zero-Day,MFA,16900,67549,0.717,148.1,104.3,0.868,Medium
INC-00838,2020-10-05,India,Education,University-Campus,DDoS,Hacktivist,Misconfiguration,Antivirus,17184,381,0.006,1.0,19.7,0.208,Low
INC-00839,2020-10-05,Russia,Government,Corporate-LAN,Ransomware,Cybercriminal,Weak Passwords,AI-based IDS,823,13239,0.327,1.2,134.2,5.307,Critical
INC-00840,2020-10-05,UK,IT & Telecom,Cloud-DC,Phishing,Cybercriminal,Social Engineering,Firewall,1933,1486,0.02,27.7,40.0,0.594,Medium
INC-00841,2020-10-06,Australia,Retail,Cloud-DC,SQL Injection,Unknown,Misconfiguration,Firewall,5014,48735,1.17,94.7,76.6,0.63,Medium
INC-00842,2020-10-06,UK,Retail,Corporate-LAN,Credential Stuffing,Unknown,Weak Passwords,Antivirus,4315,4041,0.108,18.2,45.3,0.415,Low
INC-00843,2020-10-06,China,Finance,Corporate-LAN,SQL Injection,Unknown,Misconfiguration,Antivirus,7414,108172,1.607,10.1,23.9,1.222,Medium
INC-00844,2020-10-06,Russia,Finance,Cloud-DC,Insider Threat,Insider,Excess Privileges,MFA,166,29245,0.847,98.3,86.9,1.462,Medium
INC-00845,2020-10-06,USA,IT & Telecom,Cloud-DC,DDoS,Unknown,Misconfiguration,Antivirus,14280,2391,0.026,0.5,28.4,0.312,Low
INC-00846,2020-10-07,India,Healthcare,IoT-Grid,Ransomware,Cybercriminal,Social Engineering,AI-based IDS,20137,1439,0.039,12.0,84.2,2.209,High
INC-00847,2020-10-07,China,IT & Telecom,Cloud-DC,DDoS,Hacktivist,Misconfiguration,Antivirus,31921,166,0.002,0.4,10.7,0.219,Low
INC-00848,2020-10-08,Australia,Finance,Cloud-DC,Credential Stuffing,Cybercriminal,Weak Passwords,Firewall,4977,37305,0.414,44.3,32.8,0.496,Low
INC-00849,2020-10-09,India,Retail,Cloud-DC,SQL Injection,Cybercriminal,Unpatched Software,MFA,11879,46957,0.672,27.2,28.6,0.34,Low
INC-00850,2020-10-09,India,Finance,Banking-Core,Insider Threat,Insider,Misconfiguration,VPN,343,28393,0.455,61.8,40.2,0.598,Medium
INC-00851,2020-10-10,UK,Education,University-Campus,Malware,Cybercriminal,Social Engineering,VPN,15313,10594,0.236,9.5,61.8,0.274,Low
INC-00852,2020-10-11,Brazil,Finance,Banking-Core,Phishing,Cybercriminal,Social Engineering,Antivirus,1115,11824,0.244,24.9,51.4,0.859,Medium
INC-00853,2020-10-11,Australia,Education,Cloud-DC,DDoS,Hacktivist,Unpatched Software,Antivirus,14874,1186,0.031,6.7,12.1,0.155,Low
INC-00854,2020-10-12,Russia,IT & Telecom,Cloud-DC,DDoS,Cybercriminal,Misconfiguration,Firewall,11467,3,0.0,1.0,17.6,0.388,Low
INC-00855,2020-10-13,Germany,Finance,Cloud-DC,Insider Threat,Insider,Excess Privileges,Firewall,131,297448,4.964,64.2,58.5,2.897,High
INC-00856,2020-10-14,India,Healthcare,IoT-Grid,Phishing,Cybercriminal,Social Engineering,Antivirus,235,8971,0.138,7.9,52.3,0.544,Medium
INC-00857,2020-10-14,Brazil,Finance,Cloud-DC,Ransomware,Cybercriminal,Unpatched Software,Antivirus,2394,15951,0.397,5.7,95.4,4.211,High
INC-00858,2020-10-15,Germany,Finance,Banking-Core,Phishing,Cybercriminal,Weak Passwords,Firewall,1671,12135,0.342,34.0,24.1,0.408,Low
INC-00859,2020-10-15,USA,Finance,Banking-Core,Credential Stuffing,Cybercriminal,Weak Passwords,AI-based IDS,722,289927,4.111,1.6,21.7,1.579,High
INC-00860,2020-10-16,China,Healthcare,Corporate-LAN,Ransomware,,Social Engineering,VPN,975,396078,8.708,6.6,216.1,5.242,Critical
INC-00861,2020-10-16,USA,Finance,Banking-Core,Ransomware,Cybercriminal,Weak Passwords,MFA,4069,20466,0.378,10.4,118.8,2.271,High
INC-00862,2020-10-16,UK,Finance,Banking-Core,Malware,Nation-State,Social Engineering,Firewall,5440,9335,0.127,22.0,41.0,0.581,Medium
INC-00863,2020-10-16,China,Finance,Banking-Core,SQL Injection,Unknown,Unpatched Software,Firewall,29959,919150,13.639,14.6,21.9,6.877,Critical
INC-00864,2020-10-17,USA,IT & Telecom,Cloud-DC,Phishing,Cybercriminal,Social Engineering,Antivirus,3376,110676,1.753,63.2,54.5,0.907,Medium
INC-00865,2020-10-17,China,Finance,Cloud-DC,Insider Threat,Insider,Excess Privileges,Encryption,78,15981,0.31,377.6,219.0,2.435,High
INC-00866,2020-10-18,India,Finance,Corporate-LAN,Insider Threat,Insider,Weak Passwords,Encryption,552,161876,2.399,445.2,250.0,5.021,Critical
INC-00867,2020-10-18,India,Government,Corporate-LAN,Zero-Day Exploit,Nation-State,Zero-Day,Antivirus,6691,63357,0.834,79.0,115.6,0.899,Medium
INC-00868,2020-10-18,USA,Healthcare,Corporate-LAN,Ransomware,Cybercriminal,Weak Passwords,VPN,3000,7066,0.171,1.6,67.3,2.767,High
INC-00869,2020-10-19,Russia,Finance,Cloud-DC,Phishing,Cybercriminal,Social Engineering,Antivirus,374,66283,1.612,11.9,11.6,0.696,Medium
INC-00870,2020-10-19,France,Retail,Corporate-LAN,Credential Stuffing,Cybercriminal,Weak Passwords,Antivirus,3046,21298,0.394,35.6,174.5,0.868,Medium
INC-00871,2020-10-20,China,Energy,IoT-Grid,Malware,Nation-State,Unpatched Software,Firewall,2135,129899,2.524,10.8,26.2,1.091,Medium
INC-00872,2020-10-20,Brazil,Government,Cloud-DC,DDoS,Nation-State,Misconfiguration,Firewall,63300,765,0.018,0.3,10.0,0.229,Low
INC-00873,2020-10-20,Japan,Government,Cloud-DC,SQL Injection,Hacktivist,Misconfiguration,Encryption,376,38688,0.892,14.9,38.2,0.435,Low
INC-00874,2020-10-21,Brazil,Government,Cloud-DC,DDoS,Hacktivist,Misconfiguration,AI-based IDS,24450,1621,0.048,0.2,17.6,0.263,Low
INC-00875,2020-10-21,India,Energy,IoT-Grid,Ransomware,Cybercriminal,Social Engineering,Antivirus,4189,3422,0.093,11.9,25.6,1.881,High
INC-00876,2020-10-22,Australia,Finance,Cloud-DC,DDoS,Unknown,Unpatched Software,Firewall,21212,219,0.007,1.0,4.0,0.288,Low
INC-00877,2020-10-22,USA,Energy,IoT-Grid,Phishing,Hacktivist,Social Engineering,Antivirus,8987,96525,1.816,6.0,11.0,1.06,Medium
INC-00878,2020-10-22,Australia,Healthcare,Corporate-LAN,Credential Stuffing,Cybercriminal,Weak Passwords,VPN,1132,29562,0.712,5.9,13.0,0.575,Medium
INC-00879,2020-10-22,USA,IT & Telecom,Cloud-DC,Zero-Day Exploit,Unknown,Zero-Day,Antivirus,654,13143,0.373,25.0,63.6,0.822,Medium
INC-00880,2020-10-24,Brazil,Government,Cloud-DC,Insider Threat,Insider,Excess Privileges,AI-based IDS,338,190670,2.633,5.7,64.0,1.368,Medium
INC-00881,2020-10-25,India,IT & Telecom,Cloud-DC,DDoS,Nation-State,Misconfiguration,AI-based IDS,4144,1555,0.039,0.6,15.5,0.237,Low
INC-00882,2020-10-25,India,Government,Cloud-DC,Zero-Day Exploit,Nation-State,Zero-Day,Antivirus,41240,457746,7.498,163.9,251.4,4.5,High
INC-00883,2020-10-27,India,Retail,Cloud-DC,Man-in-the-Middle,Unknown,Misconfiguration,Firewall,1235,161309,3.14,85.1,108.8,1.719,High
INC-00884,2020-10-27,USA,Retail,Corporate-LAN,SQL Injection,Hacktivist,Unpatched Software,AI-based IDS,36662,3708,0.041,3.1,30.9,0.479,Low
INC-00885,2020-10-28,Germany,Government,Corporate-LAN,DDoS,Unknown,Misconfiguration,Firewall,1553,3163,0.06,0.8,4.7,0.132,Low
INC-00886,2020-10-28,Brazil,Healthcare,Cloud-DC,Ransomware,Cybercriminal,Social Engineering,AI-based IDS,8699,96472,1.039,11.9,31.6,2.05,High
INC-00887,2020-10-28,Germany,Finance,Cloud-DC,Credential Stuffing,Cybercriminal,Weak Passwords,VPN,10163,57002,0.653,22.2,47.4,0.994,Medium
INC-00888,2020-11-01,USA,Government,Corporate-LAN,Ransomware,Unknown,Social Engineering,MFA,16127,6469,0.172,10.9,102.6,2.212,High
INC-00889,2020-11-01,China,Finance,Banking-Core,DDoS,Hacktivist,Unpatched Software,Encryption,8275,2598,0.076,0.6,28.8,0.295,Low
INC-00890,2020-11-02,China,Healthcare,Corporate-LAN,Ransomware,Cybercriminal,Social Engineering,Antivirus,61481,15237,0.235,4.8,36.4,1.734,High
INC-00891,2020-11-03,China,Retail,Cloud-DC,Credential Stuffing,Unknown,Weak Passwords,Antivirus,21166,103306,1.571,46.7,50.9,0.693,Medium
INC-00892,2020-11-03,USA,Finance,Banking-Core,SQL Injection,Hacktivist,Unpatched Software,Antivirus,3481,41434,0.588,23.6,50.2,0.696,Medium
INC-00893,2020-11-03,France,Education,University-Campus,Phishing,Unknown,Social Engineering,Firewall,40807,13226,0.259,39.4,36.5,0.352,Low
INC-00894,2020-11-04,India,Finance,Banking-Core,DDoS,Cybercriminal,Misconfiguration,MFA,4708,1062,0.016,0.6,24.5,0.389,Low
INC-00895,2020-11-05,USA,IT & Telecom,Cloud-DC,DDoS,Cybercriminal,Misconfiguration,AI-based IDS,1747,2082,0.049,0.5,6.5,0.187,Low
INC-00896,2020-11-05,France,Education,University-Campus,Ransomware,Unknown,Social Engineering,Firewall,51610,10616,0.305,13.5,65.7,1.639,High
INC-00897,2020-11-05,USA,Government,Cloud-DC,Credential Stuffing,Unknown,Weak Passwords,VPN,459,18049,0.234,13.3,17.0,0.265,Low
INC-00898,2020-11-06,France,Healthcare,Corporate-LAN,Ransomware,Cybercriminal,Unpatched Software,MFA,578,13468,0.358,3.2,49.6,2.396,High
INC-00899,2020-11-06,Australia,Education,University-Campus,SQL Injection,Hacktivist,Unpatched Software,VPN,1490,24003,0.531,75.1,261.7,1.067,Medium
INC-00900,2020-11-07,Germany,Education,University-Campus,Phishing,Cybercriminal,Weak Passwords,AI-based IDS,16600,651419,16.226,13.2,22.4,1.365,Medium
INC-00901,2020-11-07,UK,Retail,Cloud-DC,Malware,Nation-State,Social Engineering,Antivirus,2799,33802,0.817,21.3,35.8,0.446,Low
INC-00902,2020-11-07,USA,Healthcare,Corporate-LAN,Ransomware,Unknown,Unpatched Software,Firewall,2426,185788,3.032,5.4,34.3,3.305,High
INC-00903,2020-11-07,UK,Energy,IoT-Grid,Malware,Nation-State,Social Engineering,Firewall,7954,33030,0.755,67.1,129.2,1.411,Medium
INC-00904,2020-11-07,Germany,Energy,Corporate-LAN,Zero-Day Exploit,Nation-State,Zero-Day,Antivirus,1687,99621,1.204,32.9,38.9,0.603,Medium
INC-00905,2020-11-08,USA,Retail,Corporate-LAN,SQL Injection,Cybercriminal,Unpatched Software,Firewall,3054,196946,5.213,6.4,114.9,1.673,High
INC-00906,2020-11-09,USA,Education,Cloud-DC,Credential Stuffing,Nation-State,Misconfiguration,Encryption,1398,26010,0.55,6.5,72.9,0.551,Medium
INC-00907,2020-11-09,Germany,Government,Cloud-DC,DDoS,Nation-State,Unpatched Software,Antivirus,1115,1105,0.025,2.2,12.5,0.332,Low
INC-00908,2020-11-09,Japan,Energy,IoT-Grid,Malware,Cybercriminal,Social Engineering,Firewall,30626,39362,1.038,15.6,26.8,0.733,Medium
INC-00909,2020-11-10,Japan,Finance,Cloud-DC,Ransomware,Cybercriminal,Unpatched Software,AI-based IDS,824,2481,0.053,4.4,40.8,1.735,High
INC-00910,2020-11-11,USA,Government,Corporate-LAN,DDoS,Hacktivist,Misconfiguration,Encryption,3059,847,0.01,1.1,5.3,0.241,Low
INC-00911,2020-11-11,India,Energy,Corporate-LAN,Zero-Day Exploit,Nation-State,Zero-Day,Antivirus,27563,23406,0.514,123.4,80.3,0.875,Medium
INC-00912,2020-11-12,India,Finance,Banking-Core,Ransomware,Cybercriminal,Weak Passwords,AI-based IDS,22000,13039,0.2,6.7,529.4,7.386,Critical
INC-00913,2020-11-13,Japan,Healthcare,Corporate-LAN,Phishing,Cybercriminal,Weak Passwords,MFA,1857,47642,0.748,8.5,28.4,0.439,Low
INC-00914,2020-11-13,Brazil,Energy,IoT-Grid,Malware,Cybercriminal,Unpatched Software,Antivirus,17449,345734,9.819,,37.5,2.114,High
INC-00915,2020-11-14,India,Education,University-Campus,DDoS,Hacktivist,Misconfiguration,Firewall,111345,1467,0.021,0.5,8.5,0.158,Low
INC-00916,2020-11-15,USA,Retail,Cloud-DC,SQL Injection,Cybercriminal,Unpatched Software,Encryption,2263,28757,0.477,59.3,48.4,0.65,Medium
INC-00917,2020-11-15,Brazil,Finance,Cloud-DC,Phishing,Cybercriminal,Social Engineering,Firewall,2747,517,0.008,6.1,19.8,0.337,Low
INC-00918,2020-11-15,USA,Healthcare,Cloud-DC,Malware,Cybercriminal,Social Engineering,Encryption,2257,20401,0.377,37.2,100.3,1.268,Medium
INC-00919,2020-11-15,India,Finance,Cloud-DC,Phishing,Cybercriminal,Social Engineering,MFA,7203,4253,0.053,22.6,39.6,0.59,Medium
INC-00920,2020-11-16,Russia,Finance,Corporate-LAN,Phishing,Cybercriminal,Social Engineering,Firewall,444,20403,0.264,11.4,50.9,1.02,Medium
INC-00921,2020-11-17,France,Healthcare,Corporate-LAN,Ransomware,Cybercriminal,Social Engineering,Encryption,1837,9096,0.255,33.7,146.4,2.479,High
INC-00922,2020-11-18,China,IT & Telecom,Cloud-DC,Malware,Nation-State,Social Engineering,Encryption,444,86706,1.662,20.4,35.1,0.594,Medium
INC-00923,2020-11-18,India,Finance,Banking-Core,DDoS,Cybercriminal,Misconfiguration,Encryption,6957,78,0.002,0.3,4.3,0.188,Low
INC-00924,2020-11-18,Japan,Healthcare,Corporate-LAN,Insider Threat,Insider,Excess Privileges,MFA,396,100905,1.671,24.6,89.4,1.684,High
INC-00925,2020-11-18,USA,Education,Cloud-DC,Phishing,Cybercriminal,Social Engineering,Firewall,1209,637,0.01,12.8,19.5,0.194,Low
INC-00926,2020-11-21,USA,IT & Telecom,Cloud-DC,Malware,Cybercriminal,Social Engineering,VPN,1545,70025,1.076,168.2,94.3,0.92,Medium
INC-00927,2020-11-22,Australia,Energy,IoT-Grid,Ransomware,Cybercriminal,Unpatched Software,VPN,1641,15446,0.457,0.9,81.3,2.097,High
INC-00928,2020-11-23,China,Finance,Corporate-LAN,Zero-Day Exploit,Nation-State,Zero-Day,Antivirus,4717,101465,2.159,76.7,155.8,1.808,High
INC-00929,2020-11-23,India,Government,Corporate-LAN,Ransomware,Cybercriminal,Weak Passwords,VPN,2806,462187,13.319,6.8,176.3,4.738,High
INC-00930,2020-11-24,India,Finance,Banking-Core,DDoS,Hacktivist,Misconfiguration,Firewall,783,458,0.006,0.4,4.4,0.375,Low
INC-00931,2020-11-25,France,Energy,IoT-Grid,Malware,Cybercriminal,Social Engineering,Antivirus,10405,8405,0.201,19.5,38.3,0.556,Medium
INC-00932,2020-11-25,UK,Finance,Cloud-DC,DDoS,Hacktivist,Misconfiguration,MFA,688,787,0.023,1.1,2.9,0.255,Low
INC-00933,2020-11-26,China,Healthcare,Corporate-LAN,Ransomware,Unknown,Weak Passwords,MFA,5331,69302,0.703,2.0,350.4,3.012,High
INC-00934,2020-11-26,Brazil,Finance,Banking-Core,DDoS,Hacktivist,Unpatched Software,MFA,167607,1496,0.026,3.6,9.4,0.557,Medium
INC-00935,2020-11-27,France,Finance,Banking-Core,SQL Injection,Unknown,Misconfiguration,Firewall,50358,7679,0.185,6.0,26.7,0.406,Low
INC-00936,2020-11-27,France,Education,University-Campus,Ransomware,Cybercriminal,Unpatched Software,Antivirus,2034,71577,1.32,17.0,152.0,1.641,High
INC-00937,2020-11-27,UK,Finance,Banking-Core,Insider Threat,Insider,Weak Passwords,MFA,714,51796,0.673,,174.3,2.04,High
INC-00938,2020-11-28,USA,Healthcare,Corporate-LAN,Ransomware,Cybercriminal,Social Engineering,Encryption,14700,91093,2.133,2.3,44.2,3.031,High
INC-00939,2020-11-28,Japan,IT & Telecom,Corporate-LAN,Malware,Nation-State,Social Engineering,AI-based IDS,203,6463,0.126,1.6,34.5,0.431,Low
INC-00940,2020-11-28,Brazil,Education,Cloud-DC,DDoS,Cybercriminal,Misconfiguration,Firewall,3925,1291,0.019,3.1,10.3,0.164,Low
INC-00941,2020-12-01,USA,Government,Cloud-DC,Ransomware,Nation-State,Unpatched Software,Firewall,3813,106155,1.738,26.4,242.1,3.032,High
INC-00942,2020-12-01,India,Education,University-Campus,Phishing,Nation-State,Social Engineering,Firewall,555,59561,1.163,67.9,73.4,0.476,Low
INC-00943,2020-12-03,Japan,Education,University-Campus,Phishing,Cybercriminal,Social Engineering,Firewall,10248,39521,0.488,9.1,41.6,0.42,Low
INC-00944,2020-12-03,Russia,Education,University-Campus,Phishing,Hacktivist,Social Engineering,MFA,2508,153766,2.342,57.2,83.2,0.527,Medium
INC-00945,2020-12-04,Australia,Healthcare,Corporate-LAN,Ransomware,Unknown,Weak Passwords,AI-based IDS,712,3789,0.086,2.2,142.2,2.063,High
INC-00946,2020-12-04,USA,Retail,Cloud-DC,Insider Threat,Insider,Misconfiguration,AI-based IDS,1251,42666,0.487,72.1,60.9,0.855,Medium
INC-00947,2020-12-05,India,Energy,IoT-Grid,Zero-Day Exploit,Nation-State,Zero-Day,Firewall,5911,200673,4.16,129.8,191.5,2.861,High
INC-00948,2020-12-05,USA,Retail,Corporate-LAN,Credential Stuffing,Cybercriminal,Weak Passwords,Firewall,3467,2053,0.026,32.6,55.5,0.507,Medium
INC-00949,2020-12-07,India,Education,University-Campus,DDoS,Nation-State,Unpatched Software,Antivirus,25478,379,0.009,0.7,29.1,0.25,Low
INC-00950,2020-12-07,Germany,Education,University-Campus,Phishing,Unknown,Social Engineering,AI-based IDS,3226,14182,0.275,1.4,13.6,0.222,Low
INC-00951,2020-12-07,Russia,IT & Telecom,Cloud-DC,SQL Injection,Unknown,Misconfiguration,Antivirus,3068,74383,1.992,13.8,17.5,0.917,Medium
INC-00952,2020-12-09,UK,Healthcare,IoT-Grid,Malware,Cybercriminal,Social Engineering,MFA,5469,22963,0.529,3.2,64.3,1.171,Medium
INC-00953,2020-12-10,Brazil,Healthcare,Corporate-LAN,Malware,Nation-State,Social Engineering,Firewall,8231,17573,0.445,9.8,23.5,0.43,Low
INC-00954,2020-12-10,India,Retail,Cloud-DC,Credential Stuffing,Cybercriminal,Weak Passwords,Antivirus,2348,24802,0.481,90.0,123.6,0.914,Medium
INC-00955,2020-12-11,Germany,Healthcare,IoT-Grid,Malware,Nation-State,Unpatched Software,Firewall,4754,22364,0.609,38.3,77.5,0.85,Medium
INC-00956,2020-12-11,USA,Government,Cloud-DC,Zero-Day Exploit,Nation-State,Zero-Day,AI-based IDS,21894,7822,0.1,130.6,159.7,1.582,High
INC-00957,2020-12-12,Australia,IT & Telecom,Corporate-LAN,DDoS,Cybercriminal,Misconfiguration,Antivirus,1371,2499,0.047,6.0,13.0,0.277,Low
INC-00958,2020-12-12,China,Finance,Banking-Core,Credential Stuffing,Cybercriminal,Weak Passwords,AI-based IDS,1226,2558,0.072,4.1,28.4,0.321,Low
INC-00959,2020-12-14,Japan,Healthcare,IoT-Grid,Phishing,Cybercriminal,Social Engineering,Firewall,620,19340,0.391,38.1,38.8,0.822,Medium
INC-00960,2020-12-14,India,Finance,Banking-Core,Credential Stuffing,Cybercriminal,Weak Passwords,Antivirus,8279,7382,0.165,33.2,29.6,0.53,Medium
INC-00961,2020-12-14,USA,Healthcare,Corporate-LAN,Phishing,Nation-State,Social Engineering,MFA,176,1956,0.037,16.3,17.5,0.351,Low
INC-00962,2020-12-14,India,Education,University-Campus,Phishing,Unknown,Social Engineering,Firewall,10156,2791,0.052,39.4,52.0,0.251,Low
INC-00963,2020-12-15,Japan,IT & Telecom,Cloud-DC,Ransomware,Cybercriminal,Social Engineering,Encryption,28980,166787,2.293,3.4,89.5,2.613,High
INC-00964,2020-12-15,France,Government,Cloud-DC,Phishing,Cybercriminal,Social Engineering,Encryption,48911,7425,0.166,25.9,28.4,0.384,Low
INC-00965,2020-12-15,France,Energy,Corporate-LAN,Ransomware,Cybercriminal,Unpatched Software,Encryption,2684,111042,2.469,22.5,118.4,2.481,High
INC-00966,2020-12-15,USA,Healthcare,Corporate-LAN,Credential Stuffing,Cybercriminal,Weak Passwords,AI-based IDS,27390,36261,0.52,14.4,50.5,0.846,Medium
INC-00967,2020-12-16,India,Retail,Cloud-DC,Ransomware,Cybercriminal,Unpatched Software,Firewall,2243,5043,0.091,9.7,39.0,1.384,Medium
INC-00968,2020-12-16,India,Finance,Banking-Core,Credential Stuffing,Cybercriminal,Weak Passwords,Antivirus,9898,26603,0.381,84.1,57.2,0.837,Medium
INC-00969,2020-12-18,Australia,Government,Corporate-LAN,Phishing,Cybercriminal,Social Engineering,VPN,990,11912,0.311,19.0,43.1,0.7,Medium
INC-00970,2020-12-19,Germany,IT & Telecom,Corporate-LAN,DDoS,Hacktivist,Misconfiguration,Firewall,1187,5039,0.144,1.3,20.0,0.308,Low
INC-00971,2020-12-19,Russia,Finance,Corporate-LAN,Ransomware,Unknown,Social Engineering,Firewall,3957,70165,1.51,13.6,64.7,2.122,High
INC-00972,2020-12-19,Japan,Education,University-Campus,DDoS,Hacktivist,Misconfiguration,MFA,6678,837,0.009,0.8,15.5,0.228,Low
INC-00973,2020-12-20,Brazil,Energy,IoT-Grid,Malware,Cybercriminal,Unpatched Software,Antivirus,19238,822216,11.482,8.3,58.2,4.769,High
INC-00974,2020-12-21,USA,Healthcare,IoT-Grid,Credential Stuffing,Cybercriminal,Weak Passwords,Encryption,104,406920,5.548,9.3,17.1,3.035,High
INC-00975,2020-12-21,India,Government,Corporate-LAN,Zero-Day Exploit,Nation-State,Zero-Day,MFA,4101,20800,0.321,28.5,59.1,0.506,Medium
INC-00976,2020-12-21,Germany,Education,University-Campus,SQL Injection,Hacktivist,Misconfiguration,MFA,2501,351011,8.033,49.4,63.4,1.108,Medium
INC-00977,2020-12-21,USA,Finance,Cloud-DC,Phishing,Cybercriminal,Social Engineering,Antivirus,2564,9453,0.17,8.3,25.5,0.449,Low
INC-00978,2020-12-22,UK,Healthcare,Corporate-LAN,Malware,Unknown,Social Engineering,Firewall,2828,607877,14.649,2.3,57.7,5.411,Critical
INC-00979,2020-12-22,USA,Finance,Banking-Core,Phishing,Nation-State,Social Engineering,Antivirus,217,31563,0.671,9.8,21.3,0.525,Medium
INC-00980,2020-12-22,India,Energy,Corporate-LAN,Insider Threat,Insider,Weak Passwords,Encryption,3961,26359,0.312,71.3,59.4,0.9,Medium
INC-00981,2020-12-23,Germany,Government,Cloud-DC,Insider Threat,Insider,Excess Privileges,VPN,285,202573,5.402,53.6,50.9,1.38,Medium
INC-00982,2020-12-23,USA,Government,Corporate-LAN,Man-in-the-Middle,Cybercriminal,Misconfiguration,Encryption,24682,31866,0.587,219.7,133.0,0.878,Medium
INC-00983,2020-12-23,China,IT & Telecom,Cloud-DC,Ransomware,Cybercriminal,Unpatched Software,Antivirus,5629,165373,3.732,4.6,79.4,1.983,High
INC-00984,2020-12-24,UK,Government,Corporate-LAN,Ransomware,Cybercriminal,Social Engineering,VPN,5056,44799,0.703,2.4,58.5,2.676,High
INC-00985,2020-12-24,China,IT & Telecom,Cloud-DC,DDoS,Hacktivist,Misconfiguration,AI-based IDS,7492,202,0.004,0.5,54.5,0.365,Low
INC-00986,2020-12-24,Japan,Finance,Cloud-DC,Malware,Unknown,Unpatched Software,MFA,2918,2190,0.046,8.5,49.8,0.467,Low
INC-00987,2020-12-24,UK,Retail,Cloud-DC,Credential Stuffing,Cybercriminal,Weak Passwords,AI-based IDS,3893,32199,0.632,18.1,130.3,1.18,Medium
INC-00988,2020-12-24,China,IT & Telecom,Cloud-DC,DDoS,Cybercriminal,Misconfiguration,Firewall,38017,396,0.005,4.0,14.0,0.345,Low
INC-00989,2020-12-25,Germany,Finance,Banking-Core,Phishing,Unknown,Social Engineering,AI-based IDS,7608,1562523,25.101,10.3,23.0,10.072,Critical
INC-00990,2020-12-25,France,IT & Telecom,Corporate-LAN,SQL Injection,Cybercriminal,Misconfiguration,MFA,2146,59159,1.017,33.8,36.4,0.56,Medium
INC-00991,2020-12-25,Japan,Healthcare,Cloud-DC,Ransomware,Cybercriminal,Social Engineering,Antivirus,8389,17137,0.498,27.3,369.9,3.991,High
INC-00992,2020-12-26,Germany,Government,Corporate-LAN,DDoS,Hacktivist,Unpatched Software,Firewall,184260,97,0.003,1.4,14.5,0.401,Low
INC-00993,2020-12-26,USA,IT & Telecom,Cloud-DC,DDoS,Hacktivist,Misconfiguration,MFA,13780,1604,0.043,1.3,18.1,0.368,Low
INC-00994,2020-12-26,Brazil,Retail,Cloud-DC,SQL Injection,Hacktivist,Unpatched Software,MFA,3790,29691,0.436,40.6,36.5,0.456,Low
INC-00995,2020-12-27,USA,Education,University-Campus,Phishing,Unknown,Social Engineering,Firewall,544,20997,0.408,11.1,13.1,0.202,Low
INC-00996,2020-12-28,India,IT & Telecom,Cloud-DC,Insider Threat,Insider,Excess Privileges,Encryption,2174,1079,0.013,85.1,80.0,0.592,Medium
INC-00997,2020-12-28,Brazil,Education,University-Campus,Phishing,Cybercriminal,Social Engineering,Firewall,4066,31189,0.604,16.5,36.8,0.376,Low
INC-00998,2021-01-01,India,Energy,IoT-Grid,Ransomware,Unknown,Social Engineering,MFA,3471,77917,2.083,6.6,79.3,2.639,High
INC-00999,2021-01-01,Japan,Retail,Corporate-LAN,Phishing,Cybercriminal,Social Engineering,Antivirus,1041,119364,2.982,82.7,59.7,0.957,Medium
INC-01000,2021-01-02,India,Energy,IoT-Grid,Zero-Day Exploit,Cybercriminal,Zero-Day,Antivirus,3606,438339,11.158,298.1,201.3,3.587,High
INC-01001,2021-01-02,USA,Finance,Banking-Core,Man-in-the-Middle,Cybercriminal,Misconfiguration,Firewall,2281,299710,3.772,50.0,81.8,3.257,High
INC-01002,2021-01-02,UK,IT & Telecom,Corporate-LAN,DDoS,Nation-State,Misconfiguration,AI-based IDS,4427,133,0.002,0.3,10.0,0.23,Low
INC-01003,2021-01-04,UK,Education,University-Campus,Credential Stuffing,Cybercriminal,Weak Passwords,VPN,36468,804390,8.569,5.5,63.9,2.964,High
INC-01004,2021-01-05,Japan,Energy,IoT-Grid,Phishing,Hacktivist,Weak Passwords,Antivirus,497,4949,0.13,6.0,29.9,0.419,Low
INC-01005,2021-01-06,Japan,Finance,Banking-Core,Phishing,Cybercriminal,Social Engineering,AI-based IDS,344,14803,0.368,0.9,34.1,0.721,Medium
INC-01006,2021-01-06,USA,Retail,Corporate-LAN,Credential Stuffing,Unknown,Weak Passwords,Firewall,629,678,0.018,13.3,50.1,0.396,Low
INC-01007,2021-01-06,Japan,Government,Corporate-LAN,Phishing,Nation-State,Social Engineering,Firewall,487,10519,0.313,18.2,31.8,0.315,Low
INC-01008,2021-01-07,Germany,Education,University-Campus,DDoS,Cybercriminal,Unpatched Software,Encryption,3605,93,0.001,3.2,7.8,0.175,Low
INC-01009,2021-01-07,India,Government,Cloud-DC,Credential Stuffing,Cybercriminal,Weak Passwords,Antivirus,4479,10358,0.271,29.6,48.1,0.492,Low
INC-01010,2021-01-08,Germany,Government,Corporate-LAN,Phishing,Cybercriminal,Social Engineering,MFA,1703,144798,4.199,5.0,18.1,0.952,Medium
INC-01011,2021-01-08,Japan,IT & Telecom,Cloud-DC,Phishing,Cybercriminal,Social Engineering,AI-based IDS,5344,13318,0.235,8.1,26.7,0.292,Low
INC-01012,2021-01-09,China,Finance,Cloud-DC,DDoS,Hacktivist,Misconfiguration,MFA,4614,2110,0.044,0.4,6.1,0.271,Low
INC-01013,2021-01-09,UK,Government,Cloud-DC,Credential Stuffing,Cybercriminal,Misconfiguration,AI-based IDS,36993,43633,1.12,7.6,40.7,0.733,Medium
INC-01014,2021-01-09,Germany,Education,University-Campus,Phishing,Cybercriminal,Social Engineering,Encryption,1342,55597,1.369,35.0,45.8,0.553,Medium
INC-01015,2021-01-10,UK,IT & Telecom,Cloud-DC,Zero-Day Exploit,Cybercriminal,Zero-Day,Firewall,3106,26414,0.62,63.0,84.0,0.676,Medium
INC-01016,2021-01-10,France,Finance,Banking-Core,Phishing,Hacktivist,Unpatched Software,Encryption,1850,23510,0.243,8.2,22.3,0.807,Medium
INC-01017,2021-01-10,France,Finance,Cloud-DC,Phishing,Cybercriminal,Unpatched Software,Antivirus,9084,3527,0.082,75.8,53.3,0.497,Low
INC-01018,2021-01-10,Germany,Government,Corporate-LAN,Malware,Nation-State,Weak Passwords,Firewall,437,3075,0.056,22.7,43.3,0.307,Low
INC-01019,2021-01-10,USA,IT & Telecom,Cloud-DC,DDoS,Hacktivist,Unpatched Software,AI-based IDS,15018,47,0.001,0.3,9.9,0.329,Low
INC-01020,2021-01-10,Germany,Energy,Corporate-LAN,Ransomware,Nation-State,Social Engineering,AI-based IDS,4432,75224,2.002,0.5,31.6,2.073,High
INC-01021,2021-01-11,Brazil,Retail,Cloud-DC,Credential Stuffing,Cybercriminal,Weak Passwords,Antivirus,13427,937,0.027,164.0,102.4,1.055,Medium
INC-01022,2021-01-11,China,IT & Telecom,Corporate-LAN,Insider Threat,Insider,Excess Privileges,Firewall,3630,6728,0.158,143.9,179.2,0.879,Medium
INC-01023,2021-01-12,USA,IT & Telecom,Cloud-DC,Ransomware,Cybercriminal,Unpatched Software,AI-based IDS,286,14679,0.25,6.6,68.7,2.585,High
INC-01024,2021-01-12,Brazil,Retail,Corporate-LAN,Ransomware,Cybercriminal,Social Engineering,AI-based IDS,68034,21986,0.348,1.1,89.8,2.305,High
INC-01025,2021-01-12,China,Government,Corporate-LAN,Phishing,Cybercriminal,Social Engineering,Encryption,935,78676,2.224,3.7,13.8,0.437,Low
INC-01026,2021-01-14,Russia,Education,University-Campus,Ransomware,Cybercriminal,Social Engineering,MFA,6482,182890,3.225,8.3,72.9,2.336,High
INC-01027,2021-01-15,Australia,Finance,Banking-Core,Man-in-the-Middle,Unknown,Unpatched Software,Firewall,3107,57292,1.111,23.6,170.6,1.398,Medium
INC-01028,2021-01-16,China,Government,Cloud-DC,Malware,Cybercriminal,Social Engineering,VPN,8240,10863,0.2,26.4,34.0,0.428,Low
INC-01029,2021-01-16,France,Education,University-Campus,Ransomware,Cybercriminal,Social Engineering,Firewall,743,263611,7.659,10.6,49.7,1.46,Medium
INC-01030,2021-01-17,Russia,IT & Telecom,Cloud-DC,DDoS,Unknown,Misconfiguration,Antivirus,39046,27,0.001,0.4,5.1,0.268,Low
INC-01031,2021-01-18,USA,Government,Corporate-LAN,Phishing,Cybercriminal,Unpatched Software,AI-based IDS,2431,67064,1.593,6.1,22.4,0.613,Medium
INC-01032,2021-01-18,Russia,Finance,Corporate-LAN,Credential Stuffing,Cybercriminal,Weak Passwords,AI-based IDS,28389,213771,4.25,10.2,53.7,2.274,High
INC-01033,2021-01-18,Brazil,Healthcare,IoT-Grid,Ransomware,Cybercriminal,Social Engineering,AI-based IDS,12159,31631,0.72,,135.8,4.662,High
INC-01034,2021-01-19,Australia,Energy,Corporate-LAN,Ransomware,Cybercriminal,Unpatched Software,Antivirus,10757,46591,1.142,5.7,164.1,3.472,High
INC-01035,2021-01-19,Japan,Finance,Banking-Core,Insider Threat,Insider,Excess Privileges,Firewall,1083,331420,7.272,81.0,114.2,3.079,High
INC-01036,2021-01-19,China,Healthcare,IoT-Grid,DDoS,Nation-State,Misconfiguration,Antivirus,6712,840,0.011,0.3,6.4,0.26,Low
INC-01037,2021-01-20,Brazil,Government,Cloud-DC,Ransomware,Cybercriminal,Unpatched Software,Firewall,439,33864,0.417,2.0,173.8,3.683,High
INC-01038,2021-01-21,USA,Government,Corporate-LAN,Phishing,Unknown,Social Engineering,Firewall,105,14062,0.349,35.0,50.2,0.564,Medium
INC-01039,2021-01-21,Germany,Government,Corporate-LAN,Malware,Cybercriminal,Unpatched Software,MFA,13435,30116,0.386,10.6,26.7,0.523,Medium
INC-01040,2021-01-21,France,Finance,Banking-Core,Ransomware,Cybercriminal,Social Engineering,MFA,16842,34229,0.928,7.6,90.2,2.273,High
INC-01041,2021-01-21,India,Government,Corporate-LAN,Man-in-the-Middle,Nation-State,Misconfiguration,Antivirus,1314,124463,1.371,159.9,108.9,1.835,High
INC-01042,2021-01-22,UK,Finance,Banking-Core,Malware,Nation-State,Unpatched Software,Antivirus,4580,12057,0.161,127.1,101.1,1.418,Medium
INC-01043,2021-01-23,USA,Healthcare,Corporate-LAN,Insider Threat,Insider,Misconfiguration,VPN,1877,1243,0.037,77.5,75.0,0.698,Medium
INC-01044,2021-01-23,India,Energy,IoT-Grid,Credential Stuffing,Cybercriminal,Misconfiguration,Encryption,53059,335584,4.668,32.6,42.8,1.949,High
INC-01045,2021-01-23,India,Healthcare,Cloud-DC,Ransomware,Unknown,Social Engineering,AI-based IDS,924,22419,0.381,1.3,141.9,3.852,High
INC-01046,2021-01-23,USA,Government,Cloud-DC,Ransomware,Cybercriminal,Weak Passwords,Encryption,1658,11011,0.112,23.6,90.3,1.593,High
INC-01047,2021-01-23,Japan,IT & Telecom,Corporate-LAN,Malware,Unknown,Unpatched Software,Firewall,576,77874,2.31,95.4,73.8,1.187,Medium
INC-01048,2021-01-24,France,Energy,IoT-Grid,Ransomware,Nation-State,Weak Passwords,MFA,902,14609,0.272,60.8,118.5,2.039,High
INC-01049,2021-01-25,USA,Healthcare,Cloud-DC,Phishing,Cybercriminal,Social Engineering,AI-based IDS,1277,13843,0.178,12.7,72.1,0.976,Medium
INC-01050,2021-01-25,India,Education,Cloud-DC,DDoS,Unknown,Misconfiguration,MFA,23139,1339,0.021,0.8,3.8,0.1,Low
INC-01051,2021-01-25,Japan,Retail,Cloud-DC,Malware,Unknown,Social Engineering,Antivirus,1531,99187,2.569,18.7,76.6,1.243,Medium
INC-01052,2021-01-26,Germany,IT & Telecom,Cloud-DC,DDoS,Hacktivist,Misconfiguration,Firewall,4765,4612,0.136,0.9,9.2,0.198,Low
INC-01053,2021-01-26,USA,IT & Telecom,Cloud-DC,DDoS,Nation-State,Unpatched Software,AI-based IDS,7319,380,0.009,1.1,7.9,0.325,Low
INC-01054,2021-01-27,Germany,Healthcare,Corporate-LAN,Phishing,Nation-State,Social Engineering,Firewall,4956,21932,0.26,17.1,25.6,0.626,Medium
INC-01055,2021-01-28,Germany,Healthcare,Corporate-LAN,Ransomware,Cybercriminal,Unpatched Software,MFA,1285,5587,0.161,1.8,100.9,2.445,High
INC-01056,2021-02-01,Australia,Retail,Cloud-DC,Credential Stuffing,Cybercriminal,Weak Passwords,Encryption,853,80636,2.323,44.5,41.2,1.056,Medium
INC-01057,2021-02-02,Japan,Finance,Cloud-DC,DDoS,Cybercriminal,Misconfiguration,Firewall,40765,190,0.004,0.8,2.3,0.192,Low
INC-01058,2021-02-02,USA,Education,Cloud-DC,Insider Threat,Insider,Misconfiguration,VPN,365,256,0.007,368.8,199.4,1.072,Medium
INC-01059,2021-02-03,USA,Retail,Cloud-DC,Credential Stuffing,Unknown,Weak Passwords,Antivirus,935,98265,1.697,15.1,64.1,1.233,Medium
INC-01060,2021-02-03,India,Retail,Cloud-DC,DDoS,Hacktivist,Unpatched Software,Firewall,7480,136,0.004,0.4,18.2,0.29,Low
INC-01061,2021-02-03,Germany,Healthcare,IoT-Grid,Phishing,Cybercriminal,Social Engineering,Antivirus,8004,360617,4.241,2.5,62.4,2.08,High
INC-01062,2021-02-04,UK,Government,Cloud-DC,Malware,Nation-State,Unpatched Software,Encryption,10080,314271,7.431,171.6,120.8,3.115,High
INC-01063,2021-02-04,India,Government,Cloud-DC,DDoS,Hacktivist,Misconfiguration,MFA,1700,210,0.004,1.1,7.4,0.139,Low
INC-01064,2021-02-05,UK,Finance,Cloud-DC,SQL Injection,Cybercriminal,Unpatched Software,Encryption,1115,22216,0.304,6.0,40.3,0.498,Low
INC-01065,2021-02-05,Germany,Retail,Cloud-DC,Credential Stuffing,Cybercriminal,Weak Passwords,Firewall,5089,84614,0.951,36.0,38.4,0.682,Medium
INC-01066,2021-02-06,Japan,Finance,Cloud-DC,DDoS,Hacktivist,Unpatched Software,AI-based IDS,122406,858,0.015,0.1,11.4,0.401,Low
INC-01067,2021-02-07,USA,Retail,Cloud-DC,DDoS,Nation-State,Misconfiguration,MFA,2726,29,0.001,6.2,11.7,0.195,Low
INC-01068,2021-02-08,Brazil,Finance,Banking-Core,Ransomware,Nation-State,Unpatched Software,AI-based IDS,170,3354,0.099,2.0,74.6,2.66,High
INC-01069,2021-02-08,Japan,Energy,IoT-Grid,Ransomware,Cybercriminal,Unpatched Software,MFA,6988,25992,0.364,5.2,90.9,2.697,High
INC-01070,2021-02-08,Germany,Finance,Banking-Core,Man-in-the-Middle,Cybercriminal,Misconfiguration,AI-based IDS,3740,27764,0.797,29.8,42.7,0.781,Medium
INC-01071,2021-02-08,Germany,Healthcare,Corporate-LAN,Phishing,Cybercriminal,Social Engineering,Antivirus,1695,558,0.008,5.9,17.7,0.327,Low
INC-01072,2021-02-09,Japan,Finance,Corporate-LAN,Ransomware,Unknown,Unpatched Software,Antivirus,2070,29510,0.393,25.5,82.6,4.376,High
INC-01073,2021-02-11,India,IT & Telecom,Corporate-LAN,Ransomware,Cybercriminal,Social Engineering,MFA,3790,404074,10.691,6.4,128.3,3.743,High
INC-01074,2021-02-11,France,Healthcare,Corporate-LAN,Malware,Cybercriminal,Social Engineering,VPN,1166,14948,0.227,5.1,34.7,0.419,Low
INC-01075,2021-02-11,USA,Government,Corporate-LAN,Malware,Nation-State,Social Engineering,VPN,5113,15663,0.182,9.9,64.4,0.581,Medium
INC-01076,2021-02-11,Russia,Education,University-Campus,Phishing,Cybercriminal,Social Engineering,Encryption,68338,1675,0.024,30.0,23.1,0.184,Low
INC-01077,2021-02-12,Russia,Healthcare,Corporate-LAN,Phishing,Nation-State,Social Engineering,AI-based IDS,2479,400775,9.389,13.5,40.2,3.613,High
INC-01078,2021-02-12,India,Healthcare,IoT-Grid,Phishing,Nation-State,Social Engineering,Firewall,16449,7556,0.13,4.9,17.2,0.344,Low
INC-01079,2021-02-13,Brazil,Retail,Cloud-DC,Phishing,Hacktivist,Social Engineering,Firewall,2827,2335,0.065,38.5,37.2,0.308,Low
INC-01080,2021-02-13,USA,IT & Telecom,Cloud-DC,Insider Threat,Insider,Excess Privileges,MFA,131,1015,0.02,299.0,161.5,1.834,High
INC-01081,2021-02-14,India,Retail,Corporate-LAN,Man-in-the-Middle,Cybercriminal,Misconfiguration,AI-based IDS,7752,48512,1.202,7.7,21.5,0.413,Low
INC-01082,2021-02-14,Brazil,IT & Telecom,Cloud-DC,Malware,Unknown,Unpatched Software,Firewall,8215,59148,0.609,5.9,13.1,0.865,Medium
INC-01083,2021-02-15,USA,Energy,Corporate-LAN,Malware,Nation-State,Social Engineering,AI-based IDS,7146,133429,1.496,15.7,26.3,0.813,Medium
INC-01084,2021-02-15,Germany,Government,Cloud-DC,Man-in-the-Middle,Cybercriminal,Weak Passwords,Antivirus,1311,2479,0.037,15.4,41.2,0.379,Low
INC-01085,2021-02-16,USA,Government,Cloud-DC,Phishing,Cybercriminal,Social Engineering,Firewall,64,27365,0.316,28.5,32.4,0.595,Medium
INC-01086,2021-02-16,India,Energy,IoT-Grid,Zero-Day Exploit,Nation-State,Zero-Day,Antivirus,39706,356,0.004,46.0,102.3,1.112,Medium
INC-01087,2021-02-16,Germany,Retail,Corporate-LAN,DDoS,Cybercriminal,Unpatched Software,Encryption,1268,102,0.002,0.6,8.7,0.182,Low
INC-01088,2021-02-16,Australia,Education,University-Campus,SQL Injection,Unknown,Misconfiguration,AI-based IDS,11702,27494,0.67,26.7,85.9,0.576,Medium
INC-01089,2021-02-17,India,Finance,Banking-Core,Insider Threat,Insider,Excess Privileges,Firewall,158,9124,0.166,114.5,76.2,1.114,Medium
INC-01090,2021-02-17,China,Retail,Cloud-DC,Malware,Cybercriminal,Unpatched Software,AI-based IDS,3004,6976,0.087,8.0,35.6,0.502,Medium
INC-01091,2021-02-17,Russia,Education,University-Campus,Credential Stuffing,Cybercriminal,Misconfiguration,Antivirus,3247,19231,0.314,26.9,44.1,0.301,Low
INC-01092,2021-02-17,Russia,Retail,Corporate-LAN,SQL Injection,Hacktivist,Misconfiguration,AI-based IDS,558,123793,1.872,17.2,23.0,0.788,Medium
INC-01093,2021-02-17,USA,Education,University-Campus,Phishing,Cybercriminal,Social Engineering,Firewall,1233,69175,1.628,14.2,61.3,0.733,Medium
INC-01094,2021-02-19,USA,IT & Telecom,Cloud-DC,Zero-Day Exploit,Nation-State,Zero-Day,Antivirus,5736,477404,7.676,89.1,80.9,3.736,High
INC-01095,2021-02-19,USA,Finance,Corporate-LAN,Phishing,Nation-State,Social Engineering,AI-based IDS,3801,2055,0.059,5.4,50.5,0.639,Medium
INC-01096,2021-02-19,UK,Education,University-Campus,DDoS,Hacktivist,Unpatched Software,Antivirus,4479,151,0.003,5.1,5.5,0.13,Low
INC-01097,2021-02-19,Japan,IT & Telecom,Cloud-DC,Ransomware,Cybercriminal,Unpatched Software,Encryption,1360,9826,0.139,20.7,125.9,2.536,High
INC-01098,2021-02-20,USA,Government,Corporate-LAN,Zero-Day Exploit,Nation-State,Zero-Day,MFA,565,59686,1.363,81.2,254.9,2.877,High
INC-01099,2021-02-20,China,Government,Cloud-DC,Ransomware,Cybercriminal,Unpatched Software,MFA,650,68854,2.037,1.4,110.4,2.55,High
INC-01100,2021-02-21,Brazil,Healthcare,Corporate-LAN,Phishing,Cybercriminal,Social Engineering,Antivirus,2188,18073,0.229,8.7,28.3,0.534,Medium
INC-01101,2021-02-22,Brazil,Government,Corporate-LAN,SQL Injection,Unknown,Misconfiguration,Firewall,4016,196919,4.844,13.6,25.6,1.282,Medium
INC-01102,2021-02-23,UK,Finance,Banking-Core,Malware,Unknown,Social Engineering,Antivirus,4532,93162,0.991,11.2,65.6,1.409,Medium
INC-01103,2021-02-23,UK,Healthcare,Cloud-DC,Phishing,Cybercriminal,Social Engineering,Firewall,459,5398,0.141,37.4,31.7,0.463,Low
INC-01104,2021-02-24,Germany,Retail,Corporate-LAN,SQL Injection,Unknown,Unpatched Software,Antivirus,23231,45372,0.749,31.8,32.7,0.685,Medium
INC-01105,2021-02-24,Japan,Government,Cloud-DC,Zero-Day Exploit,Cybercriminal,Zero-Day,Encryption,3823,12911,0.213,40.4,159.5,0.9,Medium
INC-01106,2021-02-24,USA,Finance,Corporate-LAN,Ransomware,Cybercriminal,Unpatched Software,Encryption,815,2537724,43.257,14.4,53.0,14.947,Critical
INC-01107,2021-02-24,China,Retail,Corporate-LAN,Credential Stuffing,Cybercriminal,Weak Passwords,Encryption,3998,178401,2.826,56.0,76.4,1.106,Medium
INC-01108,2021-02-25,UK,Energy,IoT-Grid,Ransomware,Cybercriminal,Unpatched Software,Firewall,4383,43544,1.158,5.2,112.9,3.461,High
INC-01109,2021-02-25,Australia,Retail,Cloud-DC,Phishing,Nation-State,Social Engineering,Encryption,422,57204,1.101,20.4,35.2,0.569,Medium
INC-01110,2021-02-25,USA,Retail,Cloud-DC,Credential Stuffing,Cybercriminal,Misconfiguration,AI-based IDS,683,756,0.008,16.7,53.0,0.466,Low
INC-01111,2021-02-25,USA,Finance,Banking-Core,Insider Threat,Insider,Excess Privileges,Firewall,47,965883,21.35,87.5,113.5,7.172,Critical
INC-01112,2021-02-26,India,Government,Corporate-LAN,Zero-Day Exploit,Nation-State,Zero-Day,Firewall,1258,7142,0.173,77.8,66.3,0.556,Medium
INC-01113,2021-02-26,USA,Finance,Banking-Core,DDoS,Hacktivist,Misconfiguration,MFA,30928,2399,0.024,3.9,11.5,0.285,Low
INC-01114,2021-02-27,Brazil,Retail,Cloud-DC,DDoS,Hacktivist,Misconfiguration,Firewall,10713,964,0.019,0.4,9.0,0.15,Low
INC-01115,2021-02-27,Australia,IT & Telecom,Cloud-DC,Malware,Cybercriminal,Social Engineering,Encryption,67,143851,3.055,34.5,33.6,1.053,Medium
INC-01116,2021-02-27,India,Education,University-Campus,Malware,Cybercriminal,Social Engineering,MFA,1022,134970,3.074,58.8,72.3,1.063,Medium
INC-01117,2021-02-28,Japan,Healthcare,Cloud-DC,Phishing,Cybercriminal,Social Engineering,Antivirus,3813,13172,0.278,38.4,32.2,0.555,Medium
INC-01118,2021-02-28,China,Government,Corporate-LAN,DDoS,Cybercriminal,Misconfiguration,MFA,55873,162,0.004,0.7,6.8,0.344,Low
INC-01119,2021-02-28,China,Retail,Corporate-LAN,Phishing,Cybercriminal,Social Engineering,MFA,5130,34939,0.97,17.1,28.1,0.484,Low
INC-01120,2021-02-28,Australia,Healthcare,IoT-Grid,Ransomware,Cybercriminal,Unpatched Software,VPN,7002,203257,2.594,5.4,60.0,2.702,High
INC-01121,2021-03-01,Australia,IT & Telecom,Corporate-LAN,Malware,Cybercriminal,Social Engineering,Antivirus,1585,5462,0.13,19.4,42.3,0.488,Low
INC-01122,2021-03-01,Russia,Finance,Cloud-DC,Phishing,Nation-State,Social Engineering,AI-based IDS,7992,723,0.019,5.0,11.8,0.319,Low
INC-01123,2021-03-02,Brazil,Government,Cloud-DC,Phishing,Cybercriminal,Social Engineering,Encryption,6271,8594,0.253,61.8,95.1,1.031,Medium
INC-01124,2021-03-02,India,Finance,Banking-Core,Insider Threat,Insider,Excess Privileges,Antivirus,394,21284,0.284,278.7,209.8,1.871,High
INC-01125,2021-03-02,India,Finance,Banking-Core,Credential Stuffing,Cybercriminal,Weak Passwords,VPN,900,16788,0.294,92.6,98.1,0.877,Medium
INC-01126,2021-03-02,Russia,Retail,Corporate-LAN,SQL Injection,Cybercriminal,Misconfiguration,Firewall,3036,86247,1.402,58.9,62.0,0.848,Medium
INC-01127,2021-03-03,USA,Education,Cloud-DC,Phishing,Cybercriminal,Social Engineering,Antivirus,7222,7057,0.156,34.4,40.8,0.468,Low
INC-01128,2021-03-03,India,Education,University-Campus,DDoS,Nation-State,Misconfiguration,Encryption,14477,111,0.003,0.8,11.4,0.187,Low
INC-01129,2021-03-04,USA,Retail,Cloud-DC,Credential Stuffing,Cybercriminal,Weak Passwords,Encryption,31316,120429,2.406,20.6,18.0,0.607,Medium
INC-01130,2021-03-04,Japan,Healthcare,Cloud-DC,Ransomware,Unknown,Social Engineering,MFA,7804,100850,2.66,11.4,316.9,2.663,High
INC-01131,2021-03-05,Russia,Finance,Banking-Core,Phishing,Cybercriminal,Weak Passwords,Encryption,368,142540,3.707,26.8,20.9,1.217,Medium
INC-01132,2021-03-06,UK,Finance,Banking-Core,Malware,Nation-State,Social Engineering,AI-based IDS,30315,22091,0.644,11.7,23.9,0.482,Low
INC-01133,2021-03-06,USA,Education,University-Campus,DDoS,Cybercriminal,Misconfiguration,VPN,241,1017,0.028,0.2,9.3,0.15,Low
INC-01134,2021-03-06,Japan,Healthcare,Cloud-DC,Ransomware,Cybercriminal,Weak Passwords,VPN,719,77766,2.246,3.6,98.5,4.307,High
INC-01135,2021-03-07,Germany,Government,Corporate-LAN,Insider Threat,Insider,Excess Privileges,VPN,220,143314,3.546,144.9,98.2,0.65,Medium
INC-01136,2021-03-08,USA,Government,Corporate-LAN,DDoS,Hacktivist,Misconfiguration,VPN,7311,3619,0.082,1.1,29.0,0.256,Low
INC-01137,2021-03-08,Japan,Education,University-Campus,Malware,Cybercriminal,Social Engineering,VPN,10094,27326,0.284,60.3,54.4,0.385,Low
INC-01138,2021-03-08,Russia,IT & Telecom,Cloud-DC,Ransomware,Cybercriminal,Unpatched Software,MFA,617,119574,2.992,11.1,39.9,2.169,High
INC-01139,2021-03-10,Germany,Government,Corporate-LAN,DDoS,Cybercriminal,Misconfiguration,Firewall,668,97,0.001,3.8,10.7,0.151,Low
INC-01140,2021-03-10,Australia,Healthcare,IoT-Grid,SQL Injection,Cybercriminal,Unpatched Software,AI-based IDS,265,30656,0.457,4.8,25.0,0.598,Medium
INC-01141,2021-03-10,India,Energy,IoT-Grid,Malware,Nation-State,Social Engineering,Antivirus,6211,81267,2.051,40.7,44.5,0.739,Medium
INC-01142,2021-03-11,Germany,IT & Telecom,Corporate-LAN,Malware,Nation-State,Unpatched Software,MFA,9062,47880,1.165,32.0,70.7,0.968,Medium
INC-01143,2021-03-12,UK,Retail,Cloud-DC,DDoS,Hacktivist,Unpatched Software,Firewall,51864,1933,0.026,0.4,10.2,0.234,Low
INC-01144,2021-03-12,USA,Finance,Cloud-DC,Credential Stuffing,Cybercriminal,Weak Passwords,Antivirus,4576,60437,1.552,10.5,22.6,0.867,Medium
INC-01145,2021-03-12,Brazil,Healthcare,Cloud-DC,Insider Threat,Insider,Excess Privileges,Firewall,176,8325,0.173,28.1,51.1,0.862,Medium
INC-01146,2021-03-12,Germany,Education,University-Campus,SQL Injection,Cybercriminal,Misconfiguration,Firewall,11503,72272,1.707,19.9,94.8,0.722,Medium
INC-01147,2021-03-12,Germany,Finance,Banking-Core,Ransomware,Unknown,Unpatched Software,Firewall,343,76306,1.077,3.0,161.5,4.478,High
INC-01148,2021-03-13,China,Healthcare,IoT-Grid,Credential Stuffing,Cybercriminal,Weak Passwords,VPN,7513,2703,0.056,16.1,27.5,0.435,Low
INC-01149,2021-03-13,USA,Government,Corporate-LAN,Ransomware,Cybercriminal,Unpatched Software,Encryption,35037,17080,0.416,8.8,84.5,2.241,High
INC-01150,2021-03-13,USA,Government,Cloud-DC,Phishing,Nation-State,Social Engineering,Encryption,2893,32481,0.951,4.8,14.7,0.397,Low
INC-01151,2021-03-13,USA,Finance,Banking-Core,Phishing,Unknown,Social Engineering,AI-based IDS,671,80490,0.886,15.8,33.5,0.943,Medium
INC-01152,2021-03-14,Russia,IT & Telecom,Cloud-DC,DDoS,Unknown,Misconfiguration,Firewall,35528,148,0.003,1.3,7.8,0.225,Low
INC-01153,2021-03-14,UK,Retail,Corporate-LAN,SQL Injection,Hacktivist,Unpatched Software,AI-based IDS,242,59201,1.018,10.0,15.5,0.37,Low
INC-01154,2021-03-14,Germany,Government,Cloud-DC,DDoS,Hacktivist,Misconfiguration,Firewall,384,413,0.008,0.8,20.7,0.287,Low
INC-01155,2021-03-14,China,Government,Corporate-LAN,Phishing,Cybercriminal,Social Engineering,Firewall,327,245272,3.464,17.8,14.3,1.262,Medium
INC-01156,2021-03-14,France,Government,Corporate-LAN,Phishing,Cybercriminal,Social Engineering,Antivirus,21171,31982,0.594,14.1,22.8,0.484,Low
INC-01157,2021-03-15,Brazil,Retail,Cloud-DC,Phishing,Nation-State,Social Engineering,Firewall,3129,63175,1.865,7.5,14.6,0.565,Medium
INC-01158,2021-03-16,Russia,Energy,IoT-Grid,Malware,Nation-State,Social Engineering,Antivirus,1863,3408,0.064,3.9,14.6,0.322,Low
INC-01159,2021-03-16,India,Finance,Banking-Core,Insider Threat,Insider,Excess Privileges,AI-based IDS,120,65627,1.257,141.4,139.6,1.281,Medium
INC-01160,2021-03-16,Australia,Finance,Banking-Core,Credential Stuffing,Cybercriminal,Weak Passwords,Antivirus,1320,14970,0.411,19.4,55.9,0.661,Medium
INC-01161,2021-03-16,Russia,Healthcare,Corporate-LAN,Phishing,Unknown,Social Engineering,MFA,52,101317,1.361,14.4,36.6,0.841,Medium
INC-01162,2021-03-16,Russia,Finance,Banking-Core,Ransomware,Nation-State,Weak Passwords,AI-based IDS,6734,9734,0.214,12.8,65.9,2.31,High
INC-01163,2021-03-17,USA,Retail,Corporate-LAN,Ransomware,Unknown,Unpatched Software,Antivirus,744,21548,0.522,21.5,50.2,1.274,Medium
INC-01164,2021-03-17,France,Healthcare,Corporate-LAN,SQL Injection,Cybercriminal,Unpatched Software,Firewall,7600,13121,0.325,22.2,25.0,0.372,Low
INC-01165,2021-03-18,France,Healthcare,IoT-Grid,Zero-Day Exploit,Hacktivist,Zero-Day,Firewall,10587,35065,0.535,30.0,74.1,0.727,Medium
INC-01166,2021-03-18,USA,Finance,Banking-Core,Malware,Cybercriminal,Unpatched Software,AI-based IDS,15824,16128,0.38,3.2,37.2,0.611,Medium
INC-01167,2021-03-19,USA,Government,Corporate-LAN,Malware,Unknown,Unpatched Software,Antivirus,1589,7513,0.195,10.7,40.1,0.435,Low
INC-01168,2021-03-19,Australia,Retail,Cloud-DC,Credential Stuffing,Cybercriminal,Weak Passwords,AI-based IDS,6772,167206,4.059,7.6,49.7,1.166,Medium
INC-01169,2021-03-19,India,Finance,Banking-Core,Ransomware,Cybercriminal,Unpatched Software,MFA,1356,2611,0.067,18.4,92.6,2.701,High
INC-01170,2021-03-19,Japan,Energy,IoT-Grid,Ransomware,,Unpatched Software,Encryption,5518,6747,0.127,7.0,43.3,2.252,High
INC-01171,2021-03-20,UK,Retail,Corporate-LAN,DDoS,Cybercriminal,Unpatched Software,Antivirus,6922,8770,0.152,0.7,10.8,0.355,Low
INC-01172,2021-03-20,USA,IT & Telecom,Cloud-DC,Ransomware,Cybercriminal,Social Engineering,Antivirus,3411,14451,0.192,5.6,42.4,2.175,High
INC-01173,2021-03-20,USA,Education,University-Campus,Phishing,Cybercriminal,Social Engineering,Antivirus,5927,240256,6.567,64.8,47.2,1.024,Medium
INC-01174,2021-03-20,Germany,Energy,IoT-Grid,Zero-Day Exploit,Nation-State,Zero-Day,MFA,2631,1310,0.024,100.1,76.8,1.083,Medium
INC-01175,2021-03-20,Russia,IT & Telecom,Corporate-LAN,SQL Injection,Unknown,Misconfiguration,Antivirus,11322,170513,2.657,17.0,35.2,1.316,Medium
INC-01176,2021-03-22,Japan,Education,University-Campus,Man-in-the-Middle,Cybercriminal,Misconfiguration,Antivirus,2062,450112,9.513,22.9,29.7,1.734,High
INC-01177,2021-03-23,Japan,Energy,IoT-Grid,Phishing,Cybercriminal,Social Engineering,Antivirus,1999,1121,0.015,57.5,50.1,0.423,Low
INC-01178,2021-03-23,UK,Government,Cloud-DC,Zero-Day Exploit,Unknown,Zero-Day,AI-based IDS,749,292600,3.221,73.8,234.0,2.65,High
INC-01179,2021-03-23,Germany,Finance,Banking-Core,Ransomware,Unknown,Unpatched Software,Firewall,1181,30270,0.704,18.0,197.6,3.022,High
INC-01180,2021-03-23,USA,IT & Telecom,Cloud-DC,Ransomware,Cybercriminal,Unpatched Software,Antivirus,70323,231707,6.64,4.9,71.0,2.673,High
INC-01181,2021-03-24,China,Education,Cloud-DC,DDoS,Hacktivist,Misconfiguration,MFA,24531,124,0.004,0.5,4.9,0.138,Low
INC-01182,2021-03-26,USA,Government,Corporate-LAN,Man-in-the-Middle,Hacktivist,Weak Passwords,AI-based IDS,6580,226685,4.885,21.4,18.1,1.379,Medium
INC-01183,2021-03-26,USA,IT & Telecom,Corporate-LAN,SQL Injection,Cybercriminal,Misconfiguration,Antivirus,1735,7191,0.118,92.3,104.3,0.553,Medium
INC-01184,2021-03-28,UK,Healthcare,IoT-Grid,Ransomware,Cybercriminal,Weak Passwords,Firewall,732,2954,0.07,2.3,26.7,1.647,High
INC-01185,2021-03-28,USA,Healthcare,IoT-Grid,Zero-Day Exploit,Cybercriminal,Zero-Day,Firewall,9268,68705,0.87,362.0,241.6,2.33,High
INC-01186,2021-03-28,UK,Retail,Cloud-DC,Phishing,Hacktivist,Social Engineering,Firewall,3523,181417,2.597,14.3,24.9,1.296,Medium
INC-01187,2021-04-01,Russia,IT & Telecom,Cloud-DC,Phishing,Unknown,Social Engineering,Firewall,334,13641,0.213,16.8,22.8,0.412,Low
INC-01188,2021-04-01,Brazil,Retail,Corporate-LAN,Credential Stuffing,Cybercriminal,Misconfiguration,Firewall,7721,3388,0.095,12.4,26.7,0.253,Low
INC-01189,2021-04-01,UK,Healthcare,Cloud-DC,Ransomware,Cybercriminal,Social Engineering,Firewall,2364,21632,0.501,30.6,47.7,2.172,High
INC-01190,2021-04-02,Germany,Retail,Cloud-DC,Phishing,Cybercriminal,Social Engineering,Firewall,5362,23381,0.493,22.4,26.2,0.363,Low
INC-01191,2021-04-02,UK,Healthcare,Corporate-LAN,SQL Injection,Nation-State,Unpatched Software,MFA,30772,8978,0.232,10.3,161.3,1.166,Medium
INC-01192,2021-04-02,India,Energy,IoT-Grid,DDoS,Hacktivist,Misconfiguration,Firewall,850,991,0.027,0.6,7.1,0.292,Low
INC-01193,2021-04-02,Australia,Finance,Cloud-DC,Credential Stuffing,Cybercriminal,Weak Passwords,AI-based IDS,5920,2510,0.047,16.7,78.7,0.758,Medium
INC-01194,2021-04-04,USA,Finance,Cloud-DC,Malware,Nation-State,Social Engineering,AI-based IDS,3618,13584,0.207,9.6,50.3,0.954,Medium
INC-01195,2021-04-05,Japan,Government,Cloud-DC,Man-in-the-Middle,Nation-State,Misconfiguration,VPN,4709,1306,0.017,9.4,104.4,0.925,Medium
INC-01196,2021-04-05,Australia,Finance,Cloud-DC,SQL Injection,Hacktivist,Unpatched Software,Firewall,8703,28691,0.732,17.8,37.6,0.735,Medium
INC-01197,2021-04-05,India,Government,Corporate-LAN,Zero-Day Exploit,Nation-State,Zero-Day,Firewall,3946,13552,0.23,76.3,73.3,0.692,Medium
INC-01198,2021-04-06,India,IT & Telecom,Cloud-DC,DDoS,Nation-State,Misconfiguration,Antivirus,204462,48,0.001,0.9,10.2,0.296,Low
INC-01199,2021-04-08,USA,IT & Telecom,Cloud-DC,Credential Stuffing,Cybercriminal,Weak Passwords,Antivirus,1589,32599,0.675,7.6,50.2,0.588,Medium
INC-01200,2021-04-08,Australia,Education,Cloud-DC,DDoS,Nation-State,Misconfiguration,Firewall,5179,2464,0.025,1.1,5.5,0.105,Low
INC-01201,2021-04-09,Australia,Finance,Banking-Core,Insider Threat,Insider,Excess Privileges,Firewall,237,119854,2.343,84.9,134.4,1.703,High
INC-01202,2021-04-10,China,Finance,Cloud-DC,Malware,Nation-State,Unpatched Software,Antivirus,1428,857,0.017,32.1,59.1,0.341,Low
INC-01203,2021-04-10,India,Energy,IoT-Grid,Malware,Cybercriminal,Unpatched Software,MFA,1477,20177,0.433,16.5,145.2,1.529,High
INC-01204,2021-04-10,India,Healthcare,Cloud-DC,Zero-Day Exploit,Nation-State,Zero-Day,Firewall,692,7351,0.144,136.0,101.7,1.162,Medium
INC-01205,2021-04-10,India,Education,Cloud-DC,Phishing,Nation-State,Social Engineering,AI-based IDS,820,10669,0.137,10.2,49.1,0.319,Low
INC-01206,2021-04-11,USA,Healthcare,Corporate-LAN,Credential Stuffing,Cybercriminal,Weak Passwords,Encryption,6760,22781,0.248,123.8,87.3,0.713,Medium
INC-01207,2021-04-11,China,Retail,Corporate-LAN,SQL Injection,Cybercriminal,Misconfiguration,AI-based IDS,6914,160793,3.317,2.9,64.4,1.527,High
INC-01208,2021-04-11,UK,Energy,IoT-Grid,Zero-Day Exploit,Nation-State,Zero-Day,Firewall,1114,29740,0.76,134.7,138.1,1.647,High
INC-01209,2021-04-11,Australia,Government,Cloud-DC,DDoS,Nation-State,Unpatched Software,Antivirus,23203,420,0.01,1.0,22.0,0.286,Low
INC-01210,2021-04-12,China,Healthcare,Corporate-LAN,Phishing,Unknown,Social Engineering,Firewall,10189,14970,0.159,7.5,29.4,0.453,Low
INC-01211,2021-04-12,France,Finance,Banking-Core,Man-in-the-Middle,Nation-State,Weak Passwords,Firewall,8241,26869,0.462,70.9,46.4,0.768,Medium
INC-01212,2021-04-13,Brazil,Healthcare,Cloud-DC,Phishing,Cybercriminal,Weak Passwords,AI-based IDS,3041,9789,0.118,15.9,26.2,0.44,Low
INC-01213,2021-04-14,UK,IT & Telecom,Cloud-DC,Insider Threat,Insider,Excess Privileges,AI-based IDS,21,3849,0.076,73.2,74.4,0.541,Medium
INC-01214,2021-04-15,Japan,IT & Telecom,Cloud-DC,Zero-Day Exploit,Nation-State,Zero-Day,Encryption,505,60438,1.04,60.7,220.7,1.479,Medium
INC-01215,2021-04-15,USA,Energy,Corporate-LAN,Ransomware,Cybercriminal,Social Engineering,MFA,7643,49396,1.109,1.5,428.6,5.599,Critical
INC-01216,2021-04-15,UK,Education,University-Campus,Phishing,,Social Engineering,Firewall,1553,43249,0.944,6.2,29.5,0.33,Low
INC-01217,2021-04-16,Brazil,Finance,Corporate-LAN,Ransomware,Cybercriminal,Social Engineering,Firewall,30875,70770,0.848,10.7,118.1,3.748,High
INC-01218,2021-04-16,Australia,Finance,Cloud-DC,Credential Stuffing,Cybercriminal,Weak Passwords,Antivirus,5892,54532,1.624,17.6,37.9,0.7,Medium
INC-01219,2021-04-17,USA,Healthcare,Corporate-LAN,Ransomware,Cybercriminal,Unpatched Software,Firewall,9439,10485,0.296,7.5,33.2,1.942,High
INC-01220,2021-04-18,Brazil,Healthcare,Cloud-DC,Ransomware,Cybercriminal,Social Engineering,Firewall,1252,37153,0.748,2.4,104.4,3.116,High
INC-01221,2021-04-18,USA,Finance,Banking-Core,SQL Injection,Cybercriminal,Misconfiguration,Firewall,1858,213550,3.605,13.1,92.1,2.087,High
INC-01222,2021-04-18,Germany,Finance,Cloud-DC,DDoS,Unknown,Misconfiguration,Firewall,2461,89,0.001,2.0,3.6,0.182,Low
INC-01223,2021-04-18,India,Education,Cloud-DC,DDoS,Hacktivist,Unpatched Software,Firewall,15339,14204,0.223,1.2,10.6,0.19,Low
INC-01224,2021-04-18,Russia,IT & Telecom,Cloud-DC,Zero-Day Exploit,Cybercriminal,Zero-Day,Firewall,3166,29229,0.653,98.6,113.5,1.207,Medium
INC-01225,2021-04-18,India,Healthcare,IoT-Grid,Phishing,Cybercriminal,Social Engineering,VPN,250,1627,0.035,16.5,30.7,0.521,Medium
INC-01226,2021-04-19,USA,Government,Corporate-LAN,DDoS,Hacktivist,Unpatched Software,Antivirus,130331,35,0.001,0.3,31.2,0.517,Medium
INC-01227,2021-04-19,China,IT & Telecom,Cloud-DC,SQL Injection,Hacktivist,Misconfiguration,MFA,1964,28547,0.569,38.2,36.6,0.62,Medium
INC-01228,2021-04-19,USA,Government,Corporate-LAN,SQL Injection,Cybercriminal,Misconfiguration,AI-based IDS,1449,96678,1.431,3.4,13.8,0.854,Medium
INC-01229,2021-04-19,Japan,Finance,Banking-Core,Insider Threat,Insider,Misconfiguration,VPN,53,147602,3.242,47.3,34.3,1.056,Medium
INC-01230,2021-04-20,Germany,Retail,Corporate-LAN,SQL Injection,Hacktivist,Misconfiguration,AI-based IDS,2228,6606,0.072,11.2,44.4,0.315,Low
INC-01231,2021-04-20,USA,Retail,Corporate-LAN,DDoS,Hacktivist,Unpatched Software,Encryption,7399,31,0.001,1.9,9.5,0.168,Low
INC-01232,2021-04-20,Australia,Healthcare,Cloud-DC,Phishing,Nation-State,Social Engineering,VPN,2609,45683,0.974,41.5,27.4,0.536,Medium
INC-01233,2021-04-20,China,Healthcare,IoT-Grid,Insider Threat,Insider,Misconfiguration,AI-based IDS,140,2024,0.029,50.7,62.4,0.862,Medium
INC-01234,2021-04-21,France,Education,University-Campus,Ransomware,Nation-State,Unpatched Software,Firewall,154,3798,0.101,10.3,114.3,1.489,Medium
INC-01235,2021-04-21,Germany,Education,University-Campus,Ransomware,Cybercriminal,Social Engineering,VPN,5458,9625,0.107,8.7,138.9,1.093,Medium
INC-01236,2021-04-21,USA,Energy,IoT-Grid,Zero-Day Exploit,,Zero-Day,Firewall,7250,235843,2.768,234.6,162.1,1.698,High
INC-01237,2021-04-22,Russia,IT & Telecom,Cloud-DC,Malware,Cybercriminal,Social Engineering,MFA,3697,16408,0.421,6.0,41.7,0.758,Medium
INC-01238,2021-04-23,USA,Finance,Banking-Core,DDoS,Nation-State,Unpatched Software,Antivirus,2484,1137,0.012,2.7,7.1,0.297,Low
INC-01239,2021-04-25,USA,Education,Cloud-DC,Ransomware,Cybercriminal,Social Engineering,MFA,9401,31141,0.933,13.3,46.1,1.164,Medium
INC-01240,2021-04-25,Brazil,Finance,Banking-Core,Phishing,Cybercriminal,Social Engineering,Antivirus,3295,4324,0.093,33.1,97.4,0.834,Medium
INC-01241,2021-04-25,China,Healthcare,Corporate-LAN,Insider Threat,Insider,Weak Passwords,AI-based IDS,36,40685,1.115,30.5,36.0,0.664,Medium
INC-01242,2021-04-26,France,Government,Corporate-LAN,Ransomware,Cybercriminal,Weak Passwords,VPN,20829,10420,0.26,18.8,62.5,2.142,High
INC-01243,2021-04-26,Brazil,Healthcare,Corporate-LAN,DDoS,Hacktivist,Misconfiguration,Firewall,10340,121,0.003,2.3,26.6,0.556,Medium
INC-01244,2021-04-27,UK,Energy,IoT-Grid,DDoS,Hacktivist,Misconfiguration,Antivirus,2731,17500,0.218,1.3,7.4,0.216,Low
INC-01245,2021-04-28,Russia,IT & Telecom,Cloud-DC,Ransomware,Cybercriminal,Weak Passwords,Firewall,1095,2129,0.056,12.2,112.0,3.556,High
INC-01246,2021-04-28,Japan,Government,Corporate-LAN,DDoS,Nation-State,Misconfiguration,VPN,4600,37,0.001,1.1,24.2,0.381,Low
INC-01247,2021-04-28,UK,Energy,IoT-Grid,Phishing,Cybercriminal,Social Engineering,MFA,759,8220,0.083,61.0,83.4,0.716,Medium
INC-01248,2021-05-01,USA,Education,University-Campus,Credential Stuffing,Unknown,Weak Passwords,VPN,29125,707243,20.127,9.2,40.9,2.591,High
INC-01249,2021-05-01,Japan,Healthcare,IoT-Grid,Phishing,Unknown,Social Engineering,Firewall,5810,3886,0.073,13.6,47.4,0.647,Medium
INC-01250,2021-05-01,USA,Energy,IoT-Grid,Credential Stuffing,Cybercriminal,Weak Passwords,VPN,235,22946,0.245,68.7,86.7,0.722,Medium
INC-01251,2021-05-02,UK,Retail,Corporate-LAN,SQL Injection,Unknown,Unpatched Software,VPN,2001,31198,0.902,16.6,47.0,0.602,Medium
INC-01252,2021-05-02,UK,Retail,Corporate-LAN,Credential Stuffing,Cybercriminal,Weak Passwords,Encryption,558,25681,0.703,65.4,167.2,1.309,Medium
INC-01253,2021-05-02,China,Energy,IoT-Grid,Malware,Cybercriminal,Social Engineering,MFA,12936,98018,2.776,44.9,37.2,0.859,Medium
INC-01254,2021-05-02,USA,Finance,Cloud-DC,DDoS,Nation-State,Misconfiguration,Antivirus,5500,208,0.003,0.8,9.0,0.274,Low
INC-01255,2021-05-02,Russia,Finance,Banking-Core,Phishing,Nation-State,Social Engineering,VPN,32187,130884,3.326,21.7,15.8,1.051,Medium
INC-01256,2021-05-03,USA,Energy,IoT-Grid,Zero-Day Exploit,Hacktivist,Zero-Day,VPN,6539,59290,1.618,16.1,56.8,0.654,Medium
INC-01257,2021-05-03,Japan,Retail,Corporate-LAN,Malware,Hacktivist,Unpatched Software,Firewall,968,14862,0.2,31.3,44.1,0.676,Medium
INC-01258,2021-05-05,Russia,IT & Telecom,Cloud-DC,Phishing,Cybercriminal,Social Engineering,Firewall,2240,35360,1.01,14.4,18.0,0.376,Low
INC-01259,2021-05-05,Germany,Finance,Cloud-DC,DDoS,Cybercriminal,Misconfiguration,Antivirus,2366,1842,0.03,0.5,3.9,0.229,Low
INC-01260,2021-05-06,India,Finance,Banking-Core,SQL Injection,Cybercriminal,Unpatched Software,Firewall,3677,9543,0.28,25.1,25.3,0.595,Medium
INC-01261,2021-05-07,Japan,Education,University-Campus,Phishing,Cybercriminal,Social Engineering,Encryption,7175,20004,0.533,16.8,24.9,0.329,Low
INC-01262,2021-05-07,UK,Education,University-Campus,Ransomware,Cybercriminal,Social Engineering,Firewall,6574,42674,1.145,7.3,96.8,1.442,Medium
INC-01263,2021-05-07,USA,Healthcare,IoT-Grid,Ransomware,Cybercriminal,Unpatched Software,AI-based IDS,12693,58250,1.257,2.3,24.2,1.663,High
INC-01264,2021-05-07,China,Healthcare,Corporate-LAN,SQL Injection,Cybercriminal,Unpatched Software,MFA,328,119721,3.397,12.5,25.0,0.843,Medium
INC-01265,2021-05-07,Germany,Healthcare,IoT-Grid,Phishing,Nation-State,Social Engineering,AI-based IDS,901,203072,5.252,32.1,29.7,1.34,Medium
INC-01266,2021-05-08,China,Government,Corporate-LAN,Phishing,Cybercriminal,Social Engineering,VPN,2363,1781,0.03,29.5,27.4,0.404,Low
INC-01267,2021-05-08,Germany,Retail,Corporate-LAN,Insider Threat,Insider,Excess Privileges,Encryption,283,2667,0.063,42.3,23.9,0.324,Low
INC-01268,2021-05-09,Japan,Government,Corporate-LAN,Phishing,Nation-State,Social Engineering,Firewall,2030,3467,0.058,183.3,103.6,0.742,Medium
INC-01269,2021-05-09,India,Retail,Cloud-DC,Man-in-the-Middle,Unknown,Unpatched Software,Antivirus,3091,16148,0.388,72.4,57.1,0.483,Low
INC-01270,2021-05-10,India,Energy,Corporate-LAN,SQL Injection,Cybercriminal,Misconfiguration,Firewall,267,2762,0.062,27.1,42.3,0.593,Medium
INC-01271,2021-05-13,Japan,Retail,Cloud-DC,SQL Injection,Cybercriminal,Unpatched Software,Antivirus,9594,272935,4.575,30.6,80.3,1.507,High
INC-01272,2021-05-13,France,Healthcare,Cloud-DC,Ransomware,Cybercriminal,Weak Passwords,Antivirus,2141,232104,6.866,10.1,29.3,5.068,Critical
INC-01273,2021-05-14,UK,Healthcare,Corporate-LAN,Malware,Nation-State,Social Engineering,MFA,3813,8706,0.111,81.5,57.6,0.416,Low
INC-01274,2021-05-14,USA,Education,Cloud-DC,Credential Stuffing,Cybercriminal,Weak Passwords,Encryption,6803,10865,0.258,15.7,64.7,0.303,Low
INC-01275,2021-05-14,Russia,Healthcare,Corporate-LAN,Ransomware,Cybercriminal,Social Engineering,MFA,1595,393715,7.378,2.3,44.8,4.842,High
INC-01276,2021-05-14,USA,Energy,IoT-Grid,Insider Threat,Insider,Excess Privileges,Antivirus,2505,242485,5.02,187.4,147.6,2.708,High
INC-01277,2021-05-15,Australia,Government,Cloud-DC,Zero-Day Exploit,Nation-State,Zero-Day,Firewall,140,39312,0.567,44.2,70.4,0.692,Medium
INC-01278,2021-05-16,Japan,Finance,Cloud-DC,DDoS,Hacktivist,Unpatched Software,MFA,5161,50,0.001,3.1,8.6,0.345,Low
INC-01279,2021-05-17,Japan,Healthcare,Corporate-LAN,Credential Stuffing,Cybercriminal,Weak Passwords,Encryption,5405,145391,3.21,14.1,88.3,1.49,Medium
INC-01280,2021-05-17,India,Energy,Corporate-LAN,SQL Injection,Nation-State,Misconfiguration,Encryption,2493,881,0.019,73.3,50.0,0.402,Low
INC-01281,2021-05-17,France,Government,Cloud-DC,Zero-Day Exploit,Nation-State,Zero-Day,Firewall,1630,2503,0.063,31.3,72.8,0.524,Medium
INC-01282,2021-05-18,India,Healthcare,Cloud-DC,Malware,Cybercriminal,Social Engineering,Firewall,2385,23868,0.246,5.9,108.5,1.125,Medium
INC-01283,2021-05-18,China,Finance,Banking-Core,Credential Stuffing,Cybercriminal,Weak Passwords,Antivirus,8286,145491,3.301,72.4,86.6,1.471,Medium
INC-01284,2021-05-20,France,Government,Corporate-LAN,Malware,Nation-State,Social Engineering,Firewall,1104,75348,1.79,8.6,37.7,0.749,Medium
INC-01285,2021-05-21,Japan,Finance,Banking-Core,Insider Threat,Insider,Excess Privileges,VPN,266,6901,0.145,59.8,61.0,0.99,Medium
INC-01286,2021-05-22,India,Finance,Banking-Core,Phishing,Hacktivist,Social Engineering,Firewall,31131,46697,0.634,27.1,40.2,0.978,Medium
INC-01287,2021-05-22,UK,Retail,Cloud-DC,DDoS,Nation-State,Misconfiguration,MFA,6948,191,0.003,1.2,11.5,0.199,Low
INC-01288,2021-05-22,Germany,IT & Telecom,Corporate-LAN,Malware,Hacktivist,Unpatched Software,Antivirus,59058,44351,1.017,22.6,28.0,0.494,Low
INC-01289,2021-05-23,UK,IT & Telecom,Cloud-DC,Phishing,Unknown,Social Engineering,Firewall,24681,40439,0.431,9.0,88.2,1.099,Medium
INC-01290,2021-05-24,India,Government,Cloud-DC,DDoS,Hacktivist,Unpatched Software,Firewall,43471,418,0.01,0.7,6.5,0.173,Low
INC-01291,2021-05-24,Australia,Healthcare,Cloud-DC,Credential Stuffing,Cybercriminal,Weak Passwords,Firewall,21656,1328,0.018,14.4,64.2,0.674,Medium
INC-01292,2021-05-25,India,Retail,Cloud-DC,Credential Stuffing,Cybercriminal,Weak Passwords,Antivirus,417,63173,1.715,6.5,20.7,0.67,Medium
INC-01293,2021-05-25,USA,IT & Telecom,Cloud-DC,Zero-Day Exploit,Cybercriminal,Zero-Day,MFA,13149,76853,1.086,194.7,197.4,2.118,High
INC-01294,2021-05-27,USA,IT & Telecom,Corporate-LAN,Zero-Day Exploit,Nation-State,Zero-Day,MFA,13586,242558,6.772,828.1,508.7,3.632,High
INC-01295,2021-05-27,USA,IT & Telecom,Cloud-DC,DDoS,Hacktivist,Unpatched Software,Firewall,745,1240,0.028,2.4,21.5,0.347,Low
INC-01296,2021-05-27,Russia,Healthcare,Cloud-DC,Malware,Cybercriminal,Social Engineering,MFA,17261,47051,0.905,11.5,29.0,0.593,Medium
INC-01297,2021-05-27,Australia,Finance,Banking-Core,Phishing,Nation-State,Social Engineering,AI-based IDS,1862,35220,0.826,18.4,17.9,0.967,Medium
INC-01298,2021-05-27,Germany,Government,Cloud-DC,Ransomware,Cybercriminal,Unpatched Software,MFA,3325,555897,7.795,1.2,133.9,7.573,Critical
INC-01299,2021-05-28,USA,Retail,Cloud-DC,Ransomware,Nation-State,Weak Passwords,Encryption,1126,10445,0.251,4.1,47.7,2.797,High
INC-01300,2021-05-28,France,Government,Corporate-LAN,Malware,Nation-State,Unpatched Software,Firewall,4041,7275,0.117,9.8,26.9,0.298,Low
INC-01301,2021-05-28,Germany,Education,University-Campus,Ransomware,Cybercriminal,Unpatched Software,MFA,8533,1173781,29.866,6.2,25.9,3.809,Critical
INC-01302,2021-06-01,Brazil,Education,University-Campus,Credential Stuffing,Unknown,Weak Passwords,AI-based IDS,867,73738,2.146,10.8,77.5,0.578,Medium
INC-01303,2021-06-01,China,Energy,IoT-Grid,Phishing,Cybercriminal,Social Engineering,MFA,397,18494,0.548,10.6,38.8,0.64,Medium
INC-01304,2021-06-01,Australia,IT & Telecom,Corporate-LAN,SQL Injection,Cybercriminal,Misconfiguration,Encryption,95895,664,0.014,9.2,38.1,0.357,Low
INC-01305,2021-06-01,Germany,Government,Cloud-DC,Phishing,Cybercriminal,Social Engineering,AI-based IDS,4026,12868,0.321,6.8,36.3,0.404,Low
INC-01306,2021-06-01,India,Education,University-Campus,Ransomware,Cybercriminal,Social Engineering,MFA,8214,9714,0.099,8.3,75.2,1.219,Medium
INC-01307,2021-06-02,India,Finance,Banking-Core,Malware,Cybercriminal,Social Engineering,Antivirus,26436,127374,1.43,5.7,45.4,1.214,Medium
INC-01308,2021-06-03,UK,IT & Telecom,Cloud-DC,Zero-Day Exploit,Nation-State,Zero-Day,Firewall,750,8835,0.232,87.4,102.1,0.54,Medium
INC-01309,2021-06-04,USA,Finance,Banking-Core,SQL Injection,Hacktivist,Unpatched Software,Antivirus,897,144084,4.202,164.7,111.0,2.481,High
INC-01310,2021-06-04,USA,Healthcare,Cloud-DC,SQL Injection,Cybercriminal,Unpatched Software,Antivirus,4548,629073,9.188,88.7,69.4,4.261,High
INC-01311,2021-06-04,Australia,Government,Cloud-DC,Insider Threat,Insider,Misconfiguration,Firewall,1121,637238,17.302,231.7,142.1,6.108,Critical
INC-01312,2021-06-05,USA,Finance,Cloud-DC,DDoS,Hacktivist,Unpatched Software,Antivirus,22439,179,0.004,1.4,15.5,0.369,Low
INC-01313,2021-06-05,Germany,Government,Corporate-LAN,Man-in-the-Middle,Nation-State,Unpatched Software,VPN,286,2309,0.038,8.4,99.4,0.937,Medium
INC-01314,2021-06-06,Germany,Finance,Banking-Core,Malware,Hacktivist,Social Engineering,Encryption,573,19949,0.31,176.3,146.1,1.344,Medium
INC-01315,2021-06-06,USA,Government,Corporate-LAN,Phishing,Cybercriminal,Social Engineering,MFA,25735,24797,0.517,16.7,19.2,0.362,Low
INC-01316,2021-06-06,USA,Education,University-Campus,Malware,Cybercriminal,Unpatched Software,AI-based IDS,5489,137397,2.198,4.1,136.5,0.621,Medium
INC-01317,2021-06-07,France,Finance,Corporate-LAN,SQL Injection,Cybercriminal,Unpatched Software,Firewall,787,134465,2.103,61.0,143.0,2.033,High
INC-01318,2021-06-07,Germany,Education,Cloud-DC,Phishing,Unknown,Social Engineering,Firewall,256,63782,1.452,11.9,55.2,0.382,Low
INC-01319,2021-06-08,France,Finance,Banking-Core,DDoS,Nation-State,Unpatched Software,Firewall,25303,429,0.008,0.7,8.2,0.554,Medium
INC-01320,2021-06-10,Brazil,IT & Telecom,Corporate-LAN,Zero-Day Exploit,Nation-State,Zero-Day,VPN,1989,19204,0.237,131.5,90.0,0.45,Low
INC-01321,2021-06-10,Japan,Government,Cloud-DC,Ransomware,Cybercriminal,Social Engineering,VPN,27522,235639,3.308,4.0,20.3,2.991,High
INC-01322,2021-06-11,China,Finance,Cloud-DC,DDoS,Unknown,Unpatched Software,MFA,29105,6452,0.101,1.0,14.2,0.4,Low
INC-01323,2021-06-11,India,Energy,IoT-Grid,Ransomware,Cybercriminal,Unpatched Software,Antivirus,2399,65017,0.658,4.6,59.9,2.957,High
INC-01324,2021-06-12,UK,Healthcare,Cloud-DC,Ransomware,Cybercriminal,Unpatched Software,Antivirus,4319,4165,0.05,4.6,183.9,2.848,High
INC-01325,2021-06-12,France,Energy,Corporate-LAN,Zero-Day Exploit,Nation-State,Zero-Day,AI-based IDS,291,8567,0.17,9.1,55.6,0.564,Medium
INC-01326,2021-06-13,UK,Retail,Cloud-DC,Credential Stuffing,Cybercriminal,Weak Passwords,VPN,847,71880,2.146,39.8,44.1,0.878,Medium
INC-01327,2021-06-13,India,Energy,Corporate-LAN,Insider Threat,Insider,Excess Privileges,Firewall,75,7318,0.127,92.4,139.7,2.726,High
INC-01328,2021-06-14,USA,Healthcare,Cloud-DC,Man-in-the-Middle,Nation-State,Misconfiguration,MFA,6158,4774,0.139,27.5,113.5,1.496,Medium
INC-01329,2021-06-14,UK,Finance,Cloud-DC,Phishing,Cybercriminal,Social Engineering,MFA,2758,3039,0.047,23.5,43.3,0.291,Low
INC-01330,2021-06-14,Russia,Energy,IoT-Grid,Phishing,Nation-State,Social Engineering,Firewall,1093,30946,0.841,17.1,23.8,0.453,Low
INC-01331,2021-06-14,Russia,Finance,Banking-Core,Credential Stuffing,Unknown,Weak Passwords,Firewall,1595,105303,1.675,16.1,50.9,1.063,Medium
INC-01332,2021-06-15,Brazil,Finance,Banking-Core,DDoS,Hacktivist,Misconfiguration,AI-based IDS,10543,22582,0.233,0.6,26.9,0.575,Medium
INC-01333,2021-06-16,Australia,Finance,Banking-Core,Insider Threat,Insider,Excess Privileges,Antivirus,160,13215,0.391,103.8,89.9,1.056,Medium
INC-01334,2021-06-17,UK,Energy,IoT-Grid,Ransomware,Cybercriminal,Unpatched Software,Antivirus,8941,16451,0.309,12.7,242.3,3.455,High
INC-01335,2021-06-17,India,Education,Cloud-DC,Phishing,Cybercriminal,Social Engineering,AI-based IDS,8409,75029,1.687,11.5,75.8,0.646,Medium
INC-01336,2021-06-18,China,Finance,Banking-Core,Phishing,Cybercriminal,Social Engineering,Firewall,2980,144297,2.604,97.2,57.4,1.168,Medium
INC-01337,2021-06-20,India,Government,Corporate-LAN,Zero-Day Exploit,Nation-State,Zero-Day,VPN,13611,431924,9.83,65.7,115.5,2.226,High
INC-01338,2021-06-22,Japan,Healthcare,Corporate-LAN,Phishing,Cybercriminal,Social Engineering,VPN,1278,30076,0.465,8.3,16.8,0.39,Low
INC-01339,2021-06-22,USA,Healthcare,Corporate-LAN,Insider Threat,Insider,Misconfiguration,Antivirus,621,33343,0.795,396.8,243.5,2.89,High
INC-01340,2021-06-23,Australia,Finance,Cloud-DC,Phishing,Unknown,Unpatched Software,AI-based IDS,3383,7074,0.106,23.4,96.6,1.138,Medium
INC-01341,2021-06-23,Japan,Education,University-Campus,Phishing,Nation-State,Social Engineering,AI-based IDS,2682,98553,1.381,5.6,24.0,0.487,Low
INC-01342,2021-06-23,Germany,Government,Corporate-LAN,DDoS,,Misconfiguration,MFA,2488,4859,0.099,2.1,6.3,0.183,Low
INC-01343,2021-06-23,USA,Retail,Cloud-DC,SQL Injection,Hacktivist,Unpatched Software,Encryption,1605,1670,0.028,8.6,57.3,0.525,Medium
INC-01344,2021-06-23,USA,Retail,Corporate-LAN,Insider Threat,Insider,Excess Privileges,Antivirus,241,120225,1.958,68.2,49.2,0.883,Medium
INC-01345,2021-06-24,Germany,Retail,Corporate-LAN,Man-in-the-Middle,Cybercriminal,Misconfiguration,Antivirus,62721,1881,0.038,61.9,63.4,0.501,Medium
INC-01346,2021-06-24,France,Education,University-Campus,Credential Stuffing,Cybercriminal,Weak Passwords,AI-based IDS,4086,7346,0.206,3.2,16.8,0.364,Low
INC-01347,2021-06-25,Australia,Healthcare,Corporate-LAN,Phishing,Cybercriminal,Social Engineering,Antivirus,957,3822,0.065,10.9,43.5,0.608,Medium
INC-01348,2021-06-26,Brazil,IT & Telecom,Cloud-DC,SQL Injection,Hacktivist,Unpatched Software,MFA,4356,79421,2.138,45.1,67.0,1.026,Medium
INC-01349,2021-06-26,Germany,Retail,Corporate-LAN,Phishing,,Social Engineering,Antivirus,16732,1428,0.022,18.7,54.9,0.354,Low
INC-01350,2021-06-26,France,Healthcare,Corporate-LAN,Ransomware,Cybercriminal,Unpatched Software,Firewall,2831,60964,1.663,18.3,48.1,2.592,High
INC-01351,2021-06-27,Australia,Retail,Cloud-DC,Malware,Hacktivist,Unpatched Software,Firewall,7428,57122,0.953,30.6,54.0,0.821,Medium
INC-01352,2021-06-27,USA,IT & Telecom,Cloud-DC,DDoS,Hacktivist,Misconfiguration,Firewall,154980,1668,0.025,0.7,2.6,0.352,Low
INC-01353,2021-06-27,Germany,Retail,Corporate-LAN,Phishing,Cybercriminal,Social Engineering,Antivirus,20751,42033,1.253,19.6,36.4,0.466,Low
INC-01354,2021-06-27,USA,IT & Telecom,Corporate-LAN,DDoS,Hacktivist,Unpatched Software,AI-based IDS,28396,397,0.011,0.6,2.8,0.186,Low
INC-01355,2021-06-28,Germany,IT & Telecom,Cloud-DC,DDoS,Unknown,Misconfiguration,AI-based IDS,15488,1334,0.016,0.9,53.5,0.958,Medium
INC-01356,2021-07-01,India,Education,University-Campus,Phishing,Cybercriminal,Social Engineering,Firewall,207,11555,0.122,7.6,21.3,0.303,Low
INC-01357,2021-07-01,France,Energy,IoT-Grid,Ransomware,Cybercriminal,Weak Passwords,MFA,8837,10050,0.164,2.7,42.1,2.875,High
INC-01358,2021-07-02,China,Finance,Banking-Core,Credential Stuffing,Cybercriminal,Weak Passwords,AI-based IDS,5190,671,0.007,24.3,127.5,1.554,High
INC-01359,2021-07-02,UK,Education,University-Campus,Ransomware,Cybercriminal,Unpatched Software,Encryption,1003,73513,0.745,0.9,138.5,1.317,Medium
INC-01360,2021-07-03,China,Finance,Banking-Core,SQL Injection,Unknown,Unpatched Software,Firewall,2010,10381,0.105,26.0,44.3,0.881,Medium
INC-01361,2021-07-04,USA,Healthcare,Corporate-LAN,Phishing,Cybercriminal,Social Engineering,Antivirus,135,36052,0.545,20.4,77.7,0.872,Medium
INC-01362,2021-07-04,Germany,Finance,Corporate-LAN,Credential Stuffing,Cybercriminal,Weak Passwords,Firewall,6019,875,0.019,46.6,50.5,0.602,Medium
INC-01363,2021-07-04,India,Government,Corporate-LAN,Zero-Day Exploit,Nation-State,Zero-Day,VPN,1414,10368,0.153,223.5,153.9,1.363,Medium
INC-01364,2021-07-05,USA,Finance,Corporate-LAN,Credential Stuffing,Cybercriminal,Weak Passwords,VPN,1804,16904,0.251,29.5,31.8,0.501,Medium
INC-01365,2021-07-05,France,IT & Telecom,Corporate-LAN,Phishing,Unknown,Social Engineering,Firewall,441,4176,0.092,53.1,80.8,0.666,Medium
INC-01366,2021-07-06,USA,Education,University-Campus,Credential Stuffing,Unknown,Weak Passwords,Antivirus,118597,216443,2.927,25.9,46.7,0.907,Medium
INC-01367,2021-07-07,Brazil,Government,Corporate-LAN,Ransomware,Cybercriminal,Social Engineering,Antivirus,7222,71685,2.03,3.4,40.6,2.771,High
INC-01368,2021-07-08,Japan,Energy,IoT-Grid,Zero-Day Exploit,Nation-State,Zero-Day,Firewall,693,8423,0.225,67.1,162.2,1.821,High
INC-01369,2021-07-09,Russia,Retail,Corporate-LAN,Insider Threat,Insider,Excess Privileges,VPN,519,90002,1.422,79.1,60.8,0.819,Medium
INC-01370,2021-07-09,UK,Retail,Corporate-LAN,SQL Injection,Unknown,Misconfiguration,Firewall,861,3916,0.056,7.4,99.4,0.943,Medium
INC-01371,2021-07-09,UK,Healthcare,Corporate-LAN,Man-in-the-Middle,Cybercriminal,Unpatched Software,Firewall,14597,864,0.021,45.1,38.0,0.587,Medium
INC-01372,2021-07-09,USA,IT & Telecom,Cloud-DC,DDoS,Nation-State,Misconfiguration,AI-based IDS,32499,1503,0.034,0.5,32.7,0.528,Medium
INC-01373,2021-07-10,Japan,Government,Corporate-LAN,Malware,Nation-State,Social Engineering,Antivirus,755,16590,0.192,39.2,64.2,0.653,Medium
INC-01374,2021-07-10,Germany,Healthcare,Cloud-DC,Phishing,Nation-State,Social Engineering,Firewall,369,83717,1.411,7.9,61.2,1.409,Medium
INC-01375,2021-07-11,USA,IT & Telecom,Cloud-DC,Malware,Cybercriminal,Social Engineering,MFA,913,36484,0.804,14.6,27.0,0.565,Medium
INC-01376,2021-07-11,USA,Government,Corporate-LAN,DDoS,Cybercriminal,Misconfiguration,Antivirus,5438,113,0.001,0.8,4.9,0.224,Low
INC-01377,2021-07-12,UK,IT & Telecom,Cloud-DC,Credential Stuffing,Cybercriminal,Weak Passwords,Antivirus,682,8243,0.161,82.4,92.3,0.86,Medium
INC-01378,2021-07-12,France,Retail,Cloud-DC,Ransomware,Unknown,Social Engineering,Firewall,1030,9209,0.174,62.0,133.2,2.188,High
INC-01379,2021-07-12,USA,Education,University-Campus,Phishing,Cybercriminal,Social Engineering,MFA,23104,34159,0.803,33.0,59.9,0.332,Low
INC-01380,2021-07-13,USA,Government,Corporate-LAN,Insider Threat,Insider,Excess Privileges,Firewall,214,54966,1.239,33.1,56.7,0.629,Medium
INC-01381,2021-07-14,India,Government,Corporate-LAN,Man-in-the-Middle,Cybercriminal,Weak Passwords,VPN,765,8354,0.238,7.8,17.0,0.298,Low
INC-01382,2021-07-14,USA,IT & Telecom,Corporate-LAN,Malware,Cybercriminal,Social Engineering,VPN,129,6711,0.168,9.2,44.8,0.44,Low
INC-01383,2021-07-15,Australia,Finance,Cloud-DC,Phishing,Cybercriminal,Social Engineering,Antivirus,2083,46293,0.571,429.6,239.8,3.339,High
INC-01384,2021-07-15,India,Healthcare,Corporate-LAN,Ransomware,Cybercriminal,Unpatched Software,Antivirus,4641,72086,1.012,3.2,130.4,3.431,High
INC-01385,2021-07-17,India,Government,Cloud-DC,Ransomware,Cybercriminal,Social Engineering,Firewall,8130,275862,4.08,4.2,69.4,3.322,High
INC-01386,2021-07-18,USA,Government,Corporate-LAN,Phishing,Cybercriminal,Social Engineering,VPN,2151,165211,3.453,16.6,29.1,1.636,High
INC-01387,2021-07-18,Brazil,Finance,Cloud-DC,Ransomware,Cybercriminal,Unpatched Software,Antivirus,13907,4337,0.08,6.8,116.0,1.985,High
INC-01388,2021-07-19,Brazil,Healthcare,Corporate-LAN,SQL Injection,Cybercriminal,Misconfiguration,MFA,1205,87356,2.16,14.3,74.5,1.434,Medium
INC-01389,2021-07-19,India,Retail,Cloud-DC,Credential Stuffing,Cybercriminal,Weak Passwords,Antivirus,8334,12889,0.367,21.2,114.4,1.103,Medium
INC-01390,2021-07-19,China,Retail,Cloud-DC,Credential Stuffing,Cybercriminal,Weak Passwords,Antivirus,925,42843,1.078,8.8,49.7,1.166,Medium
INC-01391,2021-07-20,Russia,Healthcare,IoT-Grid,Malware,Cybercriminal,Unpatched Software,MFA,6165,248262,6.475,12.6,25.8,2.684,High
INC-01392,2021-07-20,UK,IT & Telecom,Corporate-LAN,Phishing,Cybercriminal,Social Engineering,Antivirus,2540,276918,7.329,32.1,25.9,0.998,Medium
INC-01393,2021-07-20,India,IT & Telecom,Corporate-LAN,Malware,Nation-State,Unpatched Software,AI-based IDS,1863,48419,1.237,6.2,80.7,0.809,Medium
INC-01394,2021-07-20,Australia,Finance,Banking-Core,Ransomware,Cybercriminal,Weak Passwords,AI-based IDS,6527,19990,0.248,1.1,171.5,4.21,High
INC-01395,2021-07-20,UK,Education,University-Campus,Credential Stuffing,Cybercriminal,Misconfiguration,AI-based IDS,11151,34049,0.781,13.3,17.3,0.186,Low
INC-01396,2021-07-21,Russia,Finance,Cloud-DC,Phishing,Nation-State,Social Engineering,VPN,618,104483,1.205,51.2,65.5,1.975,High
INC-01397,2021-07-21,USA,Healthcare,Cloud-DC,Phishing,Cybercriminal,Social Engineering,Firewall,7731,3922,0.107,18.3,29.7,0.492,Low
INC-01398,2021-07-21,Brazil,Retail,Corporate-LAN,SQL Injection,Cybercriminal,Misconfiguration,MFA,441,74378,1.704,8.6,35.7,0.55,Medium
INC-01399,2021-07-21,USA,Finance,Banking-Core,DDoS,Cybercriminal,Misconfiguration,MFA,54758,1164,0.016,4.9,18.7,0.311,Low
INC-01400,2021-07-21,India,Energy,IoT-Grid,Ransomware,Cybercriminal,Unpatched Software,Firewall,10687,12597,0.136,5.0,82.6,2.005,High
INC-01401,2021-07-22,India,Retail,Cloud-DC,Credential Stuffing,Unknown,Weak Passwords,Encryption,1192,59213,1.294,29.7,118.4,0.743,Medium
INC-01402,2021-07-22,India,IT & Telecom,Cloud-DC,Malware,Nation-State,Unpatched Software,Encryption,2149,3765,0.101,13.4,59.1,0.614,Medium
INC-01403,2021-07-23,Australia,IT & Telecom,Cloud-DC,Malware,Cybercriminal,Unpatched Software,AI-based IDS,35274,99914,1.342,3.2,65.4,1.41,Medium
INC-01404,2021-07-23,Germany,Education,Cloud-DC,DDoS,Nation-State,Misconfiguration,Firewall,5860,1330,0.029,0.9,16.7,0.158,Low
INC-01405,2021-07-24,Australia,Government,Cloud-DC,Zero-Day Exploit,Cybercriminal,Zero-Day,MFA,95983,3965,0.053,82.8,86.2,0.954,Medium
INC-01406,2021-07-24,Germany,Education,University-Campus,Phishing,Cybercriminal,Weak Passwords,MFA,5363,11896,0.155,17.6,19.8,0.237,Low
INC-01407,2021-07-24,UK,IT & Telecom,Cloud-DC,Zero-Day Exploit,Nation-State,Zero-Day,Firewall,330,30230,0.333,58.7,97.2,0.791,Medium
INC-01408,2021-07-25,UK,IT & Telecom,Cloud-DC,DDoS,Hacktivist,Unpatched Software,AI-based IDS,4897,163,0.002,0.6,7.9,0.282,Low
INC-01409,2021-07-25,USA,IT & Telecom,Cloud-DC,SQL Injection,Cybercriminal,Misconfiguration,MFA,851,91031,1.901,4.5,19.1,0.716,Medium
INC-01410,2021-07-27,USA,Retail,Cloud-DC,Malware,Hacktivist,Social Engineering,Antivirus,2192,32996,0.37,22.9,123.7,1.166,Medium
INC-01411,2021-07-27,USA,Retail,Corporate-LAN,Credential Stuffing,Cybercriminal,Misconfiguration,Antivirus,56785,19724,0.402,13.4,103.9,1.078,Medium
INC-01412,2021-07-27,USA,Healthcare,Cloud-DC,Phishing,Hacktivist,Social Engineering,MFA,315,3995,0.066,42.2,34.5,0.554,Medium
INC-01413,2021-07-28,Germany,Energy,IoT-Grid,Zero-Day Exploit,Cybercriminal,Zero-Day,Encryption,2330,53916,0.543,27.4,58.2,1.108,Medium
INC-01414,2021-07-28,Germany,Government,Corporate-LAN,DDoS,Hacktivist,Misconfiguration,Firewall,12460,146,0.002,0.8,16.7,0.343,Low
INC-01415,2021-07-28,China,Finance,Banking-Core,Ransomware,Cybercriminal,Social Engineering,AI-based IDS,4468,174383,4.599,2.9,31.2,2.376,High
INC-01416,2021-08-01,Japan,IT & Telecom,Cloud-DC,Malware,Cybercriminal,Social Engineering,MFA,34636,7865,0.193,18.8,42.7,0.45,Low
INC-01417,2021-08-01,India,Healthcare,IoT-Grid,DDoS,Nation-State,Unpatched Software,Firewall,1313,701,0.021,0.2,2.7,0.228,Low
INC-01418,2021-08-01,Germany,Retail,Cloud-DC,Ransomware,Cybercriminal,Weak Passwords,VPN,5032,2043,0.023,3.9,42.1,1.841,High
INC-01419,2021-08-02,China,Finance,Cloud-DC,SQL Injection,Cybercriminal,Unpatched Software,MFA,6742,743385,18.908,26.2,110.6,5.138,Critical
INC-01420,2021-08-02,USA,IT & Telecom,Cloud-DC,DDoS,Hacktivist,Unpatched Software,AI-based IDS,970,2202,0.035,0.5,8.5,0.155,Low
INC-01421,2021-08-03,Brazil,Government,Corporate-LAN,Credential Stuffing,Cybercriminal,Weak Passwords,Encryption,18504,169741,4.735,4.4,53.5,1.057,Medium
INC-01422,2021-08-03,India,Finance,Banking-Core,Credential Stuffing,Cybercriminal,Weak Passwords,Antivirus,292,118424,3.527,3.9,10.7,0.758,Medium
INC-01423,2021-08-03,UK,Finance,Cloud-DC,DDoS,Hacktivist,Misconfiguration,VPN,2210,300,0.008,1.7,7.9,0.307,Low
INC-01424,2021-08-05,France,Healthcare,Corporate-LAN,Zero-Day Exploit,Nation-State,Zero-Day,Firewall,2170,58493,1.095,67.6,60.3,0.938,Medium
INC-01425,2021-08-06,USA,Energy,IoT-Grid,Zero-Day Exploit,Nation-State,Zero-Day,VPN,488,45419,0.981,159.1,238.2,2.268,High
INC-01426,2021-08-06,Japan,Healthcare,Corporate-LAN,Malware,Cybercriminal,Social Engineering,Antivirus,6893,33329,0.867,32.4,112.4,1.491,Medium
INC-01427,2021-08-06,USA,IT & Telecom,Cloud-DC,Malware,Cybercriminal,Social Engineering,Antivirus,991,58324,1.473,3.7,16.7,0.834,Medium
INC-01428,2021-08-07,France,Healthcare,Cloud-DC,Phishing,Cybercriminal,Social Engineering,AI-based IDS,613,4181,0.067,7.1,9.7,0.279,Low
INC-01429,2021-08-08,China,IT & Telecom,Corporate-LAN,Man-in-the-Middle,Cybercriminal,Misconfiguration,Antivirus,1195,12216,0.324,40.1,46.9,0.686,Medium
INC-01430,2021-08-09,UK,Education,University-Campus,Zero-Day Exploit,Nation-State,Zero-Day,MFA,1518,30405,0.447,114.1,209.2,1.205,Medium
INC-01431,2021-08-10,USA,Energy,IoT-Grid,Malware,Hacktivist,Social Engineering,AI-based IDS,5081,1248,0.014,6.9,15.1,0.315,Low
INC-01432,2021-08-10,Germany,Finance,Banking-Core,Man-in-the-Middle,Cybercriminal,Misconfiguration,AI-based IDS,39059,128177,2.936,8.3,24.1,0.909,Medium
INC-01433,2021-08-10,UK,IT & Telecom,Corporate-LAN,Insider Threat,Insider,Excess Privileges,Firewall,9143,243346,4.289,42.0,38.9,1.507,High
INC-01434,2021-08-10,India,Education,University-Campus,Malware,Hacktivist,Social Engineering,VPN,4176,19110,0.232,5.0,64.7,0.465,Low
INC-01435,2021-08-11,Germany,Retail,Cloud-DC,Credential Stuffing,Cybercriminal,Weak Passwords,Firewall,423,403122,10.107,5.0,19.6,1.456,Medium
INC-01436,2021-08-12,India,Retail,Cloud-DC,SQL Injection,Hacktivist,Misconfiguration,VPN,1262,731799,7.496,88.0,66.6,2.922,High
INC-01437,2021-08-12,China,Government,Corporate-LAN,DDoS,Unknown,Misconfiguration,AI-based IDS,5971,630,0.014,0.4,2.5,0.244,Low
INC-01438,2021-08-13,India,Energy,IoT-Grid,Phishing,Cybercriminal,Social Engineering,AI-based IDS,518,77004,1.283,3.6,31.1,1.01,Medium
INC-01439,2021-08-14,India,IT & Telecom,Corporate-LAN,Malware,Nation-State,Social Engineering,Firewall,20564,9607,0.235,13.8,43.1,0.764,Medium
INC-01440,2021-08-14,Australia,Retail,Cloud-DC,Zero-Day Exploit,Nation-State,Zero-Day,AI-based IDS,1712,19588,0.495,19.9,103.2,0.989,Medium
INC-01441,2021-08-15,Russia,Government,Corporate-LAN,Man-in-the-Middle,Cybercriminal,Misconfiguration,Firewall,320,19821,0.372,,44.3,0.568,Medium
INC-01442,2021-08-15,India,Healthcare,Corporate-LAN,Insider Threat,Insider,Misconfiguration,MFA,131,43745,0.61,197.7,128.5,1.467,Medium
INC-01443,2021-08-16,China,Energy,Corporate-LAN,Malware,Nation-State,Unpatched Software,Antivirus,690,323165,9.629,85.3,65.4,2.228,High
INC-01444,2021-08-16,Brazil,Retail,Cloud-DC,SQL Injection,Cybercriminal,Misconfiguration,MFA,1750,14293,0.363,29.6,92.9,0.814,Medium
INC-01445,2021-08-18,China,Finance,Corporate-LAN,Credential Stuffing,Cybercriminal,Weak Passwords,Encryption,490,86985,0.9,39.6,51.3,0.769,Medium
INC-01446,2021-08-18,Germany,IT & Telecom,Corporate-LAN,SQL Injection,Unknown,Misconfiguration,Encryption,1018,116530,1.322,64.6,60.6,1.09,Medium
INC-01447,2021-08-19,USA,Finance,Cloud-DC,SQL Injection,Cybercriminal,Misconfiguration,MFA,4419,3927,0.084,56.0,82.3,0.81,Medium
INC-01448,2021-08-19,Germany,Finance,Banking-Core,Phishing,,Social Engineering,MFA,995,86415,2.185,12.6,15.4,1.175,Medium
INC-01449,2021-08-19,USA,Healthcare,Cloud-DC,Ransomware,Cybercriminal,Unpatched Software,Firewall,815,3317,0.052,11.3,67.7,1.992,High
INC-01450,2021-08-20,Germany,Finance,Banking-Core,Phishing,Unknown,Social Engineering,Firewall,652,38721,0.686,3.8,22.5,0.636,Medium
INC-01451,2021-08-20,UK,Government,Corporate-LAN,Man-in-the-Middle,Nation-State,Misconfiguration,Encryption,1426,26440,0.559,25.6,27.8,0.416,Low
INC-01452,2021-08-20,France,Retail,Corporate-LAN,Phishing,Cybercriminal,Social Engineering,Antivirus,560,83814,2.089,24.7,44.3,0.754,Medium
INC-01453,2021-08-21,Russia,Retail,Cloud-DC,Ransomware,Cybercriminal,Unpatched Software,Firewall,1878,26504,0.786,21.9,132.2,1.788,High
INC-01454,2021-08-22,UK,Healthcare,IoT-Grid,Malware,Nation-State,Social Engineering,AI-based IDS,1744,50973,1.312,6.1,54.3,1.278,Medium
INC-01455,2021-08-22,Germany,Energy,IoT-Grid,Phishing,Cybercriminal,Weak Passwords,MFA,3978,45663,0.639,97.8,77.4,1.326,Medium
INC-01456,2021-08-22,UK,IT & Telecom,Cloud-DC,Phishing,Hacktivist,Social Engineering,Firewall,3812,4253,0.043,31.4,39.7,0.795,Medium
INC-01457,2021-08-24,France,Retail,Cloud-DC,Malware,Cybercriminal,Unpatched Software,Firewall,4048,2000,0.026,188.4,179.6,1.112,Medium
INC-01458,2021-08-24,Japan,Healthcare,IoT-Grid,Ransomware,Cybercriminal,Unpatched Software,VPN,12391,103549,1.386,1.6,91.4,2.888,High
INC-01459,2021-08-24,Japan,Healthcare,IoT-Grid,Phishing,Nation-State,Social Engineering,Firewall,778,9076,0.179,19.1,46.2,0.475,Low
INC-01460,2021-08-24,USA,Finance,Cloud-DC,DDoS,Cybercriminal,Misconfiguration,Firewall,5673,2991,0.031,0.5,6.8,0.318,Low
INC-01461,2021-08-27,USA,Healthcare,Corporate-LAN,Phishing,Cybercriminal,Social Engineering,MFA,2094,4763,0.097,18.3,48.1,1.164,Medium
INC-01462,2021-08-27,USA,Healthcare,IoT-Grid,Ransomware,Unknown,Unpatched Software,Antivirus,553,47144,0.516,1.2,30.0,2.095,High
INC-01463,2021-08-27,France,Government,Cloud-DC,Phishing,Cybercriminal,Social Engineering,AI-based IDS,792,73896,0.988,6.5,26.9,0.756,Medium
INC-01464,2021-08-27,Japan,Finance,Banking-Core,Phishing,Unknown,Unpatched Software,Firewall,535,4515,0.095,27.1,65.9,0.763,Medium
INC-01465,2021-08-28,India,Retail,Cloud-DC,Phishing,Cybercriminal,Social Engineering,Encryption,12277,358661,5.548,17.3,78.6,2.424,High
INC-01466,2021-08-28,USA,Energy,Corporate-LAN,Ransomware,Cybercriminal,Unpatched Software,Antivirus,6904,28118,0.282,6.1,70.3,1.972,High
INC-01467,2021-09-01,France,IT & Telecom,Corporate-LAN,Zero-Day Exploit,Nation-State,Zero-Day,MFA,6983,859489,8.617,40.9,88.1,5.699,Critical
INC-01468,2021-09-01,USA,Finance,Banking-Core,Phishing,Nation-State,Weak Passwords,VPN,4207,59667,0.689,14.9,14.5,0.679,Medium
INC-01469,2021-09-02,Brazil,Energy,Corporate-LAN,Phishing,Cybercriminal,Weak Passwords,Encryption,839,36851,0.996,13.0,46.6,0.671,Medium
INC-01470,2021-09-02,India,Government,Corporate-LAN,Phishing,Unknown,Weak Passwords,Encryption,2326,204188,3.622,10.0,13.2,1.003,Medium
INC-01471,2021-09-03,UK,Government,Cloud-DC,Man-in-the-Middle,Cybercriminal,Misconfiguration,Antivirus,11754,22259,0.378,40.4,42.9,0.61,Medium
INC-01472,2021-09-05,China,Finance,Banking-Core,Zero-Day Exploit,Unknown,Zero-Day,Encryption,3642,31042,0.41,708.6,419.5,2.792,High
INC-01473,2021-09-05,Australia,Government,Cloud-DC,Malware,Nation-State,Unpatched Software,Encryption,1860,5549,0.135,20.3,54.3,0.53,Medium
INC-01474,2021-09-06,India,Finance,Banking-Core,Phishing,Cybercriminal,Social Engineering,Antivirus,1427,1077,0.024,33.9,98.5,1.585,High
INC-01475,2021-09-07,India,Finance,Banking-Core,Phishing,Unknown,Unpatched Software,Firewall,514,62947,1.503,22.8,56.5,1.128,Medium
INC-01476,2021-09-08,Germany,Healthcare,Cloud-DC,Ransomware,Cybercriminal,Unpatched Software,AI-based IDS,18135,89316,2.651,3.5,131.9,2.671,High
INC-01477,2021-09-08,Russia,Retail,Cloud-DC,Insider Threat,Insider,Excess Privileges,AI-based IDS,114,70798,1.914,46.3,39.6,0.561,Medium
INC-01478,2021-09-08,UK,Finance,Banking-Core,Insider Threat,Insider,Weak Passwords,AI-based IDS,234,17152,0.24,20.9,34.8,0.786,Medium
INC-01479,2021-09-08,Russia,Healthcare,Corporate-LAN,SQL Injection,Cybercriminal,Unpatched Software,Firewall,1194,642342,12.896,4.1,28.5,3.63,High
INC-01480,2021-09-09,India,Energy,IoT-Grid,Insider Threat,Insider,Weak Passwords,AI-based IDS,484,44775,1.2,5.1,55.0,0.692,Medium
INC-01481,2021-09-09,Australia,Healthcare,Cloud-DC,Ransomware,Cybercriminal,Weak Passwords,Antivirus,1422,860234,13.979,7.6,47.3,6.482,Critical
INC-01482,2021-09-11,UK,Retail,Corporate-LAN,Insider Threat,Insider,Weak Passwords,Firewall,88,466442,10.572,54.1,178.1,2.933,High
INC-01483,2021-09-11,Australia,Finance,Banking-Core,DDoS,Hacktivist,Misconfiguration,AI-based IDS,3171,817,0.01,0.9,9.1,0.466,Low
INC-01484,2021-09-12,Russia,Education,University-Campus,DDoS,Hacktivist,Misconfiguration,Encryption,5163,548,0.009,0.9,5.7,0.145,Low
INC-01485,2021-09-13,China,Healthcare,Corporate-LAN,Malware,Cybercriminal,Social Engineering,Antivirus,1629,16443,0.42,20.2,150.7,1.492,Medium
INC-01486,2021-09-13,USA,Retail,Corporate-LAN,Credential Stuffing,Cybercriminal,Weak Passwords,Firewall,1026,449929,9.206,32.9,117.4,1.938,High
INC-01487,2021-09-14,Germany,Finance,Cloud-DC,Ransomware,Cybercriminal,Social Engineering,AI-based IDS,460,14859,0.336,5.3,71.8,3.816,High
INC-01488,2021-09-14,Japan,Retail,Cloud-DC,SQL Injection,Unknown,Unpatched Software,Firewall,7961,326387,8.246,61.0,63.2,1.899,High
INC-01489,2021-09-15,India,Finance,Cloud-DC,Ransomware,Cybercriminal,Weak Passwords,Encryption,408,197064,2.167,5.9,186.8,3.393,High
INC-01490,2021-09-15,USA,Retail,Cloud-DC,SQL Injection,Unknown,Unpatched Software,Antivirus,458,47236,1.242,7.6,69.7,0.663,Medium
INC-01491,2021-09-16,UK,Energy,Corporate-LAN,Malware,Unknown,Unpatched Software,AI-based IDS,3951,7594,0.086,7.1,37.8,0.451,Low
INC-01492,2021-09-16,Japan,IT & Telecom,Cloud-DC,Zero-Day Exploit,Nation-State,Zero-Day,AI-based IDS,1416,66921,1.093,37.5,149.2,1.039,Medium
INC-01493,2021-09-16,Australia,Retail,Corporate-LAN,SQL Injection,Hacktivist,Misconfiguration,Antivirus,1138,313238,8.202,31.0,40.2,1.995,High
INC-01494,2021-09-16,Japan,Energy,Corporate-LAN,Zero-Day Exploit,Hacktivist,Zero-Day,MFA,3716,7742,0.147,78.9,186.0,1.352,Medium
INC-01495,2021-09-17,India,Education,University-Campus,DDoS,Cybercriminal,Misconfiguration,Encryption,7570,69,0.001,8.4,12.4,0.166,Low
INC-01496,2021-09-17,Brazil,Healthcare,Corporate-LAN,Phishing,Cybercriminal,Social Engineering,VPN,9863,55921,0.741,,28.8,0.649,Medium
INC-01497,2021-09-17,UK,Retail,Cloud-DC,SQL Injection,Unknown,Unpatched Software,Antivirus,4392,139234,1.694,7.7,47.7,0.739,Medium
INC-01498,2021-09-17,China,Retail,Corporate-LAN,SQL Injection,Cybercriminal,Misconfiguration,Encryption,106896,109397,2.263,22.3,25.4,0.702,Medium
INC-01499,2021-09-17,China,Retail,Corporate-LAN,SQL Injection,Nation-State,Misconfiguration,MFA,15967,19699,0.573,13.8,18.3,0.312,Low
INC-01500,2021-09-18,Brazil,Retail,Cloud-DC,Credential Stuffing,Unknown,Weak Passwords,VPN,2150,50641,0.89,13.7,16.5,0.375,Low
INC-01501,2021-09-18,USA,IT & Telecom,Corporate-LAN,Malware,Cybercriminal,Social Engineering,Firewall,9597,7602,0.15,21.6,28.4,0.436,Low
INC-01502,2021-09-19,UK,IT & Telecom,Corporate-LAN,Ransomware,Cybercriminal,Unpatched Software,Encryption,3727,13735,0.239,3.8,30.2,1.946,High
INC-01503,2021-09-19,Australia,Healthcare,Corporate-LAN,Malware,Cybercriminal,Social Engineering,Firewall,11392,18098,0.422,17.1,21.1,0.473,Low
INC-01504,2021-09-19,UK,Government,Cloud-DC,Phishing,Cybercriminal,Social Engineering,MFA,4178,30544,0.577,47.9,75.8,0.533,Medium
INC-01505,2021-09-20,USA,Government,Cloud-DC,Ransomware,Cybercriminal,Unpatched Software,Firewall,10493,6534,0.066,4.7,49.5,1.941,High
INC-01506,2021-09-20,USA,Finance,Banking-Core,SQL Injection,Unknown,Misconfiguration,Encryption,7011,76698,0.942,14.4,27.0,0.687,Medium
INC-01507,2021-09-21,Brazil,Finance,Banking-Core,Insider Threat,Insider,Weak Passwords,Firewall,767,61139,1.477,137.6,86.1,1.399,Medium
INC-01508,2021-09-22,Brazil,Education,Cloud-DC,Phishing,Hacktivist,Social Engineering,VPN,3387,20058,0.468,7.1,7.6,0.302,Low
INC-01509,2021-09-22,China,Finance,Cloud-DC,SQL Injection,Hacktivist,Unpatched Software,MFA,3555,103580,2.159,14.5,50.7,1.218,Medium
INC-01510,2021-09-23,UK,IT & Telecom,Cloud-DC,Credential Stuffing,Cybercriminal,Misconfiguration,VPN,3422,215039,5.279,50.1,50.9,1.401,Medium
INC-01511,2021-09-23,USA,Healthcare,Cloud-DC,DDoS,Cybercriminal,Misconfiguration,Antivirus,9085,3492,0.09,2.0,3.3,0.243,Low
INC-01512,2021-09-25,China,Energy,IoT-Grid,Ransomware,Cybercriminal,Unpatched Software,Antivirus,4247,48720,1.433,10.0,384.0,4.258,High
INC-01513,2021-09-25,UK,IT & Telecom,Cloud-DC,Zero-Day Exploit,Nation-State,Zero-Day,Encryption,2767,14163,0.32,29.2,80.7,0.79,Medium
INC-01514,2021-09-26,India,IT & Telecom,Cloud-DC,Insider Threat,Insider,Excess Privileges,MFA,253,274421,3.148,118.8,157.8,2.401,High
INC-01515,2021-09-27,Germany,Finance,Banking-Core,DDoS,Cybercriminal,Misconfiguration,AI-based IDS,1307,674,0.011,0.8,13.1,0.227,Low
INC-01516,2021-09-28,India,Energy,Corporate-LAN,Ransomware,Cybercriminal,Unpatched Software,MFA,35245,70619,1.18,22.1,23.9,2.481,High
INC-01517,2021-10-01,France,Education,University-Campus,Credential Stuffing,Cybercriminal,Weak Passwords,Antivirus,1195,347845,8.28,8.7,26.5,1.711,High
INC-01518,2021-10-02,USA,Healthcare,Corporate-LAN,Ransomware,Cybercriminal,Unpatched Software,Firewall,1873,2344,0.042,5.8,54.1,2.612,High
INC-01519,2021-10-03,Australia,Energy,Corporate-LAN,Phishing,Cybercriminal,Weak Passwords,MFA,6301,24062,0.6,9.3,13.0,0.531,Medium
INC-01520,2021-10-04,USA,Education,University-Campus,Credential Stuffing,Unknown,Weak Passwords,Firewall,6794,11292,0.152,29.9,46.0,0.343,Low
INC-01521,2021-10-04,UK,Education,University-Campus,Phishing,Nation-State,Social Engineering,Firewall,2281,42802,0.563,107.3,84.2,0.513,Medium
INC-01522,2021-10-05,France,Healthcare,Cloud-DC,Malware,Nation-State,Weak Passwords,Firewall,1172,4925,0.094,19.4,26.1,0.454,Low
INC-01523,2021-10-06,Japan,Healthcare,Cloud-DC,Ransomware,Cybercriminal,Social Engineering,VPN,742,63848,0.897,5.1,129.3,1.819,High
INC-01524,2021-10-06,Brazil,Retail,Corporate-LAN,Phishing,Unknown,Weak Passwords,Antivirus,1699,94910,1.783,96.0,90.7,0.855,Medium
INC-01525,2021-10-06,Japan,Retail,Cloud-DC,Credential Stuffing,Cybercriminal,Weak Passwords,AI-based IDS,17812,130310,2.902,20.0,23.6,0.855,Medium
INC-01526,2021-10-07,Russia,Education,University-Campus,Insider Threat,Insider,Misconfiguration,Encryption,93,39768,0.781,108.1,67.7,0.446,Low
INC-01527,2021-10-08,Germany,Finance,Banking-Core,SQL Injection,Cybercriminal,Misconfiguration,Firewall,4103,43392,1.194,4.9,43.5,0.691,Medium
INC-01528,2021-10-09,India,Retail,Cloud-DC,SQL Injection,Hacktivist,Unpatched Software,VPN,2873,57617,1.42,14.4,29.7,0.644,Medium
INC-01529,2021-10-09,UK,Energy,IoT-Grid,Ransomware,Hacktivist,Weak Passwords,Antivirus,801,5763,0.161,13.9,250.4,2.906,High
INC-01530,2021-10-09,China,Education,Cloud-DC,DDoS,Hacktivist,Misconfiguration,Encryption,2629,223,0.004,0.4,17.1,0.154,Low
INC-01531,2021-10-09,China,Government,Corporate-LAN,SQL Injection,Cybercriminal,Unpatched Software,Encryption,2816,178898,5.172,4.2,30.3,1.02,Medium
INC-01532,2021-10-09,India,Education,Cloud-DC,Man-in-the-Middle,Nation-State,Misconfiguration,AI-based IDS,11260,44418,0.988,25.0,51.2,0.428,Low
INC-01533,2021-10-10,Germany,IT & Telecom,Corporate-LAN,DDoS,Hacktivist,Misconfiguration,Antivirus,4249,84,0.002,0.8,6.8,0.187,Low
INC-01534,2021-10-11,France,Government,Corporate-LAN,Phishing,Cybercriminal,Social Engineering,Antivirus,933,388382,7.033,32.4,79.4,1.594,High
INC-01535,2021-10-11,China,Healthcare,IoT-Grid,Zero-Day Exploit,Unknown,Zero-Day,AI-based IDS,4233,2738,0.033,57.9,119.8,1.512,High
INC-01536,2021-10-12,China,Finance,Banking-Core,SQL Injection,Nation-State,Misconfiguration,VPN,13139,22753,0.519,20.9,32.0,0.741,Medium
INC-01537,2021-10-12,France,Education,University-Campus,Credential Stuffing,Unknown,Weak Passwords,VPN,633,157139,1.944,49.0,76.0,0.679,Medium
INC-01538,2021-10-13,UK,Retail,Cloud-DC,Malware,Cybercriminal,Social Engineering,Firewall,28315,165260,4.102,30.6,41.6,0.962,Medium
INC-01539,2021-10-13,Germany,Government,Corporate-LAN,Man-in-the-Middle,Nation-State,Misconfiguration,MFA,3538,66978,1.509,63.1,54.2,0.785,Medium
INC-01540,2021-10-13,UK,Healthcare,Corporate-LAN,Ransomware,Nation-State,Unpatched Software,VPN,1220,280547,4.654,2.9,42.5,2.938,High
INC-01541,2021-10-13,India,Government,Cloud-DC,Phishing,Nation-State,Social Engineering,AI-based IDS,407,793,0.016,14.6,31.8,0.336,Low
INC-01542,2021-10-13,UK,Finance,Corporate-LAN,Ransomware,Cybercriminal,Unpatched Software,AI-based IDS,702,160841,2.732,9.2,112.4,3.72,High
INC-01543,2021-10-14,Germany,Education,Cloud-DC,DDoS,Cybercriminal,Unpatched Software,Antivirus,46578,1263,0.03,0.3,13.2,0.215,Low
INC-01544,2021-10-14,India,Finance,Cloud-DC,DDoS,Hacktivist,Unpatched Software,Antivirus,6976,710,0.014,0.3,10.7,0.26,Low
INC-01545,2021-10-14,USA,Government,Corporate-LAN,Insider Threat,Insider,Misconfiguration,AI-based IDS,227,4121,0.123,39.4,93.3,0.669,Medium
INC-01546,2021-10-15,Brazil,Finance,Banking-Core,Phishing,Hacktivist,Social Engineering,MFA,5863,16392,0.284,62.5,43.5,0.618,Medium
INC-01547,2021-10-15,Japan,Healthcare,Corporate-LAN,Phishing,Nation-State,Social Engineering,Firewall,24540,32670,0.823,21.9,39.4,1.266,Medium
INC-01548,2021-10-15,Japan,Energy,IoT-Grid,Ransomware,Unknown,Social Engineering,Firewall,915,121264,1.493,7.9,193.9,3.714,High
INC-01549,2021-10-15,India,Finance,Corporate-LAN,Phishing,Nation-State,Social Engineering,VPN,8872,8728,0.232,3.4,11.5,0.222,Low
INC-01550,2021-10-16,Brazil,Retail,Corporate-LAN,DDoS,Nation-State,Misconfiguration,VPN,626,93,0.002,4.0,18.5,0.284,Low
INC-01551,2021-10-17,Brazil,Healthcare,Corporate-LAN,Phishing,Cybercriminal,Weak Passwords,Encryption,60,2429,0.055,17.9,59.3,0.725,Medium
INC-01552,2021-10-18,India,IT & Telecom,Cloud-DC,Phishing,Cybercriminal,Weak Passwords,VPN,22574,15380,0.267,26.6,21.4,0.428,Low
INC-01553,2021-10-19,India,Healthcare,Corporate-LAN,Phishing,Cybercriminal,Social Engineering,VPN,5263,30049,0.742,9.7,30.7,0.781,Medium
INC-01554,2021-10-21,Germany,Government,Cloud-DC,DDoS,Nation-State,Unpatched Software,MFA,44858,2503,0.026,2.0,8.1,0.182,Low
INC-01555,2021-10-21,Brazil,Finance,Banking-Core,SQL Injection,Cybercriminal,Unpatched Software,Encryption,622,8718,0.093,61.9,42.7,0.487,Low
INC-01556,2021-10-21,India,Finance,Corporate-LAN,Credential Stuffing,Cybercriminal,Weak Passwords,Antivirus,45306,153938,1.681,26.5,34.1,1.664,High
INC-01557,2021-10-22,Russia,Finance,Cloud-DC,Phishing,Cybercriminal,Social Engineering,AI-based IDS,5674,2246178,51.431,4.4,17.9,15.34,Critical
INC-01558,2021-10-23,Brazil,Healthcare,Corporate-LAN,Phishing,Nation-State,Social Engineering,MFA,5022,3976,0.113,11.1,16.1,0.364,Low
INC-01559,2021-10-24,UK,Education,University-Campus,DDoS,Nation-State,Unpatched Software,MFA,5488,172,0.003,0.2,14.5,0.192,Low
INC-01560,2021-10-24,Australia,IT & Telecom,Corporate-LAN,Zero-Day Exploit,Cybercriminal,Zero-Day,Antivirus,57566,1126544,20.174,103.1,130.6,5.261,Critical
INC-01561,2021-10-24,USA,Finance,Banking-Core,DDoS,Hacktivist,Unpatched Software,Encryption,566,59,0.001,3.3,17.2,0.534,Medium
INC-01562,2021-10-25,India,Government,Cloud-DC,Phishing,Cybercriminal,Social Engineering,Antivirus,1176,158972,3.756,17.6,30.6,1.159,Medium
INC-01563,2021-10-25,India,Retail,Cloud-DC,Ransomware,Unknown,Social Engineering,AI-based IDS,3591,28420,0.324,1.4,244.0,3.03,High
INC-01564,2021-10-25,USA,Finance,Banking-Core,DDoS,Cybercriminal,Misconfiguration,VPN,591,8,0.0,2.9,51.3,0.324,Low
INC-01565,2021-10-26,China,Finance,Cloud-DC,Phishing,Nation-State,Social Engineering,MFA,19189,877300,22.272,49.4,75.6,4.57,High
INC-01566,2021-10-26,Russia,Retail,Corporate-LAN,Credential Stuffing,Cybercriminal,Weak Passwords,Firewall,346,386068,7.474,31.2,47.5,2.179,High
INC-01567,2021-10-26,UK,Healthcare,IoT-Grid,Phishing,Unknown,Social Engineering,Firewall,619,10896,0.127,120.3,63.0,0.874,Medium
INC-01568,2021-10-27,China,Healthcare,Corporate-LAN,Credential Stuffing,Cybercriminal,Weak Passwords,VPN,7139,21425,0.218,11.8,48.7,0.536,Medium
INC-01569,2021-10-27,India,IT & Telecom,Corporate-LAN,Phishing,Unknown,Social Engineering,AI-based IDS,87,9862,0.101,18.7,41.8,0.417,Low
INC-01570,2021-10-28,France,Retail,Cloud-DC,Credential Stuffing,Cybercriminal,Weak Passwords,Antivirus,3213,3015990,51.093,24.6,30.2,21.138,Critical
INC-01571,2021-10-28,China,Retail,Cloud-DC,SQL Injection,Cybercriminal,Unpatched Software,MFA,25069,20121,0.395,53.4,80.4,1.095,Medium
INC-01572,2021-11-01,Germany,Finance,Banking-Core,Ransomware,Cybercriminal,Weak Passwords,MFA,4792,31809,0.396,26.9,112.8,3.089,High
INC-01573,2021-11-01,India,Government,Corporate-LAN,Ransomware,Cybercriminal,Unpatched Software,Firewall,1438,49281,0.78,14.4,156.9,4.529,High
INC-01574,2021-11-01,Brazil,Government,Cloud-DC,SQL Injection,Cybercriminal,Unpatched Software,Antivirus,256309,6611,0.123,9.8,44.7,0.899,Medium
INC-01575,2021-11-02,Japan,Healthcare,Corporate-LAN,DDoS,Hacktivist,Unpatched Software,Firewall,2342,1429,0.031,0.3,4.4,0.305,Low
INC-01576,2021-11-02,India,Government,Cloud-DC,Phishing,Cybercriminal,Social Engineering,Encryption,1154,51234,1.346,7.1,26.7,0.399,Low
INC-01577,2021-11-04,UK,Retail,Corporate-LAN,Phishing,Cybercriminal,Social Engineering,Antivirus,7069,1509,0.028,31.6,63.1,0.584,Medium
INC-01578,2021-11-05,China,Energy,Corporate-LAN,Zero-Day Exploit,Nation-State,Zero-Day,MFA,7654,1320,0.026,71.5,72.0,1.047,Medium
INC-01579,2021-11-05,Germany,Finance,Banking-Core,DDoS,Hacktivist,Unpatched Software,AI-based IDS,5068,215,0.006,,12.0,0.418,Low
INC-01580,2021-11-06,USA,Education,University-Campus,Phishing,Cybercriminal,Social Engineering,MFA,417,22917,0.453,14.9,32.7,0.362,Low
INC-01581,2021-11-06,China,Retail,Corporate-LAN,Credential Stuffing,Cybercriminal,Weak Passwords,VPN,4373,23955,0.348,40.8,96.9,0.833,Medium
INC-01582,2021-11-06,Germany,Education,University-Campus,Ransomware,Cybercriminal,Unpatched Software,AI-based IDS,4989,1182,0.034,2.0,201.7,1.695,High
INC-01583,2021-11-06,France,Healthcare,Corporate-LAN,Insider Threat,Insider,Excess Privileges,Firewall,401,88085,0.93,179.2,106.2,1.887,High
INC-01584,2021-11-07,USA,Finance,Banking-Core,DDoS,Nation-State,Misconfiguration,MFA,1547,1004,0.011,1.2,17.1,0.395,Low
INC-01585,2021-11-07,India,Finance,Cloud-DC,DDoS,Nation-State,Unpatched Software,Firewall,484,5337,0.13,0.7,8.7,0.324,Low
INC-01586,2021-11-07,India,Government,Corporate-LAN,Zero-Day Exploit,Hacktivist,Zero-Day,AI-based IDS,6098,41565,0.49,71.0,100.1,0.875,Medium
INC-01587,2021-11-09,UK,Retail,Corporate-LAN,Phishing,Nation-State,Social Engineering,Firewall,1344,178502,4.548,14.2,26.7,0.982,Medium
INC-01588,2021-11-09,Russia,Healthcare,Cloud-DC,Malware,Unknown,Social Engineering,Firewall,35075,10663,0.288,50.8,53.8,0.672,Medium
INC-01589,2021-11-10,France,IT & Telecom,Cloud-DC,Insider Threat,Insider,Excess Privileges,Firewall,91,45584,1.168,62.8,82.1,0.826,Medium
INC-01590,2021-11-11,Germany,Government,Corporate-LAN,Malware,Cybercriminal,Weak Passwords,Firewall,103470,15909,0.456,94.7,104.5,1.451,Medium
INC-01591,2021-11-12,Japan,IT & Telecom,Cloud-DC,Zero-Day Exploit,Nation-State,Zero-Day,Firewall,165343,159957,1.886,191.3,183.0,2.041,High
INC-01592,2021-11-12,USA,Government,Cloud-DC,Zero-Day Exploit,Nation-State,Zero-Day,Firewall,553,4326,0.129,129.4,116.6,1.403,Medium
INC-01593,2021-11-13,India,Retail,Cloud-DC,Phishing,Nation-State,Social Engineering,Firewall,1295,670,0.012,94.8,87.9,0.97,Medium
INC-01594,2021-11-14,China,Retail,Cloud-DC,Phishing,Hacktivist,Social Engineering,VPN,1910,100074,1.969,13.2,32.3,0.62,Medium
INC-01595,2021-11-14,Japan,Healthcare,Corporate-LAN,SQL Injection,Hacktivist,Unpatched Software,AI-based IDS,2884,22974,0.63,2.9,15.8,0.469,Low
INC-01596,2021-11-14,USA,Government,Corporate-LAN,Zero-Day Exploit,Unknown,Zero-Day,Antivirus,439,197121,3.407,75.7,347.0,2.559,High
INC-01597,2021-11-14,USA,IT & Telecom,Cloud-DC,Man-in-the-Middle,Unknown,Misconfiguration,MFA,1112,87107,2.096,39.5,28.5,1.01,Medium
INC-01598,2021-11-14,Russia,Finance,Banking-Core,SQL Injection,Unknown,Misconfiguration,Firewall,316,512334,14.238,8.7,10.2,4.321,High
INC-01599,2021-11-14,China,IT & Telecom,Cloud-DC,Malware,Hacktivist,Social Engineering,MFA,943,373920,4.249,18.8,74.5,2.711,High
INC-01600,2021-11-14,China,Healthcare,Corporate-LAN,Ransomware,Cybercriminal,Social Engineering,Antivirus,1899,28139,0.441,18.6,104.7,2.148,High
INC-01601,2021-11-15,France,Education,Cloud-DC,Malware,Unknown,Unpatched Software,Firewall,982,29204,0.377,90.0,126.1,0.654,Medium
INC-01602,2021-11-15,USA,Retail,Cloud-DC,SQL Injection,Cybercriminal,Misconfiguration,Encryption,9788,13087,0.197,62.5,72.7,0.426,Low
INC-01603,2021-11-16,USA,Healthcare,IoT-Grid,Malware,Cybercriminal,Unpatched Software,MFA,3417,29307,0.752,6.9,40.8,0.505,Medium
INC-01604,2021-11-16,USA,Healthcare,Cloud-DC,Ransomware,Unknown,Unpatched Software,Antivirus,2073,1075282,15.97,45.0,66.4,9.956,Critical
INC-01605,2021-11-17,France,Finance,Banking-Core,Phishing,Cybercriminal,Social Engineering,MFA,202,8600,0.105,46.5,48.2,0.606,Medium
INC-01606,2021-11-17,USA,Government,Cloud-DC,Zero-Day Exploit,Nation-State,Zero-Day,Antivirus,748,41282,0.998,94.4,121.1,1.063,Medium
INC-01607,2021-11-17,Russia,IT & Telecom,Corporate-LAN,Man-in-the-Middle,Nation-State,Misconfiguration,MFA,15652,62850,1.081,85.4,47.8,0.591,Medium
INC-01608,2021-11-18,UK,Finance,Banking-Core,DDoS,Nation-State,Misconfiguration,VPN,1415,2024,0.022,0.9,16.3,0.432,Low
INC-01609,2021-11-18,Japan,Energy,Corporate-LAN,Zero-Day Exploit,Nation-State,Zero-Day,MFA,4651,24067,0.63,304.5,286.7,2.902,High
INC-01610,2021-11-18,India,IT & Telecom,Cloud-DC,Credential Stuffing,Cybercriminal,Weak Passwords,VPN,10212,5123,0.088,8.6,92.0,0.821,Medium
INC-01611,2021-11-20,India,Finance,Banking-Core,Credential Stuffing,Cybercriminal,Misconfiguration,Firewall,13769,31751,0.652,196.2,122.2,1.516,High
INC-01612,2021-11-21,Australia,Government,Corporate-LAN,Zero-Day Exploit,Nation-State,Zero-Day,Firewall,7034,8001,0.182,51.6,91.6,1.038,Medium
INC-01613,2021-11-21,Japan,Finance,Corporate-LAN,Man-in-the-Middle,Cybercriminal,Misconfiguration,AI-based IDS,900,4816,0.07,27.5,52.5,0.626,Medium
INC-01614,2021-11-22,China,Healthcare,IoT-Grid,DDoS,Cybercriminal,Misconfiguration,Antivirus,2580,6257,0.187,2.1,6.3,0.229,Low
INC-01615,2021-11-23,UK,IT & Telecom,Cloud-DC,Phishing,Cybercriminal,Weak Passwords,AI-based IDS,2502,274333,3.412,7.1,9.3,1.473,Medium
INC-01616,2021-11-24,Germany,Healthcare,Cloud-DC,Ransomware,Unknown,Social Engineering,Encryption,4896,505505,6.935,3.7,343.2,8.285,Critical
INC-01617,2021-11-25,Brazil,IT & Telecom,Cloud-DC,Phishing,Cybercriminal,Social Engineering,MFA,1429,24545,0.382,55.1,38.5,0.589,Medium
INC-01618,2021-11-25,USA,Retail,Corporate-LAN,Man-in-the-Middle,Cybercriminal,Social Engineering,MFA,1039,148608,4.352,45.6,66.5,1.11,Medium
INC-01619,2021-11-26,India,Healthcare,Cloud-DC,Phishing,Hacktivist,Social Engineering,MFA,6820,5430,0.141,11.8,23.7,0.271,Low
INC-01620,2021-11-26,France,Government,Cloud-DC,SQL Injection,Cybercriminal,Unpatched Software,AI-based IDS,1517,29706,0.655,3.9,24.7,0.481,Low
INC-01621,2021-11-26,USA,Government,Cloud-DC,Ransomware,Cybercriminal,Social Engineering,Firewall,4128,50665,0.697,8.4,121.4,3.516,High
INC-01622,2021-11-26,China,Education,University-Campus,Ransomware,Cybercriminal,Unpatched Software,AI-based IDS,685,2545,0.038,1.2,71.4,1.053,Medium
INC-01623,2021-11-26,USA,IT & Telecom,Corporate-LAN,Zero-Day Exploit,Nation-State,Zero-Day,VPN,17662,15900,0.305,7.8,82.9,0.614,Medium
INC-01624,2021-11-26,UK,Education,University-Campus,DDoS,Hacktivist,Unpatched Software,Encryption,20065,171,0.004,0.8,16.9,0.155,Low
INC-01625,2021-11-26,India,IT & Telecom,Corporate-LAN,Ransomware,Unknown,Social Engineering,Firewall,1834,15285,0.171,12.3,140.0,1.47,Medium
INC-01626,2021-11-27,Brazil,Finance,Banking-Core,Phishing,Cybercriminal,Social Engineering,MFA,3762,14794,0.248,39.4,25.3,0.625,Medium
INC-01627,2021-11-27,Australia,Retail,Cloud-DC,Ransomware,Cybercriminal,Unpatched Software,MFA,8759,12612,0.359,10.2,87.3,1.908,High
INC-01628,2021-11-28,USA,Retail,Corporate-LAN,Ransomware,Cybercriminal,Unpatched Software,Firewall,12743,4721,0.103,2.3,208.0,3.296,High
INC-01629,2021-11-28,UK,Education,University-Campus,Malware,Cybercriminal,Social Engineering,MFA,471,17712,0.378,52.5,60.3,0.453,Low
INC-01630,2021-11-28,Brazil,Healthcare,IoT-Grid,Man-in-the-Middle,Cybercriminal,Weak Passwords,Antivirus,4376,5265,0.076,20.1,31.6,0.597,Medium
INC-01631,2021-11-28,India,Finance,Cloud-DC,Credential Stuffing,Cybercriminal,Weak Passwords,Firewall,42086,185191,1.871,126.9,82.1,2.075,High
INC-01632,2021-12-02,USA,Education,University-Campus,Phishing,Cybercriminal,Social Engineering,MFA,2149,94538,1.582,12.6,62.3,0.474,Low
INC-01633,2021-12-02,Japan,Healthcare,Cloud-DC,Credential Stuffing,Cybercriminal,Weak Passwords,Firewall,1798,143795,1.864,,23.5,0.819,Medium
INC-01634,2021-12-03,USA,Retail,Corporate-LAN,DDoS,Nation-State,Misconfiguration,Firewall,9928,118,0.002,4.4,9.6,0.179,Low
INC-01635,2021-12-03,Australia,Retail,Cloud-DC,Ransomware,Unknown,Social Engineering,MFA,44363,94716,2.606,3.9,197.3,2.604,High
INC-01636,2021-12-03,Brazil,Finance,Banking-Core,Credential Stuffing,Cybercriminal,Weak Passwords,Firewall,732,1275,0.023,4.6,52.4,0.554,Medium
INC-01637,2021-12-03,Russia,IT & Telecom,Corporate-LAN,Man-in-the-Middle,Cybercriminal,Misconfiguration,Encryption,371,6746,0.146,26.7,51.8,0.686,Medium
INC-01638,2021-12-03,Japan,Healthcare,Corporate-LAN,Insider Threat,Insider,Excess Privileges,Encryption,65,641197,16.378,325.6,218.5,6.191,Critical
INC-01639,2021-12-04,USA,Healthcare,Cloud-DC,Ransomware,Cybercriminal,Unpatched Software,MFA,1028,146161,2.696,11.0,73.3,5.004,Critical
INC-01640,2021-12-05,UK,Retail,Cloud-DC,DDoS,Nation-State,Misconfiguration,MFA,4303,156,0.002,0.3,16.3,0.206,Low
INC-01641,2021-12-05,USA,Finance,Banking-Core,Ransomware,Cybercriminal,Unpatched Software,AI-based IDS,530,26015,0.764,2.9,76.8,2.16,High
INC-01642,2021-12-06,USA,Government,Corporate-LAN,DDoS,Cybercriminal,Unpatched Software,Encryption,3302,1725,0.026,0.6,16.9,0.27,Low
INC-01643,2021-12-07,China,Finance,Banking-Core,Credential Stuffing,Hacktivist,Weak Passwords,AI-based IDS,375,42887,0.853,5.9,60.1,1.076,Medium
INC-01644,2021-12-07,Brazil,Energy,IoT-Grid,Zero-Day Exploit,Nation-State,Zero-Day,Firewall,7077,1652,0.039,21.9,53.5,0.565,Medium
INC-01645,2021-12-07,USA,Retail,Cloud-DC,Phishing,Cybercriminal,Social Engineering,AI-based IDS,14502,76588,1.239,15.0,20.0,0.582,Medium
INC-01646,2021-12-08,India,IT & Telecom,Cloud-DC,SQL Injection,Cybercriminal,Misconfiguration,VPN,1211,69114,1.324,21.3,22.4,0.743,Medium
INC-01647,2021-12-08,Brazil,Retail,Cloud-DC,Credential Stuffing,Cybercriminal,Weak Passwords,Firewall,16164,7313,0.096,6.0,27.0,0.252,Low
INC-01648,2021-12-08,Germany,Finance,Banking-Core,Phishing,Nation-State,Social Engineering,AI-based IDS,1090,3901,0.107,7.8,48.9,0.485,Low
INC-01649,2021-12-09,China,IT & Telecom,Corporate-LAN,Ransomware,Nation-State,Unpatched Software,Antivirus,2725,6020,0.096,19.5,47.8,2.247,High
INC-01650,2021-12-09,USA,Finance,Banking-Core,Phishing,Cybercriminal,Social Engineering,Firewall,259,7027,0.135,,47.2,0.596,Medium
INC-01651,2021-12-10,Germany,IT & Telecom,Corporate-LAN,SQL Injection,Cybercriminal,Unpatched Software,AI-based IDS,1768,106118,1.726,17.0,50.0,0.799,Medium
INC-01652,2021-12-10,Japan,Finance,Corporate-LAN,Credential Stuffing,Cybercriminal,Weak Passwords,AI-based IDS,6286,32868,0.555,10.2,14.1,0.638,Medium
INC-01653,2021-12-11,Japan,Government,Cloud-DC,Phishing,Cybercriminal,Social Engineering,MFA,2216,19719,0.328,48.4,77.2,0.711,Medium
INC-01654,2021-12-12,Australia,Finance,Banking-Core,Phishing,Cybercriminal,Social Engineering,MFA,358,6574,0.193,29.8,38.6,0.656,Medium
INC-01655,2021-12-12,UK,Education,University-Campus,Credential Stuffing,Cybercriminal,Misconfiguration,AI-based IDS,392,9255,0.137,14.3,53.4,0.21,Low
INC-01656,2021-12-12,Australia,Healthcare,Corporate-LAN,Ransomware,Cybercriminal,Unpatched Software,Firewall,5414,287500,3.167,18.0,74.4,5.499,Critical
INC-01657,2021-12-12,Germany,Retail,Cloud-DC,Ransomware,Nation-State,Unpatched Software,Antivirus,297,283705,5.887,11.2,137.7,3.19,High
INC-01658,2021-12-13,France,Retail,Corporate-LAN,Man-in-the-Middle,Cybercriminal,Misconfiguration,Antivirus,8041,1061,0.023,33.3,35.2,0.292,Low
INC-01659,2021-12-13,Japan,IT & Telecom,Cloud-DC,DDoS,Hacktivist,Misconfiguration,Firewall,13260,413,0.005,6.0,7.2,0.174,Low
INC-01660,2021-12-13,Brazil,IT & Telecom,Cloud-DC,Ransomware,Cybercriminal,Unpatched Software,Encryption,1021,13421,0.208,11.2,194.1,2.814,High
INC-01661,2021-12-13,India,Retail,Cloud-DC,Phishing,Unknown,Unpatched Software,Antivirus,4028,165191,4.155,39.2,31.8,1.139,Medium
INC-01662,2021-12-13,USA,Retail,Cloud-DC,Credential Stuffing,Cybercriminal,Weak Passwords,AI-based IDS,2365,53937,0.986,11.3,32.9,0.918,Medium
INC-01663,2021-12-14,India,Education,Cloud-DC,Insider Threat,Insider,Excess Privileges,VPN,418,4010,0.061,350.9,201.1,1.514,High
INC-01664,2021-12-14,Brazil,Finance,Corporate-LAN,DDoS,Cybercriminal,Unpatched Software,Antivirus,234,597,0.009,0.5,32.0,0.413,Low
INC-01665,2021-12-15,Russia,Retail,Cloud-DC,SQL Injection,Unknown,Misconfiguration,MFA,1293,1284,0.02,7.0,17.6,0.228,Low
INC-01666,2021-12-15,USA,Retail,Cloud-DC,Ransomware,Cybercriminal,Social Engineering,Antivirus,2222,26223,0.47,18.5,151.2,2.481,High
INC-01667,2021-12-15,Russia,Healthcare,Cloud-DC,Zero-Day Exploit,Nation-State,Zero-Day,MFA,2419,5172,0.118,93.1,124.7,1.064,Medium
INC-01668,2021-12-15,Germany,Finance,Banking-Core,Insider Threat,Insider,Excess Privileges,MFA,19,149112,1.811,67.6,66.9,1.304,Medium
INC-01669,2021-12-16,USA,Finance,Banking-Core,SQL Injection,Cybercriminal,Unpatched Software,Firewall,5078,27001,0.65,10.4,35.1,0.672,Medium
INC-01670,2021-12-16,India,IT & Telecom,Corporate-LAN,Zero-Day Exploit,Nation-State,Zero-Day,AI-based IDS,7576,21995,0.419,52.9,96.9,0.824,Medium
INC-01671,2021-12-16,India,IT & Telecom,Corporate-LAN,Malware,Cybercriminal,Social Engineering,MFA,1300,14375,0.324,6.9,24.4,0.374,Low
INC-01672,2021-12-16,India,Healthcare,Corporate-LAN,Phishing,Cybercriminal,Weak Passwords,Firewall,871,11595,0.151,16.5,17.2,0.304,Low
INC-01673,2021-12-16,Brazil,Healthcare,Corporate-LAN,Phishing,Nation-State,Social Engineering,Firewall,4582,586356,15.506,50.4,36.3,4.094,High
INC-01674,2021-12-17,USA,Finance,Banking-Core,DDoS,Hacktivist,Misconfiguration,MFA,3301,18,0.0,0.7,2.8,0.271,Low
INC-01675,2021-12-17,USA,Finance,Banking-Core,Credential Stuffing,Cybercriminal,Weak Passwords,VPN,2357,55878,1.159,25.4,24.3,0.745,Medium
INC-01676,2021-12-17,Japan,Finance,Banking-Core,DDoS,Nation-State,Unpatched Software,Antivirus,11186,1720,0.033,3.2,6.0,0.3,Low
INC-01677,2021-12-17,China,Finance,Banking-Core,Zero-Day Exploit,Nation-State,Zero-Day,MFA,15078,92009,1.947,112.7,126.2,1.306,Medium
INC-01678,2021-12-17,China,Energy,Corporate-LAN,Ransomware,Cybercriminal,Unpatched Software,Antivirus,1955,38188,0.847,3.0,232.6,3.186,High
INC-01679,2021-12-18,Japan,Education,Cloud-DC,Zero-Day Exploit,Nation-State,Zero-Day,Antivirus,17761,7245,0.104,105.1,121.8,0.721,Medium
INC-01680,2021-12-19,India,Finance,Banking-Core,DDoS,Hacktivist,Misconfiguration,AI-based IDS,58023,1410,0.038,0.3,2.7,0.198,Low
INC-01681,2021-12-19,USA,Finance,Banking-Core,Man-in-the-Middle,Unknown,Misconfiguration,VPN,1624,132174,2.759,55.6,49.3,0.974,Medium
INC-01682,2021-12-19,Australia,Healthcare,Cloud-DC,Ransomware,Cybercriminal,Weak Passwords,VPN,755,235910,3.078,22.6,66.8,4.152,High
INC-01683,2021-12-21,India,Education,University-Campus,DDoS,Hacktivist,Misconfiguration,Firewall,3993,98,0.002,0.7,30.7,0.236,Low
INC-01684,2021-12-21,USA,Education,Cloud-DC,Phishing,Hacktivist,Social Engineering,VPN,467,8775,0.173,19.6,113.0,0.712,Medium
INC-01685,2021-12-21,Japan,Energy,IoT-Grid,Ransomware,Cybercriminal,Unpatched Software,Firewall,10197,1511,0.016,7.4,35.0,1.388,Medium
INC-01686,2021-12-21,Germany,IT & Telecom,Corporate-LAN,SQL Injection,Cybercriminal,Misconfiguration,AI-based IDS,6056,5641,0.059,14.3,21.3,0.514,Medium
INC-01687,2021-12-22,Australia,Healthcare,Cloud-DC,Ransomware,Cybercriminal,Social Engineering,Firewall,8089,12733,0.203,11.1,81.9,1.873,High
INC-01688,2021-12-23,France,Government,Corporate-LAN,SQL Injection,Hacktivist,Misconfiguration,Encryption,2617,42354,1.179,25.3,46.6,0.554,Medium
INC-01689,2021-12-23,Brazil,Healthcare,IoT-Grid,Man-in-the-Middle,Nation-State,Misconfiguration,Firewall,1600,3219,0.044,11.5,59.4,0.551,Medium
INC-01690,2021-12-23,USA,Government,Cloud-DC,Phishing,Cybercriminal,Social Engineering,AI-based IDS,2082,2292,0.034,12.8,25.7,0.241,Low
INC-01691,2021-12-23,USA,Education,University-Campus,Phishing,Cybercriminal,Social Engineering,Encryption,2363,1932,0.053,7.3,18.9,0.161,Low
INC-01692,2021-12-23,Australia,Healthcare,IoT-Grid,Phishing,Cybercriminal,Social Engineering,Antivirus,10811,18718,0.55,34.8,28.6,0.418,Low
INC-01693,2021-12-24,Russia,Healthcare,IoT-Grid,Phishing,Cybercriminal,Social Engineering,Encryption,124,658338,17.654,22.2,53.6,4.176,High
INC-01694,2021-12-24,France,IT & Telecom,Corporate-LAN,Phishing,Nation-State,Social Engineering,MFA,38986,120012,1.603,96.8,73.3,1.293,Medium
INC-01695,2021-12-25,USA,Retail,Cloud-DC,Phishing,Nation-State,Social Engineering,Antivirus,13997,114807,1.51,21.8,31.7,0.751,Medium
INC-01696,2021-12-25,UK,Healthcare,Corporate-LAN,Ransomware,Cybercriminal,Social Engineering,MFA,1390,84161,1.317,7.8,26.2,2.477,High
INC-01697,2021-12-26,Australia,IT & Telecom,Cloud-DC,Insider Threat,Insider,Excess Privileges,Encryption,2589,15557,0.396,95.4,84.6,0.919,Medium
INC-01698,2021-12-26,Brazil,IT & Telecom,Corporate-LAN,DDoS,Hacktivist,Unpatched Software,Firewall,25566,14049,0.264,0.2,7.6,0.295,Low
INC-01699,2021-12-28,USA,IT & Telecom,Corporate-LAN,Insider Threat,Insider,Misconfiguration,Firewall,87,25012,0.454,165.2,137.5,0.828,Medium
INC-01700,2021-12-28,China,Retail,Corporate-LAN,Ransomware,Cybercriminal,Social Engineering,MFA,168,366077,10.875,3.3,93.6,3.764,High
INC-01701,2022-01-01,USA,Retail,Corporate-LAN,SQL Injection,Cybercriminal,Unpatched Software,Antivirus,162,13764,0.372,20.8,38.4,0.597,Medium
INC-01702,2022-01-01,France,IT & Telecom,Cloud-DC,DDoS,Nation-State,Unpatched Software,VPN,2764,147,0.002,1.6,24.9,0.387,Low
INC-01703,2022-01-02,Brazil,Education,University-Campus,Insider Threat,Insider,Excess Privileges,MFA,422,349123,7.979,40.3,67.9,1.786,High
INC-01704,2022-01-02,Brazil,Finance,Banking-Core,Credential Stuffing,Cybercriminal,Weak Passwords,Encryption,8494,286417,4.128,7.3,17.6,2.29,High
INC-01705,2022-01-02,USA,IT & Telecom,Cloud-DC,Ransomware,Cybercriminal,Weak Passwords,MFA,2455,96949,0.999,3.4,207.6,2.372,High
INC-01706,2022-01-03,India,Finance,Cloud-DC,Credential Stuffing,Cybercriminal,Weak Passwords,AI-based IDS,5176,96830,2.464,20.6,103.7,1.354,Medium
INC-01707,2022-01-04,India,Finance,Banking-Core,Phishing,Cybercriminal,Social Engineering,Antivirus,10550,23037,0.541,48.7,75.8,0.821,Medium
INC-01708,2022-01-04,Japan,Government,Corporate-LAN,Insider Threat,Insider,Excess Privileges,MFA,419,349823,5.988,15.6,28.0,1.712,High
INC-01709,2022-01-04,India,Finance,Banking-Core,Credential Stuffing,Cybercriminal,Weak Passwords,Firewall,3817,379,0.006,25.1,44.5,0.905,Medium
INC-01710,2022-01-04,Russia,Retail,Cloud-DC,Insider Threat,Insider,Excess Privileges,Encryption,90,74100,1.914,126.8,108.6,1.018,Medium
INC-01711,2022-01-05,USA,Retail,Cloud-DC,SQL Injection,Unknown,Unpatched Software,Firewall,1477,241506,2.716,18.3,27.9,0.951,Medium
INC-01712,2022-01-05,Australia,Energy,Corporate-LAN,Zero-Day Exploit,Nation-State,Zero-Day,Antivirus,33295,467516,11.785,44.3,56.1,2.23,High
INC-01713,2022-01-05,Australia,Energy,IoT-Grid,Malware,Cybercriminal,Unpatched Software,VPN,1025,43286,0.543,21.0,61.5,0.875,Medium
INC-01714,2022-01-06,India,Education,University-Campus,Malware,Unknown,Unpatched Software,MFA,10219,9024,0.159,7.7,18.1,0.246,Low
INC-01715,2022-01-06,Russia,Healthcare,Corporate-LAN,Ransomware,Cybercriminal,Unpatched Software,Antivirus,1569,94407,1.624,8.6,308.6,4.952,High
INC-01716,2022-01-06,Germany,Education,University-Campus,Phishing,Cybercriminal,Social Engineering,MFA,9629,54575,1.51,16.4,13.9,0.36,Low
INC-01717,2022-01-06,Brazil,IT & Telecom,Cloud-DC,Zero-Day Exploit,Nation-State,Zero-Day,Encryption,34770,1913499,27.926,299.3,229.8,12.734,Critical
INC-01718,2022-01-07,USA,Energy,Corporate-LAN,Malware,Cybercriminal,Unpatched Software,AI-based IDS,3680,209101,4.16,20.0,73.3,1.75,High
INC-01719,2022-01-07,UK,Retail,Cloud-DC,Malware,Cybercriminal,Unpatched Software,MFA,647,140917,2.193,39.0,66.5,1.588,High
INC-01720,2022-01-07,India,Finance,Banking-Core,Phishing,Cybercriminal,Social Engineering,Firewall,15773,53774,1.343,27.0,20.8,0.526,Medium
INC-01721,2022-01-07,Germany,IT & Telecom,Corporate-LAN,DDoS,Nation-State,Unpatched Software,MFA,12353,1170,0.019,0.6,7.9,0.169,Low
INC-01722,2022-01-08,UK,Healthcare,Corporate-LAN,Ransomware,Cybercriminal,Social Engineering,Encryption,1838,473197,11.991,28.6,123.6,3.28,High
INC-01723,2022-01-08,India,Retail,Cloud-DC,Phishing,Cybercriminal,Social Engineering,Firewall,598,9552,0.103,10.7,20.9,0.342,Low
INC-01724,2022-01-08,USA,Healthcare,Corporate-LAN,Ransomware,Cybercriminal,Unpatched Software,MFA,3306,947609,14.542,2.7,51.2,8.591,Critical
INC-01725,2022-01-09,Germany,IT & Telecom,Cloud-DC,DDoS,Cybercriminal,Misconfiguration,AI-based IDS,6047,595,0.012,1.6,12.7,0.217,Low
INC-01726,2022-01-09,India,Retail,Corporate-LAN,SQL Injection,Cybercriminal,Misconfiguration,MFA,13324,84886,1.897,37.4,30.8,0.503,Medium
INC-01727,2022-01-09,USA,Education,University-Campus,Credential Stuffing,Unknown,Weak Passwords,Antivirus,11505,1628,0.043,8.0,64.9,0.34,Low
INC-01728,2022-01-10,France,IT & Telecom,Cloud-DC,Phishing,Cybercriminal,Social Engineering,Firewall,507,119980,3.043,31.5,58.8,1.047,Medium
INC-01729,2022-01-11,Brazil,Government,Cloud-DC,Ransomware,Cybercriminal,Social Engineering,Firewall,3670,3878,0.079,30.3,61.5,1.623,High
INC-01730,2022-01-11,USA,IT & Telecom,Corporate-LAN,Malware,Unknown,Unpatched Software,Firewall,5008,250789,3.53,16.4,24.8,1.82,High
INC-01731,2022-01-12,UK,Finance,Cloud-DC,Phishing,Cybercriminal,Social Engineering,Encryption,228,768,0.012,,18.6,0.337,Low
INC-01732,2022-01-12,UK,Education,Cloud-DC,Malware,Nation-State,Unpatched Software,Antivirus,1284,57905,0.882,15.9,36.3,0.328,Low
INC-01733,2022-01-12,USA,Finance,Banking-Core,Malware,Unknown,Social Engineering,MFA,16349,73716,1.336,31.3,28.6,0.68,Medium
INC-01734,2022-01-13,India,Finance,Banking-Core,Phishing,Nation-State,Social Engineering,VPN,492,21384,0.439,25.0,24.2,0.471,Low
INC-01735,2022-01-14,Australia,Energy,IoT-Grid,Zero-Day Exploit,Nation-State,Zero-Day,MFA,2385,10220,0.178,33.1,78.0,0.755,Medium
INC-01736,2022-01-15,USA,IT & Telecom,Corporate-LAN,Phishing,Cybercriminal,Social Engineering,Firewall,1663,51383,1.062,3.6,10.0,0.636,Medium
INC-01737,2022-01-15,China,Healthcare,Corporate-LAN,Phishing,Cybercriminal,Social Engineering,Firewall,164,77930,1.056,24.9,74.5,1.109,Medium
INC-01738,2022-01-15,Germany,Government,Corporate-LAN,Zero-Day Exploit,,Zero-Day,Antivirus,1540,127213,3.664,212.2,130.6,1.969,High
INC-01739,2022-01-15,Germany,Finance,Banking-Core,Ransomware,Cybercriminal,Unpatched Software,VPN,13738,170154,4.458,1.6,138.1,3.84,High
INC-01740,2022-01-16,USA,Healthcare,Corporate-LAN,Ransomware,Cybercriminal,Weak Passwords,Encryption,1245,127875,1.851,,82.1,2.856,High
INC-01741,2022-01-16,Brazil,Healthcare,IoT-Grid,Insider Threat,Insider,Weak Passwords,AI-based IDS,257,17817,0.322,28.3,23.5,0.431,Low
INC-01742,2022-01-17,Russia,Finance,Cloud-DC,Man-in-the-Middle,Hacktivist,Misconfiguration,Antivirus,3195,305321,7.004,6.1,13.1,2.074,High
INC-01743,2022-01-17,Australia,Energy,Corporate-LAN,Phishing,Cybercriminal,Social Engineering,Antivirus,1373,8343,0.11,28.5,23.8,0.449,Low
INC-01744,2022-01-17,USA,Retail,Cloud-DC,Malware,Cybercriminal,Social Engineering,MFA,1696,565717,9.599,8.7,121.4,4.357,High
INC-01745,2022-01-18,USA,Government,Cloud-DC,Phishing,Cybercriminal,Social Engineering,MFA,53,8555,0.21,44.0,43.5,0.51,Medium
INC-01746,2022-01-18,USA,Government,Corporate-LAN,Credential Stuffing,Cybercriminal,Weak Passwords,Firewall,1725,191258,2.019,24.9,27.1,1.367,Medium
INC-01747,2022-01-18,USA,Finance,Cloud-DC,Phishing,Cybercriminal,Weak Passwords,Antivirus,450,17317,0.457,6.1,20.1,0.685,Medium
INC-01748,2022-01-19,UK,Government,Cloud-DC,DDoS,Hacktivist,Misconfiguration,MFA,1225,52,0.001,,8.5,0.17,Low
INC-01749,2022-01-19,Australia,Education,University-Campus,Credential Stuffing,Cybercriminal,Weak Passwords,Encryption,18835,66685,1.167,29.1,92.6,0.629,Medium
INC-01750,2022-01-19,India,Retail,Corporate-LAN,Malware,Nation-State,Social Engineering,Encryption,6356,49288,0.862,15.7,86.1,1.2,Medium
INC-01751,2022-01-19,Germany,Retail,Cloud-DC,Credential Stuffing,Unknown,Weak Passwords,VPN,1021,80210,0.921,48.5,34.8,0.48,Low
INC-01752,2022-01-19,France,Finance,Cloud-DC,Phishing,Nation-State,Weak Passwords,Firewall,1178,35468,0.5,63.8,84.8,1.481,Medium
INC-01753,2022-01-19,Germany,Retail,Corporate-LAN,Phishing,Cybercriminal,Social Engineering,MFA,999,17716,0.389,40.8,127.7,1.108,Medium
INC-01754,2022-01-20,China,Retail,Cloud-DC,Ransomware,Cybercriminal,Social Engineering,MFA,25297,1549375,36.187,23.8,50.8,11.727,Critical
INC-01755,2022-01-21,France,Healthcare,IoT-Grid,Phishing,Unknown,Social Engineering,VPN,805,7497,0.1,4.1,18.9,0.816,Medium
INC-01756,2022-01-21,USA,Healthcare,IoT-Grid,DDoS,Unknown,Unpatched Software,Firewall,1141,1330,0.014,2.2,8.2,0.326,Low
INC-01757,2022-01-21,Japan,IT & Telecom,Cloud-DC,Malware,Cybercriminal,Weak Passwords,VPN,1746,44770,1.126,9.4,40.8,0.449,Low
INC-01758,2022-01-22,USA,Education,Cloud-DC,Phishing,Hacktivist,Social Engineering,MFA,7003,7334,0.108,24.7,27.9,0.191,Low
INC-01759,2022-01-23,Germany,Finance,Cloud-DC,Credential Stuffing,Cybercriminal,Weak Passwords,Firewall,5913,32851,0.574,16.1,47.3,0.699,Medium
INC-01760,2022-01-23,Australia,Education,University-Campus,Phishing,Cybercriminal,Unpatched Software,AI-based IDS,1232,11923,0.191,7.3,110.2,0.643,Medium
INC-01761,2022-01-24,UK,Education,University-Campus,Phishing,Unknown,Social Engineering,AI-based IDS,2666,20575,0.592,75.1,127.6,1.063,Medium
INC-01762,2022-01-24,France,Energy,IoT-Grid,Phishing,Cybercriminal,Weak Passwords,AI-based IDS,5445,8221,0.151,3.1,14.7,0.429,Low
INC-01763,2022-01-24,UK,Education,University-Campus,DDoS,Nation-State,Unpatched Software,Antivirus,11593,17,0.0,0.8,8.4,0.197,Low
INC-01764,2022-01-24,Japan,Healthcare,IoT-Grid,Phishing,Cybercriminal,Social Engineering,Firewall,3581,109065,2.741,20.4,23.9,1.12,Medium
INC-01765,2022-01-24,Germany,Retail,Cloud-DC,SQL Injection,Hacktivist,Unpatched Software,Antivirus,7898,33278,0.832,17.3,45.5,0.617,Medium
INC-01766,2022-01-24,USA,Finance,Banking-Core,Ransomware,Cybercriminal,Unpatched Software,Encryption,40357,5262,0.093,5.4,34.5,2.665,High
INC-01767,2022-01-25,India,Healthcare,IoT-Grid,Phishing,Unknown,Social Engineering,MFA,463,1717,0.033,96.2,97.4,0.771,Medium
INC-01768,2022-01-25,USA,Government,Cloud-DC,Phishing,Cybercriminal,Weak Passwords,Antivirus,2006,76927,1.398,7.3,16.0,0.712,Medium
INC-01769,2022-01-25,UK,Education,Cloud-DC,Ransomware,Unknown,Unpatched Software,MFA,10939,14568,0.39,4.3,63.5,1.032,Medium
INC-01770,2022-01-26,USA,Healthcare,Cloud-DC,Phishing,Cybercriminal,Social Engineering,VPN,453,6172,0.069,10.4,35.3,0.74,Medium
INC-01771,2022-01-26,Japan,Energy,IoT-Grid,Zero-Day Exploit,Nation-State,Zero-Day,Encryption,15963,15928,0.256,91.2,145.9,0.755,Medium
INC-01772,2022-01-26,China,IT & Telecom,Cloud-DC,Zero-Day Exploit,Nation-State,Zero-Day,AI-based IDS,821,40577,0.987,7.8,67.0,0.455,Low
INC-01773,2022-01-28,Germany,Energy,IoT-Grid,DDoS,Hacktivist,Unpatched Software,VPN,20864,1541,0.018,3.3,4.4,0.204,Low
INC-01774,2022-01-28,India,Retail,Cloud-DC,SQL Injection,Nation-State,Misconfiguration,Firewall,1167,29242,0.607,19.8,85.6,0.515,Medium
INC-01775,2022-02-01,Russia,Healthcare,Cloud-DC,Ransomware,Nation-State,Weak Passwords,VPN,3091,233805,5.677,74.5,95.6,3.449,High
INC-01776,2022-02-01,Brazil,IT & Telecom,Corporate-LAN,Malware,Cybercriminal,Social Engineering,MFA,26356,82615,1.452,12.6,103.2,1.298,Medium
INC-01777,2022-02-01,Australia,Education,University-Campus,Phishing,Cybercriminal,Social Engineering,Firewall,793,9432,0.253,82.4,57.5,0.278,Low
INC-01778,2022-02-01,Japan,Healthcare,Cloud-DC,Insider Threat,Insider,Excess Privileges,MFA,220,25094,0.259,158.7,201.8,3.041,High
INC-01779,2022-02-02,Brazil,Education,Cloud-DC,DDoS,Nation-State,Misconfiguration,Firewall,46505,160,0.003,0.2,8.8,0.233,Low
INC-01780,2022-02-02,China,Finance,Banking-Core,Zero-Day Exploit,Nation-State,Zero-Day,VPN,19432,6205,0.113,94.2,349.7,4.879,High
INC-01781,2022-02-03,USA,Education,University-Campus,Phishing,Unknown,Weak Passwords,MFA,772,30096,0.318,5.7,15.3,0.261,Low
INC-01782,2022-02-03,Australia,Energy,IoT-Grid,Malware,Cybercriminal,Social Engineering,Antivirus,1417,34665,0.468,62.7,56.2,0.781,Medium
INC-01783,2022-02-04,USA,Retail,Cloud-DC,SQL Injection,Cybercriminal,Misconfiguration,Encryption,2166,22385,0.343,9.2,81.6,0.778,Medium
INC-01784,2022-02-05,USA,Finance,Cloud-DC,Phishing,Cybercriminal,Social Engineering,Antivirus,729,364312,5.867,6.7,40.8,2.661,High
INC-01785,2022-02-06,USA,Healthcare,Cloud-DC,Ransomware,Unknown,Weak Passwords,MFA,10620,9146,0.111,14.4,39.9,2.357,High
INC-01786,2022-02-06,France,Education,University-Campus,Phishing,Nation-State,Social Engineering,AI-based IDS,9757,5025,0.087,11.7,33.3,0.237,Low
INC-01787,2022-02-06,Russia,Retail,Cloud-DC,Ransomware,Cybercriminal,Weak Passwords,VPN,409,2822,0.052,2.5,136.2,2.746,High
INC-01788,2022-02-06,USA,Government,Cloud-DC,Malware,Nation-State,Unpatched Software,Firewall,1946,556496,14.119,66.7,98.3,3.591,High
INC-01789,2022-02-07,Russia,Energy,IoT-Grid,Phishing,Unknown,Unpatched Software,MFA,2728,4173,0.087,17.3,29.0,0.409,Low
INC-01790,2022-02-09,Germany,Healthcare,Cloud-DC,Phishing,Cybercriminal,Unpatched Software,Antivirus,721,10022,0.16,39.0,44.1,0.342,Low
INC-01791,2022-02-09,Japan,Finance,Banking-Core,Man-in-the-Middle,Cybercriminal,Misconfiguration,AI-based IDS,10012,7498,0.184,14.6,69.1,0.793,Medium
INC-01792,2022-02-09,Australia,Finance,Corporate-LAN,Zero-Day Exploit,Nation-State,Zero-Day,VPN,1348,257,0.007,305.0,247.8,1.945,High
INC-01793,2022-02-10,Germany,Retail,Cloud-DC,Credential Stuffing,Cybercriminal,Weak Passwords,VPN,474,4190,0.093,11.4,33.9,0.514,Medium
INC-01794,2022-02-10,Russia,Retail,Corporate-LAN,Phishing,Hacktivist,Social Engineering,AI-based IDS,225,9059,0.251,6.0,38.0,0.613,Medium
INC-01795,2022-02-11,India,IT & Telecom,Corporate-LAN,Insider Threat,Insider,Excess Privileges,Encryption,1129,40149,1.19,113.4,129.2,1.202,Medium
INC-01796,2022-02-11,Australia,Retail,Corporate-LAN,Credential Stuffing,Cybercriminal,Misconfiguration,Encryption,253,28477,0.601,40.0,35.5,0.311,Low
INC-01797,2022-02-12,France,Retail,Cloud-DC,Ransomware,Cybercriminal,Unpatched Software,Antivirus,12123,842044,13.523,1.7,116.8,6.259,Critical
INC-01798,2022-02-13,UK,IT & Telecom,Corporate-LAN,Credential Stuffing,Cybercriminal,Weak Passwords,Antivirus,23149,151552,2.836,31.0,74.9,1.437,Medium
INC-01799,2022-02-13,USA,IT & Telecom,Cloud-DC,Ransomware,Cybercriminal,Weak Passwords,Firewall,10350,32831,0.827,2.5,67.7,1.85,High
INC-01800,2022-02-13,Australia,Energy,IoT-Grid,Malware,Unknown,Unpatched Software,Firewall,643,85001,1.724,16.6,25.0,0.923,Medium
INC-01801,2022-02-14,Australia,Finance,Banking-Core,Ransomware,Nation-State,Unpatched Software,Firewall,1260,305215,8.678,5.4,87.2,4.181,High
INC-01802,2022-02-15,USA,IT & Telecom,Cloud-DC,Phishing,Hacktivist,Unpatched Software,Encryption,31840,103340,1.81,23.5,33.0,1.182,Medium
INC-01803,2022-02-16,China,Retail,Cloud-DC,Ransomware,Cybercriminal,Weak Passwords,Antivirus,5243,36286,0.997,14.3,161.9,2.017,High
INC-01804,2022-02-17,UK,Finance,Banking-Core,Credential Stuffing,Cybercriminal,Misconfiguration,AI-based IDS,7512,78574,0.939,44.9,152.7,2.884,High
INC-01805,2022-02-17,USA,Healthcare,IoT-Grid,Phishing,Cybercriminal,Social Engineering,Firewall,765,39049,0.515,28.8,39.6,0.628,Medium
INC-01806,2022-02-17,USA,Government,Cloud-DC,Man-in-the-Middle,Unknown,Weak Passwords,MFA,2525,9401,0.127,65.8,58.2,0.857,Medium
INC-01807,2022-02-18,UK,Healthcare,IoT-Grid,Malware,Cybercriminal,Social Engineering,MFA,3167,147283,2.465,7.5,117.1,2.327,High
INC-01808,2022-02-18,USA,Energy,IoT-Grid,Zero-Day Exploit,Nation-State,Zero-Day,Encryption,9314,151962,3.762,118.8,159.0,1.639,High
INC-01809,2022-02-18,France,Finance,Cloud-DC,Phishing,Nation-State,Social Engineering,Firewall,1486,1302,0.018,19.0,25.3,0.477,Low
INC-01810,2022-02-19,USA,Healthcare,Corporate-LAN,Malware,Nation-State,Social Engineering,Antivirus,2095,12808,0.336,21.6,35.3,0.797,Medium
INC-01811,2022-02-19,Australia,IT & Telecom,Corporate-LAN,Zero-Day Exploit,Nation-State,Zero-Day,Firewall,9130,56462,1.104,373.4,321.2,2.326,High
INC-01812,2022-02-19,Australia,Education,University-Campus,Phishing,Cybercriminal,Social Engineering,Firewall,295,11807,0.34,6.1,36.8,0.277,Low
INC-01813,2022-02-21,Japan,Healthcare,Corporate-LAN,Insider Threat,Insider,Excess Privileges,Encryption,188,5720,0.07,28.0,44.6,0.736,Medium
INC-01814,2022-02-21,Australia,IT & Telecom,Corporate-LAN,DDoS,Hacktivist,Misconfiguration,Encryption,36017,89,0.003,0.2,10.6,0.314,Low
INC-01815,2022-02-21,France,Finance,Cloud-DC,DDoS,Hacktivist,Misconfiguration,Firewall,17056,6765,0.07,0.2,11.7,0.364,Low
INC-01816,2022-02-22,USA,Finance,Corporate-LAN,Phishing,Nation-State,Social Engineering,Firewall,29821,63044,1.379,9.6,49.3,1.247,Medium
INC-01817,2022-02-22,France,Energy,IoT-Grid,Zero-Day Exploit,Nation-State,Zero-Day,Encryption,9842,49692,1.315,115.6,114.7,1.467,Medium
INC-01818,2022-02-23,UK,IT & Telecom,Cloud-DC,Man-in-the-Middle,Unknown,Misconfiguration,Antivirus,936,4487,0.093,51.2,62.3,0.812,Medium
INC-01819,2022-02-23,India,Healthcare,Corporate-LAN,Insider Threat,Insider,Excess Privileges,Firewall,155,7784,0.18,354.4,225.1,1.77,High
INC-01820,2022-02-23,UK,Government,Cloud-DC,Zero-Day Exploit,Nation-State,Zero-Day,AI-based IDS,1069,37655,1.009,85.5,118.2,1.655,High
INC-01821,2022-02-24,France,Healthcare,Corporate-LAN,Phishing,Unknown,Social Engineering,Firewall,15150,14982,0.37,37.8,29.6,0.457,Low
INC-01822,2022-02-24,Russia,Retail,Cloud-DC,SQL Injection,Nation-State,Misconfiguration,VPN,5154,27125,0.684,13.2,56.9,0.499,Low
INC-01823,2022-02-24,UK,Healthcare,IoT-Grid,Insider Threat,Insider,Excess Privileges,Firewall,788,27452,0.429,167.8,122.1,1.576,High
INC-01824,2022-02-25,USA,Government,Corporate-LAN,Phishing,Unknown,Social Engineering,Firewall,228,12737,0.152,14.9,17.7,0.499,Low
INC-01825,2022-02-25,France,Government,Cloud-DC,Credential Stuffing,Cybercriminal,Weak Passwords,AI-based IDS,3541,41216,0.518,29.9,40.4,0.618,Medium
INC-01826,2022-02-25,India,Retail,Cloud-DC,Credential Stuffing,Cybercriminal,Weak Passwords,Firewall,507,12896,0.229,9.6,30.7,0.497,Low
INC-01827,2022-02-26,UK,IT & Telecom,Cloud-DC,Malware,Hacktivist,Unpatched Software,MFA,1079,10295,0.214,52.1,70.7,0.445,Low
INC-01828,2022-02-26,USA,Finance,Banking-Core,Malware,Cybercriminal,Unpatched Software,Encryption,2016,46612,0.476,4.9,38.2,0.641,Medium
INC-01829,2022-02-26,Germany,Retail,Cloud-DC,Credential Stuffing,Cybercriminal,Weak Passwords,AI-based IDS,1904,2231,0.058,3.0,22.2,0.191,Low
INC-01830,2022-02-26,India,Education,University-Campus,Phishing,Cybercriminal,Social Engineering,AI-based IDS,439,216289,3.88,3.0,34.9,0.779,Medium
INC-01831,2022-02-27,USA,Finance,Banking-Core,Ransomware,Cybercriminal,Social Engineering,MFA,4453,175610,2.129,12.3,97.2,3.27,High
INC-01832,2022-02-27,Germany,Finance,Banking-Core,DDoS,Hacktivist,Misconfiguration,Firewall,7590,1693,0.02,1.4,12.0,0.217,Low
INC-01833,2022-02-28,USA,Finance,Cloud-DC,Phishing,Nation-State,Social Engineering,Antivirus,2577,15521,0.198,183.3,108.8,1.026,Medium
INC-01834,2022-02-28,USA,IT & Telecom,Corporate-LAN,Phishing,Cybercriminal,Social Engineering,MFA,1499,76970,1.183,14.3,21.6,0.509,Medium
INC-01835,2022-03-01,Russia,Government,Cloud-DC,Malware,Cybercriminal,Unpatched Software,AI-based IDS,1089,30160,0.622,32.2,39.4,0.603,Medium
INC-01836,2022-03-01,USA,IT & Telecom,Cloud-DC,SQL Injection,Cybercriminal,Misconfiguration,Firewall,4045,21395,0.539,49.5,117.0,0.734,Medium
INC-01837,2022-03-01,USA,Healthcare,Corporate-LAN,SQL Injection,Cybercriminal,Misconfiguration,MFA,2776,240653,5.746,15.4,32.8,1.437,Medium
INC-01838,2022-03-02,Brazil,Finance,Banking-Core,Credential Stuffing,Cybercriminal,Weak Passwords,Firewall,989,6905,0.127,12.1,48.3,0.624,Medium
INC-01839,2022-03-02,UK,Finance,Cloud-DC,Credential Stuffing,Cybercriminal,Weak Passwords,AI-based IDS,364,9883,0.192,0.6,26.0,0.563,Medium
INC-01840,2022-03-02,USA,Finance,Banking-Core,Ransomware,Hacktivist,Unpatched Software,Antivirus,5389,13378,0.335,22.6,98.2,2.769,High
INC-01841,2022-03-03,USA,Healthcare,Cloud-DC,Phishing,Cybercriminal,Social Engineering,Encryption,9680,151607,3.348,8.6,24.9,1.189,Medium
INC-01842,2022-03-04,Australia,Finance,Banking-Core,SQL Injection,Cybercriminal,Unpatched Software,MFA,777,513169,6.459,18.4,45.6,5.157,Critical
INC-01843,2022-03-04,Japan,IT & Telecom,Cloud-DC,Ransomware,Cybercriminal,Weak Passwords,Firewall,2278,3655,0.042,1.7,24.8,1.606,High
INC-01844,2022-03-05,India,Retail,Corporate-LAN,Zero-Day Exploit,Nation-State,Zero-Day,Encryption,2104,136080,3.447,36.1,258.0,2.739,High
INC-01845,2022-03-05,India,Retail,Corporate-LAN,Credential Stuffing,Cybercriminal,Weak Passwords,Antivirus,560,46823,0.754,32.8,47.3,0.735,Medium
INC-01846,2022-03-05,Germany,Retail,Corporate-LAN,Phishing,Nation-State,Social Engineering,Firewall,4258,50339,0.79,29.5,30.3,0.437,Low
INC-01847,2022-03-06,Russia,Government,Cloud-DC,Ransomware,Cybercriminal,Social Engineering,AI-based IDS,1993,1123,0.021,4.0,31.9,1.243,Medium
INC-01848,2022-03-06,India,Healthcare,Cloud-DC,DDoS,Hacktivist,Unpatched Software,MFA,53498,74490,1.363,5.8,12.7,0.69,Medium
INC-01849,2022-03-06,UK,Retail,Cloud-DC,Ransomware,Nation-State,Social Engineering,MFA,1221,100189,2.484,5.8,80.9,2.815,High
INC-01850,2022-03-07,Russia,Finance,Banking-Core,Malware,Nation-State,Unpatched Software,MFA,51447,24980,0.532,24.0,74.1,1.034,Medium
INC-01851,2022-03-07,Russia,Finance,Corporate-LAN,Ransomware,Cybercriminal,Weak Passwords,Antivirus,308,67446,1.97,5.4,53.4,3.076,High
INC-01852,2022-03-07,France,Education,University-Campus,Ransomware,Hacktivist,Weak Passwords,Firewall,10347,13093,0.334,11.0,39.1,0.833,Medium
INC-01853,2022-03-08,Australia,Finance,Cloud-DC,DDoS,Hacktivist,Misconfiguration,MFA,1102,347,0.01,0.9,3.9,0.326,Low
INC-01854,2022-03-09,Japan,Finance,Banking-Core,Ransomware,Cybercriminal,Weak Passwords,Firewall,3595,19286,0.571,1.1,195.3,4.148,High
INC-01855,2022-03-09,France,Finance,Banking-Core,SQL Injection,Cybercriminal,Misconfiguration,Antivirus,174,15042,0.212,80.6,64.3,0.79,Medium
INC-01856,2022-03-09,USA,Retail,Cloud-DC,Credential Stuffing,Cybercriminal,Weak Passwords,Antivirus,308,260377,4.329,7.8,25.9,1.008,Medium
INC-01857,2022-03-10,USA,Retail,Cloud-DC,Ransomware,Cybercriminal,Social Engineering,Encryption,104,13239,0.331,6.3,41.3,1.216,Medium
INC-01858,2022-03-10,Japan,Retail,Cloud-DC,SQL Injection,Unknown,Unpatched Software,Antivirus,249,154308,2.959,39.6,132.6,1.253,Medium
INC-01859,2022-03-11,Germany,Government,Corporate-LAN,Ransomware,Cybercriminal,Weak Passwords,Antivirus,7451,10263,0.211,5.5,85.4,2.265,High
INC-01860,2022-03-11,UK,Government,Cloud-DC,DDoS,Nation-State,Misconfiguration,Encryption,9535,231,0.003,0.8,6.3,0.25,Low
INC-01861,2022-03-11,India,Finance,Cloud-DC,Phishing,Cybercriminal,Social Engineering,MFA,767,102774,1.702,11.6,98.8,1.923,High
INC-01862,2022-03-12,Brazil,Healthcare,Cloud-DC,Ransomware,Cybercriminal,Social Engineering,AI-based IDS,385,9392,0.277,1.7,127.1,3.027,High
INC-01863,2022-03-12,Japan,Government,Cloud-DC,Man-in-the-Middle,Cybercriminal,Misconfiguration,MFA,751,12031,0.308,21.5,37.0,0.409,Low
INC-01864,2022-03-13,USA,Healthcare,Corporate-LAN,Malware,Cybercriminal,Social Engineering,Antivirus,1423,13463,0.343,13.8,30.0,0.4,Low
INC-01865,2022-03-13,China,Healthcare,Cloud-DC,Man-in-the-Middle,Cybercriminal,Misconfiguration,Antivirus,9402,44043,0.744,23.1,39.0,0.65,Medium
INC-01866,2022-03-14,USA,IT & Telecom,Cloud-DC,Malware,Hacktivist,Social Engineering,Antivirus,2092,12132,0.279,15.2,71.1,0.831,Medium
INC-01867,2022-03-14,USA,Retail,Corporate-LAN,Phishing,Cybercriminal,Social Engineering,VPN,10091,6301,0.071,8.3,13.8,0.269,Low
INC-01868,2022-03-14,India,Retail,Cloud-DC,Ransomware,Cybercriminal,Social Engineering,Encryption,5961,2765,0.07,3.2,41.4,1.337,Medium
INC-01869,2022-03-14,USA,Healthcare,Corporate-LAN,Ransomware,Nation-State,Social Engineering,MFA,9107,18017,0.344,9.3,33.1,2.051,High
INC-01870,2022-03-15,UK,Government,Corporate-LAN,Man-in-the-Middle,Cybercriminal,Misconfiguration,VPN,257,38272,0.436,13.8,25.6,0.432,Low
INC-01871,2022-03-15,USA,Government,Corporate-LAN,Malware,Cybercriminal,Unpatched Software,Antivirus,2117,48007,1.126,46.5,37.6,0.696,Medium
INC-01872,2022-03-15,USA,Education,Cloud-DC,Phishing,Cybercriminal,Social Engineering,VPN,79,9234,0.271,1.9,33.8,0.248,Low
INC-01873,2022-03-16,Russia,Retail,Corporate-LAN,DDoS,Nation-State,Unpatched Software,AI-based IDS,6218,10727,0.171,0.9,23.9,0.31,Low
INC-01874,2022-03-17,Australia,Finance,Banking-Core,SQL Injection,Cybercriminal,Unpatched Software,Firewall,5674,121914,3.557,4.5,16.1,1.148,Medium
INC-01875,2022-03-17,UK,Retail,Cloud-DC,Credential Stuffing,,Weak Passwords,Encryption,6160,50976,1.296,6.4,56.3,0.741,Medium
INC-01876,2022-03-17,Australia,Energy,IoT-Grid,Phishing,Cybercriminal,Social Engineering,Antivirus,3011,245215,5.422,44.1,75.3,2.047,High
INC-01877,2022-03-18,USA,Energy,Corporate-LAN,Phishing,Cybercriminal,Social Engineering,MFA,3595,125313,3.743,182.6,108.7,1.457,Medium
INC-01878,2022-03-19,Japan,Education,University-Campus,Phishing,Unknown,Social Engineering,MFA,75,2967,0.057,18.6,22.6,0.217,Low
INC-01879,2022-03-19,UK,Healthcare,Corporate-LAN,Ransomware,Cybercriminal,Unpatched Software,AI-based IDS,8971,343152,8.932,2.9,121.8,4.639,High
INC-01880,2022-03-20,China,Education,University-Campus,DDoS,Hacktivist,Unpatched Software,AI-based IDS,16376,508,0.006,0.1,4.5,0.094,Low
INC-01881,2022-03-21,USA,Finance,Banking-Core,Phishing,Nation-State,Social Engineering,Firewall,408,3247,0.042,30.9,24.7,0.296,Low
INC-01882,2022-03-22,USA,Government,Corporate-LAN,Phishing,Cybercriminal,Social Engineering,MFA,2721,13236,0.184,34.9,64.2,0.652,Medium
INC-01883,2022-03-22,USA,Retail,Cloud-DC,Credential Stuffing,Cybercriminal,Misconfiguration,VPN,198,45820,0.606,11.3,45.7,0.553,Medium
INC-01884,2022-03-22,India,IT & Telecom,Cloud-DC,SQL Injection,Cybercriminal,Misconfiguration,Firewall,3796,1014076,28.877,43.7,63.3,4.796,Critical
INC-01885,2022-03-22,Brazil,Finance,Banking-Core,Credential Stuffing,Nation-State,Weak Passwords,Encryption,501,11023,0.311,15.9,28.1,0.452,Low
INC-01886,2022-03-23,USA,Retail,Corporate-LAN,SQL Injection,Hacktivist,Unpatched Software,Firewall,12619,11590,0.179,,46.1,0.565,Medium
INC-01887,2022-03-24,USA,Energy,IoT-Grid,Ransomware,Nation-State,Unpatched Software,Firewall,1790,12083,0.201,1.5,40.2,2.353,High
INC-01888,2022-03-24,India,IT & Telecom,Corporate-LAN,Malware,Cybercriminal,Social Engineering,Firewall,5718,55617,0.722,70.1,44.2,0.964,Medium
INC-01889,2022-03-25,USA,Retail,Cloud-DC,Credential Stuffing,Cybercriminal,Weak Passwords,Firewall,6097,2631,0.042,41.8,58.0,0.449,Low
INC-01890,2022-03-26,Germany,Healthcare,IoT-Grid,Insider Threat,Insider,Excess Privileges,MFA,60,248073,6.264,190.5,116.6,2.201,High
INC-01891,2022-03-26,USA,Finance,Banking-Core,Insider Threat,Cybercriminal,Weak Passwords,Antivirus,303,116800,1.344,120.1,108.7,1.712,High
INC-01892,2022-03-26,Germany,IT & Telecom,Cloud-DC,Phishing,Unknown,Weak Passwords,AI-based IDS,9608,82394,1.917,0.8,26.7,0.769,Medium
INC-01893,2022-03-27,Japan,Healthcare,Corporate-LAN,Insider Threat,Insider,Misconfiguration,VPN,333,47827,0.67,181.1,184.2,1.572,High
INC-01894,2022-03-27,USA,Energy,IoT-Grid,Malware,Nation-State,Unpatched Software,Firewall,1307,12974,0.329,11.7,30.0,0.444,Low
INC-01895,2022-03-27,Brazil,Finance,Banking-Core,Credential Stuffing,Cybercriminal,Weak Passwords,Antivirus,3071,71816,1.512,21.9,36.0,0.894,Medium
INC-01896,2022-03-27,USA,Energy,Corporate-LAN,Insider Threat,Insider,Weak Passwords,AI-based IDS,40,16182,0.293,138.0,116.0,1.248,Medium
INC-01897,2022-03-27,France,Education,University-Campus,Insider Threat,Insider,Weak Passwords,Antivirus,493,22185,0.397,744.2,398.3,2.014,High
INC-01898,2022-03-27,USA,Energy,Corporate-LAN,Insider Threat,Insider,Misconfiguration,MFA,190,50224,1.485,51.8,60.3,0.712,Medium
INC-01899,2022-03-27,Japan,Government,Corporate-LAN,DDoS,Hacktivist,Misconfiguration,MFA,10787,217,0.006,1.1,8.9,0.304,Low
INC-01900,2022-03-28,China,Finance,Banking-Core,Malware,Cybercriminal,Unpatched Software,VPN,1636,124247,1.305,24.0,89.9,2.389,High
INC-01901,2022-03-28,Brazil,Government,Corporate-LAN,Phishing,Cybercriminal,Social Engineering,Antivirus,49,3185,0.075,28.2,42.7,0.23,Low
INC-01902,2022-03-28,Germany,Finance,Cloud-DC,Insider Threat,Insider,Misconfiguration,VPN,31,32781,0.977,13.9,49.9,1.271,Medium
INC-01903,2022-03-28,USA,Healthcare,IoT-Grid,Ransomware,Cybercriminal,Weak Passwords,Encryption,10569,19885,0.43,1.1,108.4,2.105,High
INC-01904,2022-04-01,USA,Finance,Cloud-DC,Insider Threat,Insider,Excess Privileges,Encryption,1057,24724,0.718,33.1,53.1,1.33,Medium
INC-01905,2022-04-01,China,Education,Cloud-DC,Ransomware,Unknown,Unpatched Software,Antivirus,7671,199184,5.005,7.1,64.1,3.409,High
INC-01906,2022-04-01,Brazil,Energy,IoT-Grid,Phishing,Cybercriminal,Weak Passwords,Antivirus,3619,24350,0.302,31.7,56.3,0.761,Medium
INC-01907,2022-04-03,France,Government,Corporate-LAN,SQL Injection,Unknown,Unpatched Software,Antivirus,2134,717091,17.485,4.8,11.2,5.104,Critical
INC-01908,2022-04-04,USA,Healthcare,Corporate-LAN,Credential Stuffing,Cybercriminal,Weak Passwords,AI-based IDS,257,885506,18.689,20.3,23.4,7.361,Critical
INC-01909,2022-04-05,Australia,IT & Telecom,Corporate-LAN,DDoS,Hacktivist,Misconfiguration,Firewall,2431,2462,0.057,0.2,21.1,0.323,Low
INC-01910,2022-04-05,UK,Retail,Cloud-DC,Ransomware,Cybercriminal,Social Engineering,Firewall,13071,203823,2.771,9.3,47.5,2.847,High
INC-01911,2022-04-05,Australia,Finance,Banking-Core,Man-in-the-Middle,Hacktivist,Unpatched Software,Antivirus,1840,11425,0.199,25.1,56.2,0.954,Medium
INC-01912,2022-04-05,UK,Energy,IoT-Grid,Zero-Day Exploit,Nation-State,Zero-Day,MFA,66162,8488,0.193,139.4,92.7,1.006,Medium
INC-01913,2022-04-05,Australia,Finance,Corporate-LAN,Phishing,Unknown,Social Engineering,Encryption,1865,114428,1.838,6.3,26.3,0.924,Medium
INC-01914,2022-04-06,Germany,Finance,Banking-Core,DDoS,Unknown,Unpatched Software,Firewall,143069,7140,0.085,0.5,9.3,0.527,Medium
INC-01915,2022-04-06,Japan,Finance,Banking-Core,SQL Injection,Hacktivist,Misconfiguration,AI-based IDS,3729,111071,3.269,4.4,30.3,1.793,High
INC-01916,2022-04-07,China,Government,Corporate-LAN,Insider Threat,Cybercriminal,Excess Privileges,Firewall,478,97557,1.053,15.1,37.3,0.795,Medium
INC-01917,2022-04-07,UK,Healthcare,Corporate-LAN,Ransomware,Cybercriminal,Unpatched Software,Encryption,432,106809,1.404,11.1,155.1,4.056,High
INC-01918,2022-04-08,India,Finance,Cloud-DC,Phishing,Cybercriminal,Social Engineering,Antivirus,301,2442,0.036,4.1,22.8,0.585,Medium
INC-01919,2022-04-09,USA,IT & Telecom,Corporate-LAN,Ransomware,Unknown,Weak Passwords,Encryption,747,1740,0.025,42.1,44.1,2.955,High
INC-01920,2022-04-10,India,IT & Telecom,Cloud-DC,Zero-Day Exploit,Unknown,Zero-Day,AI-based IDS,6985,15679,0.464,25.1,107.2,1.006,Medium
INC-01921,2022-04-10,Australia,Healthcare,Cloud-DC,Insider Threat,Insider,Misconfiguration,MFA,285,29656,0.752,203.6,128.4,1.302,Medium
INC-01922,2022-04-10,UK,Finance,Banking-Core,Phishing,Cybercriminal,Social Engineering,MFA,621,430485,7.115,14.1,57.8,3.0,High
INC-01923,2022-04-11,UK,Healthcare,Cloud-DC,Malware,Cybercriminal,Social Engineering,Firewall,1662,195610,3.902,16.3,39.4,1.779,High
INC-01924,2022-04-11,UK,Energy,IoT-Grid,Malware,Cybercriminal,Unpatched Software,Antivirus,325,128801,1.352,7.5,15.7,1.309,Medium
INC-01925,2022-04-11,Germany,Energy,IoT-Grid,Ransomware,Unknown,Weak Passwords,VPN,6177,1844,0.037,18.8,110.6,2.544,High
INC-01926,2022-04-11,China,IT & Telecom,Cloud-DC,Credential Stuffing,Cybercriminal,Weak Passwords,Firewall,2862,54989,0.832,17.6,78.4,1.318,Medium
INC-01927,2022-04-12,USA,Education,University-Campus,DDoS,Hacktivist,Unpatched Software,Firewall,2181,91,0.002,3.2,21.8,0.2,Low
INC-01928,2022-04-12,UK,Government,Corporate-LAN,Zero-Day Exploit,Nation-State,Zero-Day,Antivirus,21332,375116,5.697,29.4,51.9,2.386,High
INC-01929,2022-04-12,Australia,Retail,Cloud-DC,Phishing,Hacktivist,Social Engineering,Firewall,3135,5890,0.074,30.9,40.2,0.372,Low
INC-01930,2022-04-13,China,Energy,IoT-Grid,Malware,Nation-State,Weak Passwords,Antivirus,1549,9336,0.135,6.6,43.2,0.605,Medium
INC-01931,2022-04-13,India,Healthcare,Cloud-DC,Ransomware,Cybercriminal,Unpatched Software,VPN,4707,637697,7.095,1.2,207.9,5.496,Critical
INC-01932,2022-04-13,Brazil,IT & Telecom,Corporate-LAN,Phishing,Cybercriminal,Weak Passwords,Antivirus,187,88028,2.362,14.4,34.8,0.906,Medium
INC-01933,2022-04-14,Japan,Education,Cloud-DC,Ransomware,Cybercriminal,Social Engineering,VPN,2631,15285,0.308,10.8,58.7,1.868,High
INC-01934,2022-04-14,USA,IT & Telecom,Cloud-DC,SQL Injection,Hacktivist,Misconfiguration,Firewall,7534,36707,0.71,6.8,23.0,0.454,Low
INC-01935,2022-04-16,France,IT & Telecom,Cloud-DC,Malware,Unknown,Social Engineering,Encryption,10857,3184,0.076,23.8,19.6,0.212,Low
INC-01936,2022-04-16,USA,Energy,Corporate-LAN,Phishing,Cybercriminal,Social Engineering,AI-based IDS,1500,6029,0.064,9.1,28.6,0.432,Low
INC-01937,2022-04-17,USA,Healthcare,IoT-Grid,Phishing,Cybercriminal,Social Engineering,Firewall,14519,70008,2.076,36.9,36.5,0.856,Medium
INC-01938,2022-04-17,India,Education,University-Campus,DDoS,Hacktivist,Misconfiguration,AI-based IDS,13493,3379,0.037,0.8,7.6,0.171,Low
INC-01939,2022-04-18,Japan,Government,Cloud-DC,Zero-Day Exploit,Nation-State,Zero-Day,Encryption,1836,187213,5.426,117.7,81.1,1.109,Medium
INC-01940,2022-04-18,India,Government,Corporate-LAN,Insider Threat,Insider,Weak Passwords,MFA,190,10345,0.183,109.6,113.7,1.223,Medium
INC-01941,2022-04-18,Brazil,Government,Cloud-DC,Ransomware,Cybercriminal,Social Engineering,Firewall,5208,107857,2.988,10.3,171.2,3.287,High
INC-01942,2022-04-19,USA,IT & Telecom,Cloud-DC,Ransomware,Cybercriminal,Weak Passwords,AI-based IDS,2290,119637,1.226,2.9,39.5,2.406,High
INC-01943,2022-04-19,Germany,Finance,Banking-Core,Phishing,Cybercriminal,Social Engineering,Antivirus,8362,9726,0.111,14.9,51.6,0.524,Medium
INC-01944,2022-04-19,India,Government,Corporate-LAN,DDoS,Hacktivist,Misconfiguration,MFA,11773,1252,0.037,,8.8,0.306,Low
INC-01945,2022-04-19,USA,Healthcare,IoT-Grid,Ransomware,Cybercriminal,Unpatched Software,Firewall,6745,48713,0.744,9.1,61.5,3.574,High
INC-01946,2022-04-19,France,Healthcare,Corporate-LAN,Ransomware,Nation-State,Unpatched Software,MFA,4861,29805,0.602,20.5,50.8,1.684,High
INC-01947,2022-04-20,USA,Government,Cloud-DC,Zero-Day Exploit,Nation-State,Zero-Day,Firewall,6569,14830,0.407,17.6,268.2,2.134,High
INC-01948,2022-04-20,France,Finance,Banking-Core,Man-in-the-Middle,Cybercriminal,Unpatched Software,Encryption,7601,908,0.022,69.4,56.9,0.838,Medium
INC-01949,2022-04-21,USA,Finance,Cloud-DC,Insider Threat,Insider,Excess Privileges,Firewall,109,99634,1.578,407.0,222.7,3.455,High
INC-01950,2022-04-21,USA,Finance,Banking-Core,Insider Threat,Insider,Excess Privileges,MFA,425,4191,0.083,82.6,81.5,0.567,Medium
INC-01951,2022-04-21,USA,Education,University-Campus,Phishing,Nation-State,Weak Passwords,Antivirus,905,18832,0.213,5.9,35.9,0.328,Low
INC-01952,2022-04-21,USA,IT & Telecom,Cloud-DC,Phishing,Cybercriminal,Social Engineering,VPN,1744,5317,0.109,17.0,21.4,0.371,Low
INC-01953,2022-04-22,USA,Finance,Cloud-DC,SQL Injection,Cybercriminal,Misconfiguration,Firewall,4054,1369,0.035,6.9,52.6,0.658,Medium
INC-01954,2022-04-22,USA,Government,Cloud-DC,Ransomware,Nation-State,Weak Passwords,Antivirus,11482,2093,0.036,8.1,66.7,1.594,High
INC-01955,2022-04-22,USA,Retail,Corporate-LAN,Credential Stuffing,Hacktivist,Weak Passwords,Firewall,534,54590,1.139,7.0,36.9,0.631,Medium
INC-01956,2022-04-23,India,Healthcare,Corporate-LAN,Malware,Cybercriminal,Social Engineering,MFA,13994,37391,0.675,22.6,16.0,0.604,Medium
INC-01957,2022-04-23,Japan,Retail,Cloud-DC,Ransomware,Cybercriminal,Weak Passwords,Firewall,2430,1887,0.052,14.9,64.0,1.242,Medium
INC-01958,2022-04-23,Russia,Education,University-Campus,SQL Injection,Cybercriminal,Misconfiguration,Firewall,7627,716523,13.392,3.2,32.5,3.715,High
INC-01959,2022-04-23,USA,Education,Cloud-DC,DDoS,Hacktivist,Misconfiguration,MFA,4132,53,0.001,2.7,19.6,0.223,Low
INC-01960,2022-04-24,UK,Retail,Corporate-LAN,Credential Stuffing,Cybercriminal,Weak Passwords,Antivirus,3668,28108,0.353,89.8,64.1,0.464,Low
INC-01961,2022-04-25,India,IT & Telecom,Cloud-DC,Credential Stuffing,Cybercriminal,Weak Passwords,Antivirus,2124,24422,0.279,13.2,73.7,1.017,Medium
INC-01962,2022-04-25,USA,Energy,Corporate-LAN,Man-in-the-Middle,Cybercriminal,Unpatched Software,Firewall,6679,1034,0.012,43.6,40.7,0.713,Medium
INC-01963,2022-04-25,Russia,Government,Cloud-DC,Phishing,Cybercriminal,Social Engineering,AI-based IDS,1634,6668,0.127,9.2,30.0,0.342,Low
INC-01964,2022-04-26,USA,Government,Corporate-LAN,Ransomware,Unknown,Unpatched Software,Firewall,1638,10323,0.255,,28.6,1.89,High
INC-01965,2022-04-26,France,Healthcare,IoT-Grid,Phishing,Cybercriminal,Social Engineering,VPN,3238,1781,0.053,20.9,18.0,0.35,Low
INC-01966,2022-04-27,Germany,Education,University-Campus,Zero-Day Exploit,Cybercriminal,Zero-Day,VPN,182,64744,1.855,353.7,255.9,1.133,Medium
INC-01967,2022-04-28,Germany,Government,Corporate-LAN,Phishing,,Social Engineering,Antivirus,6999,4348,0.128,9.6,39.4,0.412,Low
INC-01968,2022-04-28,India,Healthcare,Corporate-LAN,Insider Threat,Insider,Misconfiguration,MFA,113,139968,2.725,55.9,35.6,1.104,Medium
INC-01969,2022-04-28,India,Finance,Banking-Core,Malware,Cybercriminal,Unpatched Software,Antivirus,2513,11580,0.252,22.6,81.9,1.196,Medium
INC-01970,2022-04-28,UK,Finance,Cloud-DC,Ransomware,Nation-State,Unpatched Software,Antivirus,10590,43642,0.446,14.3,53.4,1.599,High
INC-01971,2022-05-01,UK,Education,University-Campus,DDoS,Unknown,Misconfiguration,Antivirus,5467,1568,0.031,0.8,9.1,0.211,Low
INC-01972,2022-05-01,USA,Energy,IoT-Grid,Zero-Day Exploit,Unknown,Zero-Day,MFA,2243,37085,0.657,235.6,191.0,2.842,High
INC-01973,2022-05-01,Russia,Finance,Banking-Core,SQL Injection,Cybercriminal,Misconfiguration,MFA,556,385921,10.319,41.9,56.4,4.32,High
INC-01974,2022-05-01,India,Retail,Corporate-LAN,Credential Stuffing,Cybercriminal,Weak Passwords,Firewall,19920,11811,0.147,56.6,285.1,1.842,High
INC-01975,2022-05-02,India,IT & Telecom,Cloud-DC,Malware,Cybercriminal,Social Engineering,MFA,1015,20171,0.308,22.4,62.2,0.35,Low
INC-01976,2022-05-02,France,Healthcare,Cloud-DC,Ransomware,Unknown,Weak Passwords,MFA,587,35881,1.029,3.9,50.7,2.658,High
INC-01977,2022-05-04,UK,Finance,Banking-Core,Ransomware,Cybercriminal,Weak Passwords,Firewall,6704,2750,0.081,18.6,87.3,2.287,High
INC-01978,2022-05-04,UK,Energy,Corporate-LAN,Zero-Day Exploit,Unknown,Zero-Day,Firewall,2781,122231,2.025,487.7,392.3,6.68,Critical
INC-01979,2022-05-04,Germany,Retail,Corporate-LAN,SQL Injection,Nation-State,Misconfiguration,AI-based IDS,4985,67122,0.734,3.5,25.7,0.491,Low
INC-01980,2022-05-05,India,IT & Telecom,Cloud-DC,Malware,Cybercriminal,Unpatched Software,Encryption,24215,99204,1.102,21.3,23.5,0.59,Medium
INC-01981,2022-05-05,USA,Healthcare,IoT-Grid,Ransomware,Cybercriminal,Weak Passwords,AI-based IDS,3748,225665,2.503,11.3,109.0,3.258,High
INC-01982,2022-05-06,USA,Healthcare,Corporate-LAN,Ransomware,Cybercriminal,Weak Passwords,MFA,3616,64359,1.827,6.7,91.5,2.553,High
INC-01983,2022-05-06,Australia,Energy,IoT-Grid,Malware,Nation-State,Unpatched Software,AI-based IDS,285,8301,0.205,6.5,27.4,0.34,Low
INC-01984,2022-05-06,India,Education,University-Campus,Phishing,Cybercriminal,Social Engineering,VPN,150,79915,2.146,10.2,104.8,0.97,Medium
INC-01985,2022-05-07,Australia,Finance,Banking-Core,DDoS,Hacktivist,Misconfiguration,Encryption,4356,169,0.002,0.9,21.0,0.295,Low
INC-01986,2022-05-08,Brazil,Retail,Corporate-LAN,Credential Stuffing,Cybercriminal,Weak Passwords,Firewall,5997,125947,3.068,23.2,83.0,1.089,Medium
INC-01987,2022-05-08,Japan,Government,Corporate-LAN,Ransomware,Cybercriminal,Social Engineering,MFA,713,5163,0.116,3.2,201.0,4.021,High
INC-01988,2022-05-08,Brazil,IT & Telecom,Corporate-LAN,Phishing,Cybercriminal,Social Engineering,Firewall,30478,19199,0.502,64.1,60.9,0.596,Medium
INC-01989,2022-05-09,China,Education,University-Campus,Phishing,,Social Engineering,Encryption,6153,4277,0.056,20.4,41.3,0.391,Low
INC-01990,2022-05-09,France,Healthcare,Corporate-LAN,Man-in-the-Middle,Cybercriminal,Misconfiguration,MFA,1046,28241,0.351,22.5,86.3,1.064,Medium
INC-01991,2022-05-10,India,Retail,Cloud-DC,Phishing,Cybercriminal,Social Engineering,Encryption,4185,139942,4.059,259.6,145.7,2.71,High
INC-01992,2022-05-10,USA,Healthcare,Corporate-LAN,Insider Threat,Insider,Excess Privileges,Encryption,1197,19323,0.304,105.7,90.8,0.683,Medium
INC-01993,2022-05-10,USA,Education,University-Campus,Ransomware,Cybercriminal,Unpatched Software,Antivirus,17192,14263,0.231,5.4,56.7,1.325,Medium
INC-01994,2022-05-10,Brazil,IT & Telecom,Corporate-LAN,SQL Injection,Cybercriminal,Unpatched Software,AI-based IDS,5006,130552,2.691,8.7,50.9,1.137,Medium
INC-01995,2022-05-13,Australia,Government,Cloud-DC,DDoS,Cybercriminal,Unpatched Software,AI-based IDS,79193,49,0.001,0.3,6.6,0.382,Low
INC-01996,2022-05-13,China,Finance,Banking-Core,Ransomware,Cybercriminal,Unpatched Software,Antivirus,1873,72846,1.414,1.9,80.1,3.825,High
INC-01997,2022-05-14,UK,Finance,Corporate-LAN,Malware,Cybercriminal,Unpatched Software,Firewall,1063,4660,0.061,11.3,32.5,0.386,Low
INC-01998,2022-05-16,USA,Energy,IoT-Grid,Ransomware,Cybercriminal,Social Engineering,MFA,6761,3320,0.036,3.0,64.5,1.365,Medium
INC-01999,2022-05-16,USA,Government,Corporate-LAN,Malware,Cybercriminal,Weak Passwords,Antivirus,270,183444,4.36,16.7,45.2,1.268,Medium
INC-02000,2022-05-16,India,Finance,Banking-Core,Insider Threat,Insider,Excess Privileges,VPN,113,14940,0.333,228.8,150.9,1.658,High
INC-02001,2022-05-16,Australia,IT & Telecom,Corporate-LAN,Ransomware,Cybercriminal,Weak Passwords,AI-based IDS,4232,91804,1.288,20.7,235.8,5.059,Critical
INC-02002,2022-05-16,Japan,Education,University-Campus,Credential Stuffing,Hacktivist,Weak Passwords,Firewall,2148,231927,4.081,172.8,150.7,1.073,Medium
INC-02003,2022-05-17,USA,Finance,Banking-Core,Malware,Cybercriminal,Unpatched Software,MFA,9061,7709,0.082,14.7,32.8,0.465,Low
INC-02004,2022-05-17,UK,Education,University-Campus,Malware,Cybercriminal,Unpatched Software,AI-based IDS,5562,457782,5.83,23.1,26.9,1.088,Medium
INC-02005,2022-05-17,Germany,IT & Telecom,Cloud-DC,Insider Threat,Insider,Excess Privileges,AI-based IDS,13,134375,2.932,44.3,73.3,1.05,Medium
INC-02006,2022-05-18,Japan,Government,Cloud-DC,DDoS,Hacktivist,Unpatched Software,Encryption,407,98,0.001,0.6,7.6,0.254,Low
INC-02007,2022-05-18,India,Government,Cloud-DC,Credential Stuffing,Cybercriminal,Misconfiguration,Firewall,489,35820,0.958,13.0,73.7,1.245,Medium
INC-02008,2022-05-18,Brazil,Energy,IoT-Grid,DDoS,Cybercriminal,Unpatched Software,Firewall,182242,1209,0.027,0.3,10.6,0.557,Medium
INC-02009,2022-05-18,USA,Government,Corporate-LAN,DDoS,Hacktivist,Unpatched Software,VPN,8888,3427,0.06,0.3,5.0,0.205,Low
INC-02010,2022-05-18,India,Healthcare,Cloud-DC,Malware,Cybercriminal,Social Engineering,MFA,2697,71436,1.81,20.7,58.2,0.626,Medium
INC-02011,2022-05-19,India,Finance,Banking-Core,DDoS,Hacktivist,Misconfiguration,AI-based IDS,22647,34,0.001,0.2,4.3,0.254,Low
INC-02012,2022-05-20,USA,Finance,Cloud-DC,DDoS,Cybercriminal,Unpatched Software,Encryption,43921,1477,0.039,0.2,57.7,0.649,Medium
INC-02013,2022-05-20,India,Education,University-Campus,DDoS,Nation-State,Unpatched Software,Firewall,194068,208,0.003,0.6,9.3,0.215,Low
INC-02014,2022-05-21,Germany,IT & Telecom,Cloud-DC,Phishing,Cybercriminal,Social Engineering,Antivirus,3333,12711,0.265,72.7,60.6,0.342,Low
INC-02015,2022-05-21,Japan,Finance,Banking-Core,SQL Injection,Hacktivist,Unpatched Software,Encryption,544,22534,0.332,69.6,58.5,0.815,Medium
INC-02016,2022-05-21,UK,IT & Telecom,Cloud-DC,Ransomware,Nation-State,Social Engineering,MFA,245,330,0.004,8.9,70.9,1.569,High
INC-02017,2022-05-21,Russia,Education,University-Campus,Phishing,Cybercriminal,Social Engineering,Firewall,440,12608,0.284,32.4,29.0,0.32,Low
INC-02018,2022-05-22,Australia,Government,Corporate-LAN,DDoS,Hacktivist,Misconfiguration,MFA,22353,6,0.0,0.6,8.2,0.179,Low
INC-02019,2022-05-22,USA,Energy,IoT-Grid,Zero-Day Exploit,Cybercriminal,Zero-Day,Antivirus,2804,28922,0.353,70.6,88.4,1.36,Medium
INC-02020,2022-05-25,Japan,IT & Telecom,Cloud-DC,DDoS,Cybercriminal,Misconfiguration,Firewall,5494,1315,0.031,0.6,4.3,0.156,Low
INC-02021,2022-05-26,India,Energy,IoT-Grid,Malware,Cybercriminal,Unpatched Software,VPN,9510,7956,0.102,10.2,61.4,0.782,Medium
INC-02022,2022-05-27,Japan,Healthcare,Corporate-LAN,SQL Injection,Cybercriminal,Misconfiguration,AI-based IDS,102435,5809,0.114,3.1,18.4,0.444,Low
INC-02023,2022-05-27,China,Healthcare,Corporate-LAN,Insider Threat,Insider,Excess Privileges,Firewall,144,13470,0.262,179.1,111.6,1.434,Medium
INC-02024,2022-05-27,USA,Retail,Corporate-LAN,Ransomware,Cybercriminal,Social Engineering,AI-based IDS,1496,20169,0.433,2.3,24.7,2.07,High
INC-02025,2022-05-28,UK,Education,University-Campus,Credential Stuffing,Cybercriminal,Weak Passwords,Antivirus,11793,26148,0.314,12.8,61.6,0.4,Low
INC-02026,2022-05-28,Germany,Government,Cloud-DC,Ransomware,Cybercriminal,Social Engineering,Firewall,42970,119478,1.341,2.9,206.5,3.539,High
INC-02027,2022-05-28,Russia,Healthcare,IoT-Grid,Ransomware,Cybercriminal,Unpatched Software,AI-based IDS,2811,323494,3.634,5.8,177.0,7.431,Critical
INC-02028,2022-05-28,Germany,Government,Corporate-LAN,Zero-Day Exploit,Cybercriminal,Zero-Day,Firewall,15483,315,0.005,255.8,186.2,1.093,Medium
INC-02029,2022-05-28,France,Finance,Banking-Core,DDoS,Unknown,Misconfiguration,Antivirus,4136,497,0.007,2.0,6.2,0.209,Low
INC-02030,2022-06-01,Russia,Retail,Corporate-LAN,Phishing,Cybercriminal,Social Engineering,Firewall,6219,58196,0.822,15.5,23.8,0.715,Medium
INC-02031,2022-06-01,France,Government,Corporate-LAN,Ransomware,Cybercriminal,Unpatched Software,VPN,10814,234651,5.617,11.0,153.9,4.763,High
INC-02032,2022-06-02,USA,Finance,Banking-Core,Ransomware,Unknown,Unpatched Software,Firewall,4297,35128,0.482,19.0,182.3,3.854,High
INC-02033,2022-06-02,Russia,Education,University-Campus,Credential Stuffing,,Weak Passwords,Antivirus,420,803,0.008,24.5,83.8,0.569,Medium
INC-02034,2022-06-03,India,Finance,Banking-Core,Zero-Day Exploit,Cybercriminal,Zero-Day,MFA,726,39769,0.996,259.6,149.2,1.83,High
INC-02035,2022-06-03,Russia,Healthcare,Cloud-DC,Ransomware,Unknown,Weak Passwords,Antivirus,2388,42507,0.541,6.4,258.4,3.775,High
INC-02036,2022-06-03,USA,Retail,Cloud-DC,DDoS,Hacktivist,Misconfiguration,Firewall,21926,589,0.017,3.3,23.3,0.352,Low
INC-02037,2022-06-04,India,Finance,Corporate-LAN,Credential Stuffing,Unknown,Weak Passwords,Firewall,310,27279,0.473,17.7,42.0,0.725,Medium
INC-02038,2022-06-04,USA,Government,Cloud-DC,Malware,Unknown,Social Engineering,MFA,12226,4664,0.097,31.7,55.9,0.36,Low
INC-02039,2022-06-05,Australia,Finance,Banking-Core,Phishing,Cybercriminal,Social Engineering,Firewall,526,151068,4.423,4.3,10.4,1.033,Medium
INC-02040,2022-06-05,UK,IT & Telecom,Cloud-DC,SQL Injection,Cybercriminal,Misconfiguration,VPN,2370,198993,5.003,12.0,100.2,2.202,High
INC-02041,2022-06-05,India,Retail,Corporate-LAN,SQL Injection,Unknown,Misconfiguration,Encryption,4650,506503,14.819,34.6,106.2,2.69,High
INC-02042,2022-06-06,Japan,Government,Corporate-LAN,Malware,Nation-State,Unpatched Software,Antivirus,17458,7574,0.082,10.9,42.7,0.361,Low
INC-02043,2022-06-06,Russia,Finance,Cloud-DC,SQL Injection,Cybercriminal,Unpatched Software,Firewall,1370,2364,0.064,16.7,55.2,0.672,Medium
INC-02044,2022-06-06,France,IT & Telecom,Cloud-DC,Phishing,Cybercriminal,Social Engineering,Firewall,704,2911,0.041,5.2,26.6,0.249,Low
INC-02045,2022-06-07,USA,Retail,Corporate-LAN,SQL Injection,Cybercriminal,Misconfiguration,AI-based IDS,457,125737,3.389,2.4,28.8,0.853,Medium
INC-02046,2022-06-07,Russia,IT & Telecom,Cloud-DC,DDoS,Nation-State,Misconfiguration,Firewall,7903,2695,0.035,0.4,3.9,0.191,Low
INC-02047,2022-06-07,USA,Healthcare,Corporate-LAN,Ransomware,Cybercriminal,Weak Passwords,Encryption,1467,5817,0.163,1.9,28.2,1.602,High
INC-02048,2022-06-07,UK,Healthcare,Cloud-DC,Ransomware,Cybercriminal,Weak Passwords,AI-based IDS,3312,19525,0.509,7.6,198.0,3.955,High
INC-02049,2022-06-07,Brazil,Finance,Banking-Core,DDoS,Cybercriminal,Misconfiguration,VPN,1941,62,0.002,1.1,22.2,0.673,Medium
INC-02050,2022-06-08,UK,Education,University-Campus,Phishing,Cybercriminal,Social Engineering,Firewall,333,743,0.013,10.5,26.6,0.17,Low
INC-02051,2022-06-10,USA,Finance,Cloud-DC,SQL Injection,Hacktivist,Unpatched Software,Firewall,989,44367,0.985,168.2,107.2,1.49,Medium
INC-02052,2022-06-10,Russia,Education,University-Campus,Phishing,Unknown,Social Engineering,Firewall,5877,92501,2.22,14.3,46.7,0.509,Medium
INC-02053,2022-06-10,USA,Healthcare,Corporate-LAN,Phishing,Cybercriminal,Social Engineering,AI-based IDS,3164,22102,0.429,8.3,43.8,0.745,Medium
INC-02054,2022-06-10,Russia,IT & Telecom,Cloud-DC,DDoS,Unknown,Unpatched Software,Firewall,11834,200,0.003,1.4,11.6,0.209,Low
INC-02055,2022-06-11,Germany,Government,Corporate-LAN,Phishing,Cybercriminal,Social Engineering,Encryption,5545,27521,0.53,14.8,29.1,0.516,Medium
INC-02056,2022-06-11,UK,Energy,IoT-Grid,Zero-Day Exploit,Nation-State,Zero-Day,MFA,1603,26816,0.652,187.2,184.0,1.485,Medium
INC-02057,2022-06-11,USA,IT & Telecom,Corporate-LAN,SQL Injection,Cybercriminal,Misconfiguration,Antivirus,108,152336,1.847,43.7,67.5,0.908,Medium
INC-02058,2022-06-12,USA,IT & Telecom,Cloud-DC,Insider Threat,Insider,Excess Privileges,Firewall,170,1733063,32.856,268.5,167.4,8.925,Critical
INC-02059,2022-06-12,USA,Retail,Cloud-DC,DDoS,Hacktivist,Misconfiguration,AI-based IDS,35019,2968,0.069,0.6,11.0,0.168,Low
INC-02060,2022-06-13,USA,Finance,Banking-Core,SQL Injection,Unknown,Unpatched Software,VPN,62103,102441,1.781,50.6,34.8,1.236,Medium
INC-02061,2022-06-13,China,Government,Cloud-DC,Man-in-the-Middle,Cybercriminal,Social Engineering,MFA,13738,16590,0.32,29.5,100.5,0.772,Medium
INC-02062,2022-06-13,Japan,IT & Telecom,Cloud-DC,Phishing,Cybercriminal,Social Engineering,VPN,9597,71270,1.435,4.4,52.9,0.725,Medium
INC-02063,2022-06-13,India,Education,Cloud-DC,Ransomware,Cybercriminal,Unpatched Software,Firewall,1362,184331,4.763,4.5,273.0,2.169,High
INC-02064,2022-06-13,Germany,IT & Telecom,Cloud-DC,Ransomware,Cybercriminal,Social Engineering,VPN,1004,4005,0.07,5.8,68.6,1.966,High
INC-02065,2022-06-14,USA,IT & Telecom,Cloud-DC,Zero-Day Exploit,Nation-State,Zero-Day,Encryption,1457,3189992,67.101,64.2,56.1,14.212,Critical
INC-02066,2022-06-15,Japan,Finance,Banking-Core,Phishing,Nation-State,Social Engineering,Firewall,1012,102259,2.381,16.0,24.2,0.751,Medium
INC-02067,2022-06-15,USA,Education,University-Campus,Phishing,Cybercriminal,Social Engineering,Firewall,3510,6411,0.119,16.7,37.2,0.227,Low
INC-02068,2022-06-15,UK,Government,Corporate-LAN,Phishing,Cybercriminal,Social Engineering,Encryption,1424,26793,0.68,47.6,35.6,0.801,Medium
INC-02069,2022-06-15,Australia,Healthcare,IoT-Grid,Malware,Cybercriminal,Social Engineering,AI-based IDS,1959,12310,0.23,1.5,20.6,0.369,Low
INC-02070,2022-06-17,China,Retail,Cloud-DC,SQL Injection,Cybercriminal,Misconfiguration,Firewall,436,36929,0.899,108.1,67.8,0.808,Medium
INC-02071,2022-06-17,Japan,IT & Telecom,Corporate-LAN,SQL Injection,Cybercriminal,Misconfiguration,AI-based IDS,5643,38712,0.518,6.8,15.8,0.37,Low
INC-02072,2022-06-17,Japan,Finance,Banking-Core,Phishing,Unknown,Unpatched Software,AI-based IDS,7504,15685,0.319,4.9,118.0,0.934,Medium
INC-02073,2022-06-18,Brazil,Education,University-Campus,Phishing,Cybercriminal,Social Engineering,MFA,446,69646,1.824,11.6,26.3,0.515,Medium
INC-02074,2022-06-19,USA,IT & Telecom,Cloud-DC,Ransomware,Unknown,Unpatched Software,MFA,6947,6321,0.134,11.4,229.3,3.837,High
INC-02075,2022-06-19,USA,Education,Cloud-DC,Ransomware,Cybercriminal,Unpatched Software,Encryption,88362,6482,0.181,15.5,76.4,0.841,Medium
INC-02076,2022-06-19,France,Energy,Corporate-LAN,Ransomware,Cybercriminal,Weak Passwords,Firewall,207,50393,1.295,3.0,73.1,3.414,High
INC-02077,2022-06-21,Australia,IT & Telecom,Cloud-DC,SQL Injection,Cybercriminal,Unpatched Software,Firewall,254,47864,0.681,7.5,23.3,0.671,Medium
INC-02078,2022-06-21,India,Finance,Cloud-DC,Credential Stuffing,Cybercriminal,Weak Passwords,Antivirus,4301,23334,0.368,9.0,100.0,1.251,Medium
INC-02079,2022-06-22,USA,Education,University-Campus,Phishing,Cybercriminal,Social Engineering,VPN,2489,5452,0.064,33.0,24.7,0.223,Low
INC-02080,2022-06-23,USA,Education,Cloud-DC,DDoS,Cybercriminal,Unpatched Software,Firewall,15052,146,0.003,0.1,27.0,0.357,Low
INC-02081,2022-06-23,USA,Retail,Cloud-DC,DDoS,Hacktivist,Misconfiguration,MFA,3359,843,0.009,1.1,8.0,0.218,Low
INC-02082,2022-06-24,Japan,Retail,Corporate-LAN,Ransomware,Cybercriminal,Unpatched Software,AI-based IDS,383,3761,0.041,4.1,102.0,1.885,High
INC-02083,2022-06-24,Japan,Healthcare,Cloud-DC,Malware,Unknown,Unpatched Software,AI-based IDS,1852,216425,6.265,12.0,21.0,1.368,Medium
INC-02084,2022-06-25,Brazil,Energy,IoT-Grid,Malware,Nation-State,Unpatched Software,MFA,1009,34397,0.836,171.3,102.0,0.833,Medium
INC-02085,2022-06-25,France,Finance,Banking-Core,Ransomware,Cybercriminal,Social Engineering,MFA,930,424,0.008,6.7,14.1,1.382,Medium
INC-02086,2022-06-26,Japan,Government,Cloud-DC,Insider Threat,Insider,Excess Privileges,Firewall,294,64479,0.658,86.7,83.5,0.937,Medium
INC-02087,2022-06-26,USA,Healthcare,Corporate-LAN,Ransomware,Unknown,Weak Passwords,MFA,2014,46577,0.986,10.4,60.4,2.358,High
INC-02088,2022-06-26,Germany,Education,University-Campus,Phishing,Cybercriminal,Social Engineering,AI-based IDS,1437,777,0.008,36.4,69.5,0.624,Medium
INC-02089,2022-06-27,USA,Retail,Cloud-DC,SQL Injection,Cybercriminal,Unpatched Software,VPN,6369,86970,1.202,7.1,21.7,0.533,Medium
INC-02090,2022-06-28,Japan,Retail,Cloud-DC,Phishing,Cybercriminal,Social Engineering,Firewall,60,60363,0.925,25.3,25.6,0.492,Low
INC-02091,2022-07-01,Russia,Healthcare,IoT-Grid,Man-in-the-Middle,Hacktivist,Unpatched Software,Firewall,14543,18674,0.465,,79.5,0.785,Medium
INC-02092,2022-07-01,France,Finance,Cloud-DC,Credential Stuffing,Hacktivist,Weak Passwords,Encryption,2371,3336,0.045,62.5,138.2,1.415,Medium
INC-02093,2022-07-01,USA,Retail,Corporate-LAN,Phishing,Cybercriminal,Social Engineering,AI-based IDS,22290,12951,0.252,4.6,15.3,0.321,Low
INC-02094,2022-07-03,Russia,Healthcare,Corporate-LAN,Malware,Cybercriminal,Social Engineering,Antivirus,10050,752,0.011,47.7,51.6,0.776,Medium
INC-02095,2022-07-03,Australia,Finance,Corporate-LAN,Phishing,Nation-State,Social Engineering,MFA,2032,4807,0.095,29.8,29.1,0.608,Medium
INC-02096,2022-07-04,India,IT & Telecom,Cloud-DC,Malware,Cybercriminal,Unpatched Software,MFA,2703,131547,1.9,19.7,94.7,1.991,High
INC-02097,2022-07-04,Japan,Energy,IoT-Grid,SQL Injection,Cybercriminal,Misconfiguration,Encryption,3442,65022,1.272,27.7,95.0,1.179,Medium
INC-02098,2022-07-05,USA,Education,Cloud-DC,Credential Stuffing,Cybercriminal,Weak Passwords,Antivirus,922,55695,1.441,39.0,37.0,0.359,Low
INC-02099,2022-07-05,India,Education,University-Campus,Phishing,Cybercriminal,Weak Passwords,AI-based IDS,4664,63094,0.804,28.0,21.8,0.371,Low
INC-02100,2022-07-05,China,Retail,Corporate-LAN,Ransomware,Cybercriminal,Unpatched Software,Firewall,20184,229496,3.286,,75.8,2.582,High
INC-02101,2022-07-07,Japan,Energy,IoT-Grid,Malware,Cybercriminal,Unpatched Software,Firewall,10380,196,0.003,25.8,32.2,0.467,Low
INC-02102,2022-07-07,Brazil,Government,Cloud-DC,SQL Injection,Hacktivist,Unpatched Software,MFA,1751,61146,1.661,61.1,38.5,0.739,Medium
INC-02103,2022-07-07,USA,Energy,IoT-Grid,Phishing,Nation-State,Unpatched Software,Firewall,1340,15855,0.222,35.1,82.5,0.935,Medium
INC-02104,2022-07-08,USA,IT & Telecom,Cloud-DC,Malware,Nation-State,Social Engineering,AI-based IDS,13906,11648,0.303,6.0,36.2,0.657,Medium
INC-02105,2022-07-09,Brazil,Retail,Corporate-LAN,SQL Injection,Cybercriminal,Misconfiguration,Antivirus,29552,38802,0.45,44.0,77.1,0.884,Medium
INC-02106,2022-07-09,USA,Finance,Banking-Core,Malware,Cybercriminal,Social Engineering,Firewall,3554,147846,2.987,3.1,23.1,1.264,Medium
INC-02107,2022-07-10,India,Finance,Banking-Core,Zero-Day Exploit,Nation-State,Zero-Day,MFA,8305,42811,0.633,28.2,77.8,0.961,Medium
INC-02108,2022-07-11,India,Finance,Banking-Core,SQL Injection,Cybercriminal,Misconfiguration,Firewall,8282,60229,1.536,,32.1,0.754,Medium
INC-02109,2022-07-11,China,Finance,Banking-Core,Phishing,Cybercriminal,Social Engineering,Encryption,259,60685,0.627,32.2,40.0,0.596,Medium
INC-02110,2022-07-11,USA,Retail,Cloud-DC,Man-in-the-Middle,Cybercriminal,Weak Passwords,Firewall,57681,5729,0.158,12.6,23.0,0.279,Low
INC-02111,2022-07-12,Australia,Retail,Cloud-DC,SQL Injection,Cybercriminal,Unpatched Software,MFA,7507,1581,0.018,22.3,22.4,0.253,Low
INC-02112,2022-07-12,USA,Education,University-Campus,Phishing,Nation-State,Social Engineering,Firewall,371,27678,0.369,17.1,20.3,0.223,Low
INC-02113,2022-07-12,China,Retail,Corporate-LAN,Phishing,Cybercriminal,Social Engineering,MFA,248,9167,0.235,5.5,37.8,0.333,Low
INC-02114,2022-07-14,Russia,IT & Telecom,Corporate-LAN,Zero-Day Exploit,Nation-State,Zero-Day,AI-based IDS,37134,62593,0.876,13.4,130.5,1.698,High
INC-02115,2022-07-16,India,Energy,IoT-Grid,Malware,Unknown,Unpatched Software,AI-based IDS,3898,13780,0.378,2.1,70.0,0.849,Medium
INC-02116,2022-07-16,Russia,Government,Corporate-LAN,Phishing,Cybercriminal,Social Engineering,MFA,812,715470,20.03,6.1,30.3,3.531,High
INC-02117,2022-07-17,Japan,Government,Corporate-LAN,DDoS,Cybercriminal,Unpatched Software,Firewall,3118,1774,0.034,2.8,7.6,0.144,Low
INC-02118,2022-07-17,Japan,IT & Telecom,Cloud-DC,DDoS,Hacktivist,Unpatched Software,AI-based IDS,5811,57,0.001,0.9,12.8,0.468,Low
INC-02119,2022-07-18,USA,Finance,Banking-Core,Malware,Cybercriminal,Social Engineering,Antivirus,12266,110484,1.591,45.0,58.0,1.425,Medium
INC-02120,2022-07-18,France,Retail,Cloud-DC,SQL Injection,Cybercriminal,Misconfiguration,Encryption,9876,22958,0.641,30.1,40.7,0.385,Low
INC-02121,2022-07-18,UK,IT & Telecom,Cloud-DC,DDoS,Hacktivist,Misconfiguration,Antivirus,6001,4065,0.092,1.1,25.4,0.249,Low
INC-02122,2022-07-19,Brazil,Finance,Cloud-DC,Malware,Cybercriminal,Unpatched Software,VPN,423,9779,0.138,33.7,140.2,1.829,High
INC-02123,2022-07-19,Japan,Healthcare,Cloud-DC,Phishing,Cybercriminal,Social Engineering,Firewall,302,64169,0.741,15.8,15.6,0.559,Medium
INC-02124,2022-07-20,Japan,Finance,Banking-Core,Phishing,Cybercriminal,Social Engineering,Antivirus,9746,2877,0.077,29.7,23.9,0.427,Low
INC-02125,2022-07-21,Russia,Healthcare,Cloud-DC,Malware,Unknown,Unpatched Software,Firewall,68,42997,0.926,43.5,44.7,0.927,Medium
INC-02126,2022-07-21,France,Retail,Cloud-DC,Phishing,Cybercriminal,Social Engineering,Antivirus,7119,9355,0.143,105.6,63.3,0.791,Medium
INC-02127,2022-07-21,UK,Finance,Banking-Core,Phishing,Cybercriminal,Unpatched Software,Firewall,4583,8312,0.244,19.7,46.7,0.588,Medium
INC-02128,2022-07-21,India,Retail,Corporate-LAN,DDoS,Hacktivist,Misconfiguration,Firewall,8205,433,0.006,2.6,12.6,0.19,Low
INC-02129,2022-07-22,Brazil,Government,Corporate-LAN,Zero-Day Exploit,Unknown,Zero-Day,Firewall,5558,1566,0.03,73.3,94.2,0.745,Medium
INC-02130,2022-07-22,Japan,Energy,IoT-Grid,Zero-Day Exploit,Nation-State,Zero-Day,Firewall,10271,11666,0.253,109.3,191.4,1.731,High
INC-02131,2022-07-23,UK,Finance,Cloud-DC,Credential Stuffing,Cybercriminal,Weak Passwords,Antivirus,5013,1235522,34.078,41.2,46.2,9.725,Critical
INC-02132,2022-07-23,Russia,Government,Cloud-DC,Insider Threat,Insider,Excess Privileges,VPN,247,63587,1.084,61.4,54.1,1.002,Medium
INC-02133,2022-07-25,Russia,Healthcare,Corporate-LAN,Malware,,Social Engineering,Firewall,2549,84437,1.228,8.7,20.3,0.574,Medium
INC-02134,2022-07-25,France,Energy,Corporate-LAN,Phishing,Cybercriminal,Social Engineering,Firewall,2709,275368,5.423,63.8,64.3,1.931,High
INC-02135,2022-07-26,Australia,Retail,Corporate-LAN,Phishing,Unknown,Social Engineering,Encryption,366,11365,0.278,39.5,116.5,1.177,Medium
INC-02136,2022-07-26,UK,Government,Corporate-LAN,Insider Threat,Insider,Excess Privileges,Antivirus,328,446271,9.355,75.8,121.8,3.086,High
INC-02137,2022-07-26,China,Retail,Cloud-DC,DDoS,Cybercriminal,Unpatched Software,Firewall,8254,65,0.002,1.7,8.8,0.333,Low
INC-02138,2022-07-27,Brazil,Retail,Cloud-DC,Ransomware,Unknown,Unpatched Software,MFA,4529,10503,0.256,22.5,89.4,1.809,High
INC-02139,2022-07-27,UK,Healthcare,Cloud-DC,SQL Injection,Unknown,Unpatched Software,MFA,420,25961,0.639,30.4,32.4,0.951,Medium
INC-02140,2022-07-27,Brazil,Retail,Cloud-DC,SQL Injection,Cybercriminal,Misconfiguration,Firewall,1756,214549,2.461,5.8,179.5,1.762,High
INC-02141,2022-07-28,Brazil,Retail,Corporate-LAN,Zero-Day Exploit,Nation-State,Zero-Day,Firewall,35845,322035,5.923,97.2,94.7,1.806,High
INC-02142,2022-07-28,France,Finance,Cloud-DC,DDoS,Cybercriminal,Misconfiguration,Firewall,41390,2378,0.07,7.8,16.5,0.404,Low
INC-02143,2022-07-28,USA,Retail,Cloud-DC,DDoS,Hacktivist,Misconfiguration,Antivirus,1239,370,0.009,0.7,6.0,0.232,Low
INC-02144,2022-07-28,UK,Government,Corporate-LAN,Insider Threat,Insider,Misconfiguration,Encryption,84,7387,0.114,96.5,70.0,1.018,Medium
INC-02145,2022-08-01,USA,Education,University-Campus,Phishing,Unknown,Social Engineering,Antivirus,9925,77982,1.931,10.7,31.9,0.387,Low
INC-02146,2022-08-01,Japan,Government,Corporate-LAN,Ransomware,Cybercriminal,Unpatched Software,MFA,27106,17682,0.39,9.3,79.0,1.591,High
INC-02147,2022-08-01,Australia,Finance,Banking-Core,Ransomware,Cybercriminal,Unpatched Software,Firewall,2498,64522,1.676,32.5,242.3,4.505,High
INC-02148,2022-08-01,Russia,Healthcare,Corporate-LAN,Malware,Cybercriminal,Social Engineering,MFA,52042,233295,5.016,40.7,58.7,2.002,High
INC-02149,2022-08-01,Japan,Government,Corporate-LAN,Credential Stuffing,Cybercriminal,Weak Passwords,Antivirus,11452,14676,0.335,55.1,56.8,0.547,Medium
INC-02150,2022-08-01,China,Government,Cloud-DC,Insider Threat,Insider,Weak Passwords,Encryption,99,5200,0.115,179.4,137.6,0.751,Medium
INC-02151,2022-08-02,USA,Finance,Banking-Core,SQL Injection,Hacktivist,Unpatched Software,AI-based IDS,1214,8906,0.259,,52.9,0.707,Medium
INC-02152,2022-08-02,USA,IT & Telecom,Cloud-DC,DDoS,Hacktivist,Misconfiguration,Antivirus,426,42,0.001,0.7,13.4,0.323,Low
INC-02153,2022-08-03,Japan,Government,Corporate-LAN,Ransomware,Cybercriminal,Weak Passwords,MFA,17260,66679,1.286,46.5,210.5,4.125,High
INC-02154,2022-08-03,USA,Education,University-Campus,SQL Injection,Hacktivist,Misconfiguration,Firewall,1166,172382,2.527,42.1,41.8,0.793,Medium
INC-02155,2022-08-03,India,IT & Telecom,Cloud-DC,DDoS,Cybercriminal,Misconfiguration,Antivirus,466,583,0.017,0.7,11.0,0.258,Low
INC-02156,2022-08-03,USA,Healthcare,Corporate-LAN,Malware,Cybercriminal,Social Engineering,Antivirus,4181,15454,0.413,19.6,45.4,0.452,Low
INC-02157,2022-08-04,India,Education,University-Campus,SQL Injection,Cybercriminal,Misconfiguration,VPN,1256,266836,5.203,8.1,30.9,0.582,Medium
INC-02158,2022-08-05,USA,Education,University-Campus,Ransomware,Cybercriminal,Social Engineering,Antivirus,2049,5762,0.142,26.0,30.7,0.755,Medium
INC-02159,2022-08-05,Germany,Education,University-Campus,DDoS,Hacktivist,Unpatched Software,Antivirus,23164,3411,0.068,1.6,25.2,0.178,Low
INC-02160,2022-08-05,USA,IT & Telecom,Cloud-DC,SQL Injection,Cybercriminal,Unpatched Software,VPN,10363,5773,0.092,15.0,15.7,0.381,Low
INC-02161,2022-08-07,Germany,IT & Telecom,Corporate-LAN,Credential Stuffing,Cybercriminal,Weak Passwords,Firewall,1994,19918,0.244,5.8,133.5,1.077,Medium
INC-02162,2022-08-07,Brazil,Finance,Corporate-LAN,Credential Stuffing,Cybercriminal,Weak Passwords,AI-based IDS,3174,470629,13.714,34.7,38.7,2.601,High
INC-02163,2022-08-08,USA,Government,Cloud-DC,Ransomware,Cybercriminal,Unpatched Software,Antivirus,3398,37554,0.588,24.6,158.2,2.175,High
INC-02164,2022-08-08,Brazil,Energy,Corporate-LAN,Zero-Day Exploit,Nation-State,Zero-Day,Firewall,3708,4864,0.069,65.1,117.6,0.958,Medium
INC-02165,2022-08-10,USA,Energy,IoT-Grid,Credential Stuffing,Cybercriminal,Weak Passwords,VPN,5658,84820,1.439,36.3,28.1,1.172,Medium
INC-02166,2022-08-10,Brazil,Retail,Cloud-DC,Malware,Nation-State,Unpatched Software,MFA,1090,25575,0.537,42.2,67.0,0.538,Medium
INC-02167,2022-08-11,China,Retail,Cloud-DC,SQL Injection,Cybercriminal,Misconfiguration,MFA,1892,4743,0.058,22.5,59.1,0.648,Medium
INC-02168,2022-08-11,Australia,Healthcare,Cloud-DC,Ransomware,Cybercriminal,Unpatched Software,Firewall,2646,159047,2.879,31.1,43.5,4.325,High
INC-02169,2022-08-12,UK,IT & Telecom,Corporate-LAN,Ransomware,Cybercriminal,Unpatched Software,MFA,5636,17923,0.188,13.3,163.2,3.128,High
INC-02170,2022-08-12,Japan,Energy,IoT-Grid,Ransomware,Cybercriminal,Unpatched Software,Antivirus,3359,12599,0.357,6.3,97.6,2.426,High
INC-02171,2022-08-13,USA,Finance,Banking-Core,Credential Stuffing,Cybercriminal,Weak Passwords,Encryption,272,5785,0.157,31.8,30.2,0.422,Low
INC-02172,2022-08-13,China,Energy,IoT-Grid,Ransomware,Cybercriminal,Social Engineering,AI-based IDS,6274,258328,3.559,,94.8,2.819,High
INC-02173,2022-08-13,India,Government,Corporate-LAN,DDoS,Nation-State,Misconfiguration,AI-based IDS,1855,399,0.007,0.1,6.5,0.143,Low
INC-02174,2022-08-14,Brazil,Retail,Cloud-DC,Ransomware,Cybercriminal,Unpatched Software,Firewall,47009,11311,0.178,11.0,115.5,1.824,High
INC-02175,2022-08-14,UK,Finance,Banking-Core,Phishing,Cybercriminal,Weak Passwords,AI-based IDS,1809,3200,0.052,6.7,37.0,0.603,Medium
INC-02176,2022-08-15,Australia,Education,Cloud-DC,Phishing,Cybercriminal,Social Engineering,Antivirus,663,101333,2.765,50.3,64.1,0.854,Medium
INC-02177,2022-08-15,China,Retail,Corporate-LAN,Credential Stuffing,Cybercriminal,Weak Passwords,Encryption,1113,13141,0.147,19.2,39.9,0.347,Low
INC-02178,2022-08-15,India,IT & Telecom,Corporate-LAN,SQL Injection,Cybercriminal,Misconfiguration,Antivirus,3955,43368,0.602,17.1,30.2,0.639,Medium
INC-02179,2022-08-16,USA,IT & Telecom,Cloud-DC,SQL Injection,Cybercriminal,Unpatched Software,Firewall,1340,37249,0.441,51.2,41.3,0.639,Medium
INC-02180,2022-08-18,Australia,Government,Cloud-DC,Malware,Nation-State,Social Engineering,VPN,19152,8877,0.115,35.1,109.1,0.735,Medium
INC-02181,2022-08-18,India,Retail,Corporate-LAN,SQL Injection,Hacktivist,Misconfiguration,AI-based IDS,1821,1709,0.035,7.9,39.9,0.453,Low
INC-02182,2022-08-18,UK,IT & Telecom,Corporate-LAN,Zero-Day Exploit,Nation-State,Zero-Day,Firewall,1243,141332,1.604,20.5,41.7,0.744,Medium
INC-02183,2022-08-19,Russia,Energy,IoT-Grid,Ransomware,Cybercriminal,Unpatched Software,MFA,888,97120,2.272,6.8,59.3,1.717,High
INC-02184,2022-08-20,India,Retail,Corporate-LAN,Phishing,Unknown,Social Engineering,AI-based IDS,20043,25992,0.424,3.1,12.6,0.392,Low
INC-02185,2022-08-20,USA,Education,University-Campus,Phishing,Cybercriminal,Social Engineering,AI-based IDS,2397,161333,2.579,4.5,30.7,0.745,Medium
INC-02186,2022-08-21,Germany,Energy,IoT-Grid,Zero-Day Exploit,Nation-State,Zero-Day,Antivirus,6908,55888,0.866,55.9,118.5,1.468,Medium
INC-02187,2022-08-22,Germany,Retail,Cloud-DC,DDoS,Hacktivist,Misconfiguration,AI-based IDS,11109,10756,0.313,0.7,6.3,0.298,Low
INC-02188,2022-08-22,Australia,IT & Telecom,Cloud-DC,SQL Injection,Cybercriminal,Misconfiguration,Firewall,2565,149127,2.177,8.5,66.4,0.974,Medium
INC-02189,2022-08-22,France,IT & Telecom,Corporate-LAN,Phishing,Unknown,Social Engineering,Encryption,118,74494,1.741,29.0,25.8,0.713,Medium
INC-02190,2022-08-23,Brazil,IT & Telecom,Cloud-DC,SQL Injection,Unknown,Unpatched Software,VPN,3334,362020,5.43,57.5,43.6,1.891,High
INC-02191,2022-08-24,Brazil,Energy,Corporate-LAN,Malware,Unknown,Unpatched Software,Antivirus,3667,10556,0.143,23.1,19.6,0.376,Low
INC-02192,2022-08-26,Russia,Government,Corporate-LAN,DDoS,Nation-State,Misconfiguration,Firewall,16313,2790,0.062,1.5,19.8,0.525,Medium
INC-02193,2022-08-27,India,Healthcare,Corporate-LAN,Man-in-the-Middle,Nation-State,Misconfiguration,Firewall,291,34435,0.563,28.9,76.6,1.303,Medium
INC-02194,2022-08-27,Australia,Healthcare,Corporate-LAN,Credential Stuffing,Cybercriminal,Weak Passwords,Antivirus,8257,33874,0.387,72.0,60.4,0.847,Medium
INC-02195,2022-08-27,Germany,Healthcare,Corporate-LAN,Ransomware,Cybercriminal,Social Engineering,Firewall,19685,5955,0.112,5.6,46.6,1.561,High
INC-02196,2022-08-28,France,Education,University-Campus,Credential Stuffing,Cybercriminal,Weak Passwords,Firewall,431,20330,0.261,48.4,33.3,0.199,Low
INC-02197,2022-08-28,USA,Government,Cloud-DC,Zero-Day Exploit,Nation-State,Zero-Day,MFA,115595,8862,0.225,75.4,86.6,0.744,Medium
INC-02198,2022-08-28,USA,Education,Cloud-DC,Credential Stuffing,Cybercriminal,Weak Passwords,VPN,24629,6144,0.091,8.3,42.7,0.284,Low
INC-02199,2022-09-01,USA,Energy,IoT-Grid,Zero-Day Exploit,Hacktivist,Zero-Day,Encryption,4781,1634,0.016,86.8,137.4,1.436,Medium
INC-02200,2022-09-01,USA,Government,Cloud-DC,Credential Stuffing,Cybercriminal,Weak Passwords,Firewall,2467,13953,0.197,35.2,54.9,0.775,Medium
INC-02201,2022-09-01,USA,Energy,Corporate-LAN,Ransomware,Cybercriminal,Social Engineering,Firewall,9916,10536,0.181,4.9,69.7,1.572,High
INC-02202,2022-09-02,Russia,Finance,Banking-Core,Malware,Nation-State,Unpatched Software,AI-based IDS,2706,19529,0.312,13.9,26.1,0.27,Low
INC-02203,2022-09-02,France,Finance,Banking-Core,Credential Stuffing,Cybercriminal,Weak Passwords,Firewall,13466,14692,0.374,14.8,53.2,0.536,Medium
INC-02204,2022-09-03,Germany,Finance,Banking-Core,DDoS,Hacktivist,Misconfiguration,Firewall,6545,705,0.018,1.1,16.8,0.369,Low
INC-02205,2022-09-03,Japan,Retail,Corporate-LAN,DDoS,Hacktivist,Unpatched Software,MFA,16517,411,0.005,0.4,5.1,0.13,Low
INC-02206,2022-09-03,India,Retail,Cloud-DC,Phishing,Cybercriminal,Social Engineering,Firewall,11673,3306,0.085,283.3,237.4,1.258,Medium
INC-02207,2022-09-04,Russia,Retail,Corporate-LAN,Credential Stuffing,Cybercriminal,Weak Passwords,Encryption,6452,124110,1.887,12.4,75.3,1.348,Medium
INC-02208,2022-09-04,Australia,Healthcare,Corporate-LAN,Phishing,Cybercriminal,Weak Passwords,AI-based IDS,15252,6707,0.107,3.5,90.0,1.428,Medium
INC-02209,2022-09-04,Russia,Energy,IoT-Grid,Zero-Day Exploit,Unknown,Zero-Day,Encryption,13679,24001,0.613,125.5,148.3,1.074,Medium
INC-02210,2022-09-04,USA,Energy,IoT-Grid,Man-in-the-Middle,Cybercriminal,Misconfiguration,VPN,818,11354,0.327,11.0,19.4,0.402,Low
INC-02211,2022-09-04,Brazil,Finance,Banking-Core,Ransomware,Cybercriminal,Unpatched Software,Firewall,177,74626,0.769,13.6,17.2,2.502,High
INC-02212,2022-09-04,Russia,Education,University-Campus,Man-in-the-Middle,Cybercriminal,Misconfiguration,VPN,347,37614,0.688,31.7,24.2,0.338,Low
INC-02213,2022-09-04,Germany,IT & Telecom,Cloud-DC,Ransomware,Unknown,Unpatched Software,Encryption,1094,113666,1.482,20.9,151.4,3.067,High
INC-02214,2022-09-07,Japan,Government,Cloud-DC,Insider Threat,Insider,Excess Privileges,Antivirus,2082,32866,0.814,67.9,112.4,0.992,Medium
INC-02215,2022-09-07,India,Energy,Corporate-LAN,Phishing,Nation-State,Social Engineering,AI-based IDS,788,411,0.004,9.0,42.3,0.496,Low
INC-02216,2022-09-07,UK,Healthcare,Corporate-LAN,DDoS,Hacktivist,Unpatched Software,Antivirus,16522,407,0.007,,12.9,0.299,Low
INC-02217,2022-09-07,USA,IT & Telecom,Corporate-LAN,Zero-Day Exploit,Nation-State,Zero-Day,Encryption,431,22662,0.625,620.2,361.9,2.39,High
INC-02218,2022-09-08,Germany,Education,University-Campus,DDoS,Hacktivist,Unpatched Software,Firewall,58389,75,0.002,1.5,9.9,0.131,Low
INC-02219,2022-09-08,USA,Healthcare,Cloud-DC,Ransomware,Cybercriminal,Social Engineering,AI-based IDS,302,33063,0.397,5.8,39.0,2.236,High
INC-02220,2022-09-09,France,Government,Corporate-LAN,Zero-Day Exploit,Hacktivist,Zero-Day,Encryption,5803,57210,0.948,311.3,271.3,2.764,High
INC-02221,2022-09-09,India,Healthcare,IoT-Grid,Phishing,Cybercriminal,Weak Passwords,Firewall,1606,10378,0.263,22.8,18.1,0.356,Low
INC-02222,2022-09-09,China,Retail,Cloud-DC,Credential Stuffing,Cybercriminal,Weak Passwords,AI-based IDS,5662,23133,0.576,1.7,9.4,0.325,Low
INC-02223,2022-09-10,Brazil,Retail,Cloud-DC,Phishing,Cybercriminal,Social Engineering,VPN,3846,9985,0.173,21.3,54.1,0.364,Low
INC-02224,2022-09-11,Japan,Healthcare,IoT-Grid,Insider Threat,Insider,Excess Privileges,Firewall,7570,350,0.007,,36.2,0.533,Medium
INC-02225,2022-09-11,Brazil,Government,Corporate-LAN,Zero-Day Exploit,Nation-State,Zero-Day,Firewall,552,13608,0.345,97.4,137.9,1.196,Medium
INC-02226,2022-09-12,Germany,Healthcare,Corporate-LAN,Malware,Nation-State,Social Engineering,Firewall,1744,6201,0.102,25.4,175.6,2.186,High
INC-02227,2022-09-12,France,Finance,Cloud-DC,SQL Injection,Unknown,Unpatched Software,Firewall,604,341511,8.678,2.4,46.3,2.104,High
INC-02228,2022-09-12,Brazil,Government,Corporate-LAN,Ransomware,Cybercriminal,Unpatched Software,AI-based IDS,12141,22658,0.552,1.4,33.8,2.279,High
INC-02229,2022-09-13,China,Finance,Cloud-DC,Insider Threat,Insider,Excess Privileges,Firewall,133,2625,0.051,311.4,271.8,2.496,High
INC-02230,2022-09-13,USA,Finance,Banking-Core,Credential Stuffing,Cybercriminal,Weak Passwords,Antivirus,4923,477969,7.792,35.6,47.9,3.687,High
INC-02231,2022-09-15,Brazil,Energy,IoT-Grid,Zero-Day Exploit,Nation-State,Zero-Day,Firewall,8935,15195,0.2,202.1,305.7,2.578,High
INC-02232,2022-09-15,Germany,IT & Telecom,Corporate-LAN,SQL Injection,Cybercriminal,Misconfiguration,Firewall,1440,110543,2.89,4.0,15.8,0.636,Medium
INC-02233,2022-09-15,Brazil,IT & Telecom,Cloud-DC,Insider Threat,Insider,Misconfiguration,Antivirus,495,162376,1.83,178.9,109.7,2.194,High
INC-02234,2022-09-16,India,Government,Corporate-LAN,Phishing,Unknown,Social Engineering,MFA,383,478176,5.901,71.7,47.6,2.865,High
INC-02235,2022-09-16,USA,Healthcare,IoT-Grid,Malware,Unknown,Unpatched Software,AI-based IDS,13442,7656,0.17,16.5,18.8,0.402,Low
INC-02236,2022-09-17,India,Education,University-Campus,DDoS,Hacktivist,Misconfiguration,Antivirus,72885,2485,0.061,1.4,16.3,0.245,Low
INC-02237,2022-09-18,France,IT & Telecom,Corporate-LAN,DDoS,Hacktivist,Unpatched Software,Firewall,29842,88,0.001,0.5,9.2,0.228,Low
INC-02238,2022-09-18,Japan,Education,University-Campus,Phishing,Cybercriminal,Social Engineering,Antivirus,1274,444597,11.582,9.1,36.4,1.131,Medium
INC-02239,2022-09-18,USA,Government,Cloud-DC,DDoS,Nation-State,Unpatched Software,Firewall,4486,1011,0.011,1.0,10.8,0.254,Low
INC-02240,2022-09-19,Brazil,IT & Telecom,Cloud-DC,Ransomware,Cybercriminal,Social Engineering,VPN,2671,32684,0.703,29.1,155.3,3.132,High
INC-02241,2022-09-20,India,Healthcare,IoT-Grid,Ransomware,Cybercriminal,Unpatched Software,Antivirus,16024,4029,0.098,19.4,69.9,3.904,High
INC-02242,2022-09-21,Japan,Healthcare,IoT-Grid,Phishing,Cybercriminal,Social Engineering,MFA,1861,6550,0.161,36.6,45.7,0.451,Low
INC-02243,2022-09-22,India,Education,University-Campus,SQL Injection,Unknown,Misconfiguration,Encryption,23083,264688,2.732,9.5,31.7,0.65,Medium
INC-02244,2022-09-22,Australia,Finance,Banking-Core,Malware,Nation-State,Unpatched Software,Firewall,22203,1263,0.034,9.8,63.7,1.105,Medium
INC-02245,2022-09-22,UK,Government,Corporate-LAN,Malware,Cybercriminal,Social Engineering,Encryption,381,9997,0.265,32.1,53.4,0.643,Medium
INC-02246,2022-09-23,USA,Healthcare,Corporate-LAN,Ransomware,Cybercriminal,Social Engineering,Firewall,3531,99195,2.902,,41.9,3.269,High
INC-02247,2022-09-23,China,Education,University-Campus,Phishing,Cybercriminal,Social Engineering,AI-based IDS,811,95759,1.103,6.6,8.3,0.442,Low
INC-02248,2022-09-23,UK,Healthcare,Cloud-DC,Ransomware,Cybercriminal,Unpatched Software,MFA,2154,233824,5.907,5.3,26.9,3.469,High
INC-02249,2022-09-24,India,Healthcare,Cloud-DC,Malware,Nation-State,Unpatched Software,Antivirus,341,41521,0.548,5.8,29.1,0.821,Medium
INC-02250,2022-09-24,Australia,Retail,Cloud-DC,Ransomware,Cybercriminal,Weak Passwords,AI-based IDS,1116,8474,0.155,4.8,69.7,1.323,Medium
INC-02251,2022-09-25,Germany,Healthcare,IoT-Grid,Man-in-the-Middle,Nation-State,Weak Passwords,Antivirus,2971,91553,0.975,51.4,58.4,1.022,Medium
INC-02252,2022-09-26,USA,Government,Corporate-LAN,Phishing,Unknown,Social Engineering,AI-based IDS,10193,10430,0.29,5.1,32.2,0.485,Low
INC-02253,2022-09-26,USA,Healthcare,Corporate-LAN,Ransomware,Cybercriminal,Unpatched Software,Firewall,2594,22459,0.589,3.4,59.9,3.557,High
INC-02254,2022-09-26,France,IT & Telecom,Cloud-DC,Zero-Day Exploit,Nation-State,Zero-Day,Antivirus,1557,14866,0.278,35.2,287.4,2.015,High
INC-02255,2022-09-26,Japan,Energy,IoT-Grid,Man-in-the-Middle,Cybercriminal,Unpatched Software,Firewall,7747,342132,9.339,85.5,77.4,3.281,High
INC-02256,2022-09-27,China,Finance,Cloud-DC,Man-in-the-Middle,Cybercriminal,Misconfiguration,VPN,4436,145085,4.238,20.6,111.4,1.355,Medium
INC-02257,2022-09-27,Australia,Government,Corporate-LAN,Insider Threat,Insider,Misconfiguration,Antivirus,43,96631,1.778,130.4,93.0,1.178,Medium
INC-02258,2022-09-28,Germany,Government,Corporate-LAN,SQL Injection,Unknown,Unpatched Software,MFA,4697,335136,4.55,41.1,51.9,1.397,Medium
INC-02259,2022-09-28,India,Healthcare,Corporate-LAN,Phishing,Hacktivist,Social Engineering,Firewall,2036,225566,2.44,99.9,77.4,3.145,High
INC-02260,2022-10-02,India,IT & Telecom,Cloud-DC,Zero-Day Exploit,Unknown,Zero-Day,Firewall,21508,76713,1.13,11.2,61.6,0.592,Medium
INC-02261,2022-10-02,Germany,Government,Corporate-LAN,SQL Injection,Cybercriminal,Misconfiguration,Encryption,1634,7038,0.195,11.8,70.9,0.72,Medium
INC-02262,2022-10-02,Brazil,Government,Cloud-DC,Phishing,Cybercriminal,Social Engineering,VPN,4405,62164,0.925,7.3,16.8,0.426,Low
INC-02263,2022-10-04,France,Finance,Banking-Core,Credential Stuffing,Cybercriminal,Weak Passwords,Antivirus,10053,21008,0.302,29.9,120.0,0.674,Medium
INC-02264,2022-10-04,India,Education,University-Campus,DDoS,Hacktivist,Unpatched Software,Encryption,6750,184,0.004,6.4,11.8,0.144,Low
INC-02265,2022-10-05,Australia,Energy,IoT-Grid,Malware,Unknown,Unpatched Software,AI-based IDS,34329,50165,1.217,21.0,55.0,0.895,Medium
INC-02266,2022-10-05,Russia,Government,Cloud-DC,Phishing,Cybercriminal,Social Engineering,MFA,581,36630,0.873,20.2,28.3,0.721,Medium
INC-02267,2022-10-06,China,Education,Cloud-DC,SQL Injection,Cybercriminal,Unpatched Software,Encryption,2715,8839,0.238,47.4,78.1,0.378,Low
INC-02268,2022-10-06,UK,Energy,IoT-Grid,DDoS,Cybercriminal,Misconfiguration,Firewall,25775,72,0.001,1.1,14.2,0.447,Low
INC-02269,2022-10-06,USA,Finance,Cloud-DC,SQL Injection,Cybercriminal,Unpatched Software,Antivirus,16007,55079,1.224,9.7,113.1,1.156,Medium
INC-02270,2022-10-07,Australia,Finance,Banking-Core,Phishing,Cybercriminal,Social Engineering,Antivirus,1593,61444,0.701,17.0,37.5,1.008,Medium
INC-02271,2022-10-07,Australia,Education,Cloud-DC,SQL Injection,Cybercriminal,Unpatched Software,AI-based IDS,891,2377742,60.639,14.7,18.1,5.242,Critical
INC-02272,2022-10-07,USA,IT & Telecom,Cloud-DC,Zero-Day Exploit,Unknown,Zero-Day,Antivirus,2071,6908,0.183,48.3,183.6,1.554,High
INC-02273,2022-10-08,India,Retail,Corporate-LAN,Zero-Day Exploit,Nation-State,Zero-Day,Antivirus,1721,8221,0.188,137.6,180.8,0.934,Medium
INC-02274,2022-10-09,France,Retail,Cloud-DC,Malware,Cybercriminal,Unpatched Software,Antivirus,412,9557,0.111,7.0,46.4,0.373,Low
INC-02275,2022-10-09,Germany,Education,Cloud-DC,Malware,Unknown,Social Engineering,Firewall,1956,54042,0.815,11.3,25.1,0.364,Low
INC-02276,2022-10-10,Germany,Retail,Cloud-DC,DDoS,Hacktivist,Misconfiguration,Encryption,4744,1933,0.058,1.1,5.2,0.227,Low
INC-02277,2022-10-10,USA,Education,Cloud-DC,DDoS,Cybercriminal,Misconfiguration,AI-based IDS,821,829,0.013,0.4,8.6,0.133,Low
INC-02278,2022-10-10,Japan,Finance,Cloud-DC,Zero-Day Exploit,Cybercriminal,Zero-Day,Firewall,11445,12675,0.15,166.4,322.4,2.353,High
INC-02279,2022-10-11,USA,Healthcare,Cloud-DC,SQL Injection,Unknown,Unpatched Software,Antivirus,503,5988,0.093,41.2,56.2,0.648,Medium
INC-02280,2022-10-12,India,Finance,Banking-Core,DDoS,Cybercriminal,Unpatched Software,MFA,5676,4547,0.09,2.9,17.4,0.502,Medium
INC-02281,2022-10-12,Japan,Education,University-Campus,DDoS,Hacktivist,Unpatched Software,Antivirus,5356,1005,0.013,0.5,5.1,0.159,Low
INC-02282,2022-10-12,Australia,Finance,Banking-Core,DDoS,Cybercriminal,Misconfiguration,Antivirus,7381,365,0.007,1.2,12.5,0.279,Low
INC-02283,2022-10-12,Australia,Education,University-Campus,Phishing,Cybercriminal,Social Engineering,MFA,40479,1208,0.018,13.0,16.6,0.2,Low
INC-02284,2022-10-13,USA,Retail,Cloud-DC,Malware,Cybercriminal,Unpatched Software,MFA,5672,559,0.006,25.9,51.0,0.451,Low
INC-02285,2022-10-13,Germany,Retail,Corporate-LAN,Credential Stuffing,Cybercriminal,Weak Passwords,Firewall,17089,55797,0.892,18.5,38.4,0.659,Medium
INC-02286,2022-10-14,USA,Government,Corporate-LAN,Phishing,Cybercriminal,Social Engineering,MFA,5498,24399,0.577,40.8,36.2,0.48,Low
INC-02287,2022-10-15,USA,Energy,IoT-Grid,Ransomware,Cybercriminal,Unpatched Software,Firewall,15897,5549,0.135,14.6,149.6,3.257,High
INC-02288,2022-10-15,China,Energy,IoT-Grid,Phishing,Cybercriminal,Social Engineering,Antivirus,750,2612,0.032,61.9,57.0,0.402,Low
INC-02289,2022-10-16,UK,Energy,Corporate-LAN,Zero-Day Exploit,Nation-State,Zero-Day,AI-based IDS,5925,60289,1.741,128.3,321.6,4.793,High
INC-02290,2022-10-16,India,Healthcare,Corporate-LAN,Ransomware,Cybercriminal,Social Engineering,Antivirus,838,29918,0.357,2.9,127.7,3.418,High
INC-02291,2022-10-17,France,Government,Corporate-LAN,Malware,Cybercriminal,Unpatched Software,AI-based IDS,2871,4358,0.095,,54.1,0.432,Low
INC-02292,2022-10-17,France,Retail,Cloud-DC,SQL Injection,Cybercriminal,Misconfiguration,Antivirus,4488,67827,1.11,19.9,87.4,1.023,Medium
INC-02293,2022-10-18,Brazil,Retail,Corporate-LAN,Zero-Day Exploit,,Zero-Day,AI-based IDS,6734,7365,0.168,10.7,55.8,0.45,Low
INC-02294,2022-10-18,France,Retail,Corporate-LAN,DDoS,Nation-State,Misconfiguration,AI-based IDS,4533,515,0.008,0.4,9.0,0.346,Low
INC-02295,2022-10-18,India,Retail,Cloud-DC,Credential Stuffing,Cybercriminal,Weak Passwords,Firewall,2952,23672,0.48,22.9,35.6,0.479,Low
INC-02296,2022-10-18,Australia,IT & Telecom,Corporate-LAN,Phishing,Cybercriminal,Social Engineering,VPN,3341,617663,17.228,38.5,75.5,4.008,High
INC-02297,2022-10-19,Brazil,IT & Telecom,Cloud-DC,Ransomware,Cybercriminal,Weak Passwords,VPN,22786,2392,0.026,3.6,164.6,3.158,High
INC-02298,2022-10-19,India,Government,Corporate-LAN,Zero-Day Exploit,Unknown,Zero-Day,Firewall,3092,28434,0.633,131.2,501.7,3.492,High
INC-02299,2022-10-20,India,Healthcare,Corporate-LAN,Ransomware,Cybercriminal,Unpatched Software,MFA,13691,514076,5.476,16.4,223.1,11.159,Critical
INC-02300,2022-10-21,USA,IT & Telecom,Corporate-LAN,DDoS,Hacktivist,Misconfiguration,MFA,1719,354,0.006,2.1,18.6,0.467,Low
INC-02301,2022-10-22,USA,Finance,Banking-Core,Insider Threat,Insider,Weak Passwords,MFA,235,24621,0.33,100.6,81.6,0.981,Medium
INC-02302,2022-10-22,Japan,Government,Cloud-DC,Zero-Day Exploit,Unknown,Zero-Day,AI-based IDS,7310,2100,0.035,136.2,160.9,0.717,Medium
INC-02303,2022-10-23,UK,Healthcare,Cloud-DC,Credential Stuffing,Cybercriminal,Weak Passwords,AI-based IDS,192,15928,0.471,8.1,41.7,0.672,Medium
INC-02304,2022-10-23,France,Healthcare,IoT-Grid,Malware,Nation-State,Unpatched Software,AI-based IDS,4330,29756,0.399,5.2,25.6,0.364,Low
INC-02305,2022-10-25,USA,Healthcare,Corporate-LAN,Phishing,Unknown,Social Engineering,VPN,532,15533,0.231,23.7,61.9,0.588,Medium
INC-02306,2022-10-25,USA,Government,Corporate-LAN,Phishing,Cybercriminal,Social Engineering,VPN,2871,107070,1.447,147.3,81.5,1.665,High
INC-02307,2022-10-25,India,Government,Cloud-DC,Phishing,Cybercriminal,Social Engineering,VPN,1051,92460,1.37,8.5,66.7,1.058,Medium
INC-02308,2022-10-26,India,Retail,Corporate-LAN,SQL Injection,Cybercriminal,Misconfiguration,Firewall,6175,9195,0.225,19.2,52.3,0.404,Low
INC-02309,2022-10-26,Australia,Healthcare,IoT-Grid,Malware,Cybercriminal,Social Engineering,VPN,3479,61370,1.561,22.7,162.3,1.37,Medium
INC-02310,2022-10-26,UK,Education,University-Campus,Malware,Cybercriminal,Unpatched Software,AI-based IDS,1219,6586,0.136,14.1,18.4,0.39,Low
INC-02311,2022-10-27,India,IT & Telecom,Cloud-DC,Credential Stuffing,Cybercriminal,Weak Passwords,Antivirus,2004,54963,0.702,29.4,57.8,0.993,Medium
INC-02312,2022-10-27,Brazil,Healthcare,Cloud-DC,Ransomware,Cybercriminal,Social Engineering,Antivirus,281,284143,6.177,3.6,108.5,4.816,High
INC-02313,2022-10-28,Germany,IT & Telecom,Cloud-DC,Credential Stuffing,Cybercriminal,Weak Passwords,VPN,5278,29175,0.813,4.7,53.7,0.578,Medium
INC-02314,2022-10-28,UK,Retail,Cloud-DC,Credential Stuffing,Cybercriminal,Weak Passwords,AI-based IDS,737,21216,0.595,41.4,57.4,0.581,Medium
INC-02315,2022-11-01,China,Healthcare,Cloud-DC,Phishing,Cybercriminal,Social Engineering,Firewall,1174,47654,1.011,52.5,33.6,0.925,Medium
INC-02316,2022-11-01,Russia,Retail,Cloud-DC,Phishing,Cybercriminal,Social Engineering,AI-based IDS,1205,882,0.009,11.2,27.3,0.309,Low
INC-02317,2022-11-02,India,Education,University-Campus,Phishing,Nation-State,Social Engineering,Encryption,394,6050,0.125,11.4,14.0,0.113,Low
INC-02318,2022-11-02,USA,Government,Cloud-DC,Malware,Nation-State,Social Engineering,Antivirus,9315,221532,3.596,19.0,199.4,2.239,High
INC-02319,2022-11-02,USA,IT & Telecom,Cloud-DC,SQL Injection,Cybercriminal,Misconfiguration,MFA,3723,4899,0.089,13.1,13.1,0.312,Low
INC-02320,2022-11-03,India,Retail,Corporate-LAN,SQL Injection,Cybercriminal,Unpatched Software,Firewall,6731,81890,2.44,36.9,78.1,1.422,Medium
INC-02321,2022-11-03,Japan,Healthcare,Corporate-LAN,Phishing,Nation-State,Social Engineering,AI-based IDS,1586,23422,0.608,15.8,46.7,0.667,Medium
INC-02322,2022-11-03,Japan,Retail,Cloud-DC,Phishing,Cybercriminal,Social Engineering,Antivirus,9483,11101,0.315,18.2,58.1,0.507,Medium
INC-02323,2022-11-04,India,Government,Cloud-DC,DDoS,Hacktivist,Unpatched Software,VPN,1649,81,0.001,0.4,2.2,0.092,Low
INC-02324,2022-11-04,Australia,Retail,Cloud-DC,Insider Threat,Insider,Excess Privileges,Antivirus,156,190351,4.564,185.6,110.6,1.054,Medium
INC-02325,2022-11-04,USA,Government,Corporate-LAN,Insider Threat,Insider,Misconfiguration,Antivirus,875,32509,0.45,66.1,82.0,1.11,Medium
INC-02326,2022-11-05,Brazil,Healthcare,IoT-Grid,Ransomware,Cybercriminal,Social Engineering,Firewall,3007,14640,0.355,1.4,43.6,2.006,High
INC-02327,2022-11-05,France,Education,University-Campus,Ransomware,Cybercriminal,Unpatched Software,Encryption,2184,4031,0.092,7.6,61.5,0.992,Medium
INC-02328,2022-11-05,China,Healthcare,Corporate-LAN,Malware,Cybercriminal,Weak Passwords,AI-based IDS,3571,99693,1.42,19.8,30.0,1.13,Medium
INC-02329,2022-11-05,France,Finance,Banking-Core,Credential Stuffing,Cybercriminal,Weak Passwords,VPN,1922,44960,0.658,22.4,55.4,0.722,Medium
INC-02330,2022-11-05,Germany,Finance,Banking-Core,Credential Stuffing,Cybercriminal,Weak Passwords,AI-based IDS,927,21174,0.587,8.1,46.5,0.765,Medium
INC-02331,2022-11-07,USA,IT & Telecom,Cloud-DC,Malware,Cybercriminal,Unpatched Software,AI-based IDS,1610,24707,0.605,9.8,30.2,1.133,Medium
INC-02332,2022-11-07,UK,Education,University-Campus,DDoS,Hacktivist,Misconfiguration,MFA,21317,628,0.014,2.7,11.0,0.084,Low
INC-02333,2022-11-07,USA,Government,Cloud-DC,Phishing,Unknown,Weak Passwords,MFA,8752,15835,0.419,8.3,45.9,0.624,Medium
INC-02334,2022-11-07,UK,Finance,Corporate-LAN,Phishing,Unknown,Social Engineering,AI-based IDS,1577,336247,8.134,27.2,35.6,2.656,High
INC-02335,2022-11-08,UK,Education,University-Campus,Malware,Unknown,Social Engineering,AI-based IDS,351,11322,0.287,7.9,36.2,0.228,Low
INC-02336,2022-11-08,UK,IT & Telecom,Corporate-LAN,Zero-Day Exploit,Nation-State,Zero-Day,Firewall,31829,2456,0.027,63.0,134.8,0.803,Medium
INC-02337,2022-11-09,Brazil,Retail,Cloud-DC,Man-in-the-Middle,Cybercriminal,Misconfiguration,AI-based IDS,2595,939,0.017,44.9,37.5,0.488,Low
INC-02338,2022-11-10,France,Government,Corporate-LAN,Phishing,Cybercriminal,Social Engineering,Antivirus,6710,4007,0.057,53.5,44.5,0.353,Low
INC-02339,2022-11-11,USA,IT & Telecom,Cloud-DC,DDoS,Cybercriminal,Misconfiguration,Antivirus,36682,638,0.015,1.4,13.4,0.378,Low
INC-02340,2022-11-11,UK,Education,University-Campus,DDoS,Hacktivist,Misconfiguration,AI-based IDS,6742,42,0.001,0.6,60.4,0.46,Low
INC-02341,2022-11-12,Japan,Education,Cloud-DC,DDoS,Hacktivist,Unpatched Software,Encryption,98928,818,0.011,1.0,19.6,0.22,Low
INC-02342,2022-11-12,Japan,Retail,Cloud-DC,Phishing,Unknown,Social Engineering,Firewall,12538,40763,0.726,3.7,32.7,0.443,Low
INC-02343,2022-11-12,France,Healthcare,Cloud-DC,Ransomware,Cybercriminal,Weak Passwords,Antivirus,6304,3164,0.044,1.4,376.0,4.873,High
INC-02344,2022-11-12,USA,Education,University-Campus,Man-in-the-Middle,Hacktivist,Misconfiguration,MFA,1689,6087,0.125,23.1,29.8,0.208,Low
INC-02345,2022-11-13,Russia,IT & Telecom,Cloud-DC,SQL Injection,Cybercriminal,Unpatched Software,Firewall,2866,18571,0.532,9.0,52.5,0.581,Medium
INC-02346,2022-11-14,Australia,IT & Telecom,Cloud-DC,Ransomware,Cybercriminal,Weak Passwords,MFA,20120,168591,3.961,18.8,88.9,2.907,High
INC-02347,2022-11-14,USA,IT & Telecom,Cloud-DC,Ransomware,Nation-State,Weak Passwords,VPN,4180,23548,0.555,11.6,139.9,1.595,High
INC-02348,2022-11-15,Australia,Finance,Banking-Core,SQL Injection,Unknown,Misconfiguration,VPN,9934,2839,0.083,10.3,15.0,0.413,Low
INC-02349,2022-11-15,Germany,IT & Telecom,Cloud-DC,Ransomware,Cybercriminal,Unpatched Software,VPN,12600,1931,0.038,17.9,155.0,3.545,High
INC-02350,2022-11-15,Germany,Government,Corporate-LAN,Ransomware,Cybercriminal,Social Engineering,Encryption,2786,11399,0.174,19.2,89.4,1.724,High
INC-02351,2022-11-16,Germany,Healthcare,Corporate-LAN,Ransomware,Cybercriminal,Weak Passwords,Firewall,8364,14280,0.428,5.7,46.6,1.819,High
INC-02352,2022-11-16,China,IT & Telecom,Cloud-DC,SQL Injection,Cybercriminal,Unpatched Software,MFA,305,3973,0.098,25.6,18.5,0.398,Low
INC-02353,2022-11-16,Brazil,IT & Telecom,Cloud-DC,SQL Injection,Cybercriminal,Unpatched Software,MFA,1502,26040,0.535,6.3,35.5,0.697,Medium
INC-02354,2022-11-16,Japan,Finance,Cloud-DC,Ransomware,Cybercriminal,Social Engineering,VPN,10093,14682,0.25,6.3,55.0,2.08,High
INC-02355,2022-11-18,USA,Finance,Corporate-LAN,Credential Stuffing,Cybercriminal,Weak Passwords,Firewall,40832,187494,5.043,23.5,29.8,1.64,High
INC-02356,2022-11-18,USA,Retail,Cloud-DC,SQL Injection,Cybercriminal,Misconfiguration,Antivirus,5255,2270,0.038,14.3,102.3,0.955,Medium
INC-02357,2022-11-18,China,Education,University-Campus,Phishing,Cybercriminal,Social Engineering,MFA,873,147729,2.417,36.6,24.4,0.838,Medium
INC-02358,2022-11-19,UK,IT & Telecom,Cloud-DC,Zero-Day Exploit,Cybercriminal,Zero-Day,VPN,10882,35541,0.58,167.7,172.6,2.107,High
INC-02359,2022-11-20,Germany,Healthcare,Corporate-LAN,Phishing,Cybercriminal,Unpatched Software,Firewall,562,9938,0.29,41.3,77.0,1.087,Medium
INC-02360,2022-11-20,UK,IT & Telecom,Cloud-DC,SQL Injection,Unknown,Misconfiguration,Antivirus,6212,26517,0.599,38.2,47.3,0.852,Medium
INC-02361,2022-11-21,France,Retail,Corporate-LAN,Zero-Day Exploit,Cybercriminal,Zero-Day,Firewall,1905,70572,0.73,68.0,196.9,1.429,Medium
INC-02362,2022-11-21,Germany,Retail,Cloud-DC,Malware,Unknown,Social Engineering,AI-based IDS,5053,6843,0.172,13.7,52.8,0.462,Low
INC-02363,2022-11-22,USA,Government,Cloud-DC,Man-in-the-Middle,Cybercriminal,Misconfiguration,Firewall,18106,10745,0.131,36.7,49.0,0.75,Medium
INC-02364,2022-11-22,USA,Finance,Banking-Core,DDoS,Nation-State,Unpatched Software,Encryption,13530,1697,0.029,1.1,19.7,0.292,Low
INC-02365,2022-11-23,UK,Energy,IoT-Grid,Zero-Day Exploit,Nation-State,Zero-Day,Firewall,2915,12172,0.236,258.8,153.8,1.834,High
INC-02366,2022-11-24,France,Government,Cloud-DC,Zero-Day Exploit,Nation-State,Zero-Day,MFA,2345,4980,0.124,160.4,118.6,0.632,Medium
INC-02367,2022-11-24,Australia,IT & Telecom,Cloud-DC,DDoS,Hacktivist,Unpatched Software,Antivirus,7834,1645,0.026,1.1,31.3,0.427,Low
INC-02368,2022-11-24,France,Government,Cloud-DC,Zero-Day Exploit,Nation-State,Zero-Day,Encryption,10599,126026,3.602,114.9,81.5,1.242,Medium
INC-02369,2022-11-24,France,Finance,Banking-Core,DDoS,Hacktivist,Unpatched Software,Antivirus,1238,1170,0.015,0.9,3.3,0.303,Low
INC-02370,2022-11-24,Brazil,Retail,Cloud-DC,Phishing,Cybercriminal,Social Engineering,Firewall,3814,64426,1.769,21.0,57.0,0.886,Medium
INC-02371,2022-11-26,India,Retail,Cloud-DC,Malware,Cybercriminal,Unpatched Software,MFA,1390,648740,11.938,12.0,50.5,3.274,High
INC-02372,2022-11-27,UK,IT & Telecom,Corporate-LAN,Zero-Day Exploit,Nation-State,Zero-Day,VPN,60277,2712,0.036,20.0,66.5,0.63,Medium
INC-02373,2022-11-27,USA,Energy,Corporate-LAN,Ransomware,Cybercriminal,Social Engineering,Firewall,5513,15941,0.309,3.7,128.3,4.42,High
INC-02374,2022-11-28,Russia,Healthcare,IoT-Grid,Ransomware,Cybercriminal,Social Engineering,Antivirus,789,158928,1.853,28.2,96.3,4.111,High
INC-02375,2022-11-28,USA,Finance,Cloud-DC,SQL Injection,Cybercriminal,Misconfiguration,AI-based IDS,1668,95454,2.324,7.6,9.4,0.494,Low
INC-02376,2022-11-28,USA,Retail,Corporate-LAN,Malware,Cybercriminal,Unpatched Software,Antivirus,1177,38308,0.902,100.3,114.3,0.702,Medium
INC-02377,2022-12-03,Russia,Finance,Banking-Core,Insider Threat,Insider,Excess Privileges,AI-based IDS,115,43009,0.802,35.6,69.9,1.277,Medium
INC-02378,2022-12-04,USA,IT & Telecom,Cloud-DC,SQL Injection,Unknown,Misconfiguration,VPN,6566,366159,8.426,17.3,22.3,2.05,High
INC-02379,2022-12-04,Germany,Education,University-Campus,Phishing,Cybercriminal,Social Engineering,AI-based IDS,103,16058,0.17,3.9,43.6,0.336,Low
INC-02380,2022-12-05,Russia,Education,University-Campus,Malware,Nation-State,Social Engineering,Antivirus,3186,70482,1.227,13.8,69.0,0.827,Medium
INC-02381,2022-12-05,India,Education,University-Campus,SQL Injection,Unknown,Unpatched Software,MFA,6963,528914,13.707,3.4,25.7,1.962,High
INC-02382,2022-12-05,USA,Healthcare,Corporate-LAN,Phishing,Cybercriminal,Social Engineering,VPN,1259,106175,2.262,12.7,15.0,0.635,Medium
INC-02383,2022-12-06,Brazil,Finance,Cloud-DC,Ransomware,Cybercriminal,Weak Passwords,VPN,879,789081,20.134,12.0,167.9,6.994,Critical
INC-02384,2022-12-07,USA,Retail,Cloud-DC,Phishing,Nation-State,Social Engineering,Firewall,198,39916,1.093,16.0,43.0,0.689,Medium
INC-02385,2022-12-07,China,IT & Telecom,Cloud-DC,Ransomware,Cybercriminal,Unpatched Software,Antivirus,8571,11541,0.211,3.8,311.1,4.133,High
INC-02386,2022-12-08,Germany,Finance,Banking-Core,Ransomware,Cybercriminal,Unpatched Software,AI-based IDS,1276,98041,1.695,4.9,49.1,4.185,High
INC-02387,2022-12-09,USA,Retail,Corporate-LAN,Malware,Nation-State,Social Engineering,Antivirus,3655,122216,2.052,122.2,90.2,1.181,Medium
INC-02388,2022-12-09,Australia,Finance,Cloud-DC,Phishing,Nation-State,Social Engineering,Firewall,17384,1675,0.026,58.3,61.1,0.781,Medium
INC-02389,2022-12-09,Japan,Finance,Banking-Core,Insider Threat,Insider,Weak Passwords,AI-based IDS,15986,166782,2.419,168.4,142.1,1.939,High
INC-02390,2022-12-10,UK,Energy,Corporate-LAN,Ransomware,Cybercriminal,Social Engineering,VPN,1643,107478,2.366,5.1,77.5,2.402,High
INC-02391,2022-12-10,Australia,Finance,Cloud-DC,Man-in-the-Middle,Cybercriminal,Weak Passwords,Antivirus,6882,38884,0.603,44.3,84.7,1.35,Medium
INC-02392,2022-12-11,Russia,Energy,Corporate-LAN,Malware,Nation-State,Social Engineering,Firewall,1672,73054,1.445,38.2,100.6,0.873,Medium
INC-02393,2022-12-11,Germany,Education,University-Campus,DDoS,Hacktivist,Unpatched Software,Encryption,10772,2193,0.04,0.5,34.1,0.187,Low
INC-02394,2022-12-12,UK,Education,University-Campus,Phishing,Unknown,Social Engineering,MFA,1935,4344,0.051,33.9,25.7,0.285,Low
INC-02395,2022-12-12,Brazil,Government,Corporate-LAN,Zero-Day Exploit,Nation-State,Zero-Day,AI-based IDS,172083,6961,0.187,3.9,85.3,0.641,Medium
INC-02396,2022-12-12,China,IT & Telecom,Corporate-LAN,Insider Threat,Cybercriminal,Excess Privileges,MFA,493,20093,0.575,265.6,181.2,1.651,High
INC-02397,2022-12-12,Australia,Finance,Cloud-DC,Phishing,Nation-State,Social Engineering,MFA,10081,55936,1.418,25.7,28.7,0.679,Medium
INC-02398,2022-12-12,UK,Finance,Banking-Core,Phishing,Cybercriminal,Social Engineering,VPN,877,9210,0.178,4.8,105.9,1.363,Medium
INC-02399,2022-12-13,USA,Healthcare,Cloud-DC,Ransomware,Cybercriminal,Weak Passwords,AI-based IDS,5621,31432,0.326,2.6,70.5,2.507,High
INC-02400,2022-12-14,UK,Government,Corporate-LAN,Man-in-the-Middle,Cybercriminal,Unpatched Software,Antivirus,66437,5294,0.125,25.2,91.8,1.218,Medium
INC-02401,2022-12-14,China,Energy,IoT-Grid,Credential Stuffing,Cybercriminal,Weak Passwords,Antivirus,5314,9270,0.116,19.4,98.6,0.975,Medium
INC-02402,2022-12-15,Japan,Government,Cloud-DC,Zero-Day Exploit,Cybercriminal,Zero-Day,VPN,732,23248,0.586,95.1,133.0,1.22,Medium
INC-02403,2022-12-15,China,Government,Cloud-DC,Malware,Cybercriminal,Social Engineering,Encryption,1888,6893,0.176,144.3,105.0,1.15,Medium
INC-02404,2022-12-16,USA,Government,Corporate-LAN,SQL Injection,Cybercriminal,Unpatched Software,MFA,3313,28700,0.693,27.1,62.6,0.8,Medium
INC-02405,2022-12-16,USA,Healthcare,Corporate-LAN,Credential Stuffing,Cybercriminal,Weak Passwords,VPN,738,26527,0.68,28.0,37.0,0.638,Medium
INC-02406,2022-12-16,Germany,Retail,Cloud-DC,Phishing,Cybercriminal,Social Engineering,AI-based IDS,5355,15613,0.399,14.7,38.6,0.361,Low
INC-02407,2022-12-17,India,Healthcare,Corporate-LAN,Credential Stuffing,Cybercriminal,Weak Passwords,Firewall,3225,46135,1.024,60.7,62.7,0.595,Medium
INC-02408,2022-12-17,Germany,Government,Corporate-LAN,DDoS,Hacktivist,Misconfiguration,MFA,14991,344,0.01,1.7,26.1,0.242,Low
INC-02409,2022-12-17,UK,Retail,Cloud-DC,Ransomware,Cybercriminal,Weak Passwords,Firewall,29518,14436,0.433,8.0,28.5,1.876,High
INC-02410,2022-12-18,Germany,Healthcare,IoT-Grid,Ransomware,Cybercriminal,Unpatched Software,Firewall,787,41902,0.777,33.2,76.7,3.06,High
INC-02411,2022-12-18,Brazil,Healthcare,Corporate-LAN,Ransomware,Nation-State,Weak Passwords,Encryption,3455,16029,0.447,2.4,80.8,2.275,High
INC-02412,2022-12-20,UK,IT & Telecom,Cloud-DC,DDoS,Unknown,Misconfiguration,Antivirus,127136,3322,0.075,2.4,17.6,0.293,Low
INC-02413,2022-12-21,UK,Finance,Banking-Core,Ransomware,Cybercriminal,Social Engineering,Encryption,3845,113846,3.222,3.0,107.8,3.069,High
INC-02414,2022-12-21,Brazil,IT & Telecom,Cloud-DC,Malware,Cybercriminal,Social Engineering,VPN,139,108973,1.234,16.4,41.0,0.815,Medium
INC-02415,2022-12-22,China,Government,Corporate-LAN,Zero-Day Exploit,Unknown,Zero-Day,VPN,4011,15477,0.219,44.4,47.7,0.553,Medium
INC-02416,2022-12-23,USA,Healthcare,IoT-Grid,Ransomware,Unknown,Unpatched Software,MFA,14923,73181,1.639,22.0,68.8,3.527,High
INC-02417,2022-12-23,USA,Education,University-Campus,Malware,Cybercriminal,Social Engineering,Antivirus,1367,22774,0.542,93.0,55.0,0.249,Low
INC-02418,2022-12-24,Brazil,Education,University-Campus,DDoS,Nation-State,Misconfiguration,Firewall,12092,287,0.003,0.8,12.2,0.16,Low
INC-02419,2022-12-24,Brazil,Finance,Banking-Core,Ransomware,Cybercriminal,Unpatched Software,Firewall,622,2922,0.055,6.4,91.8,2.083,High
INC-02420,2022-12-24,France,Retail,Cloud-DC,Credential Stuffing,Cybercriminal,Misconfiguration,Antivirus,76,8859,0.095,,66.3,0.461,Low
INC-02421,2022-12-24,Germany,Finance,Cloud-DC,DDoS,Hacktivist,Unpatched Software,Antivirus,9765,1837,0.047,0.9,7.6,0.242,Low
INC-02422,2022-12-25,China,Finance,Corporate-LAN,Phishing,Nation-State,Social Engineering,AI-based IDS,1908,32802,0.78,11.4,26.4,0.495,Low
INC-02423,2022-12-25,USA,Finance,Cloud-DC,SQL Injection,Cybercriminal,Misconfiguration,MFA,3527,16344,0.488,14.3,95.6,1.148,Medium
INC-02424,2022-12-26,UK,Finance,Banking-Core,DDoS,Hacktivist,Unpatched Software,Antivirus,2498,67,0.001,2.7,7.2,0.182,Low
INC-02425,2022-12-26,UK,IT & Telecom,Cloud-DC,SQL Injection,Unknown,Unpatched Software,AI-based IDS,6434,170668,4.597,3.5,35.6,1.334,Medium
INC-02426,2022-12-26,India,Finance,Cloud-DC,Phishing,Cybercriminal,Social Engineering,MFA,8590,86882,0.962,8.2,26.9,1.174,Medium
INC-02427,2022-12-26,India,Education,Cloud-DC,DDoS,Hacktivist,Misconfiguration,MFA,4942,62,0.001,0.6,14.9,0.194,Low
INC-02428,2022-12-27,Brazil,Government,Cloud-DC,DDoS,Hacktivist,Unpatched Software,AI-based IDS,9272,449,0.009,0.5,7.6,0.208,Low
INC-02429,2022-12-27,USA,Finance,Banking-Core,SQL Injection,Hacktivist,Misconfiguration,Antivirus,7513,470967,11.022,,34.0,3.545,High
INC-02430,2022-12-28,Russia,IT & Telecom,Cloud-DC,Ransomware,Cybercriminal,Weak Passwords,Encryption,176,23735,0.571,2.3,87.8,1.502,High
INC-02431,2022-12-28,UK,Healthcare,Corporate-LAN,Ransomware,Cybercriminal,Social Engineering,Encryption,12201,8228,0.242,7.7,52.7,1.794,High
INC-02432,2022-12-28,USA,Education,Cloud-DC,Man-in-the-Middle,Unknown,Misconfiguration,VPN,4649,17216,0.473,88.2,76.5,0.462,Low
INC-02433,2023-01-01,USA,Energy,IoT-Grid,Malware,Nation-State,Unpatched Software,VPN,1055,36529,0.418,28.1,42.6,0.764,Medium
INC-02434,2023-01-01,Japan,Finance,Banking-Core,Man-in-the-Middle,Cybercriminal,Misconfiguration,AI-based IDS,1402,25868,0.517,10.4,47.2,0.893,Medium
INC-02435,2023-01-01,Brazil,Energy,IoT-Grid,Ransomware,Unknown,Social Engineering,AI-based IDS,4228,82776,1.565,0.5,65.2,5.073,Critical
INC-02436,2023-01-02,Australia,Healthcare,Cloud-DC,Phishing,Cybercriminal,Weak Passwords,VPN,23490,96766,1.106,13.7,57.4,1.085,Medium
INC-02437,2023-01-02,Japan,Finance,Banking-Core,Ransomware,Cybercriminal,Unpatched Software,AI-based IDS,2635,138952,2.215,8.4,35.0,4.091,High
INC-02438,2023-01-02,Brazil,IT & Telecom,Cloud-DC,Ransomware,Cybercriminal,Unpatched Software,Antivirus,2534,68030,1.32,25.8,43.7,2.107,High
INC-02439,2023-01-02,USA,Energy,IoT-Grid,Zero-Day Exploit,Unknown,Zero-Day,Firewall,2658,33427,0.737,86.3,112.3,1.58,High
INC-02440,2023-01-03,USA,Retail,Cloud-DC,DDoS,Cybercriminal,Misconfiguration,Firewall,14687,66,0.001,0.6,10.2,0.314,Low
INC-02441,2023-01-04,USA,Government,Corporate-LAN,Malware,Nation-State,Social Engineering,Antivirus,23667,150005,2.814,9.4,15.6,1.121,Medium
INC-02442,2023-01-04,Russia,Finance,Cloud-DC,SQL Injection,Cybercriminal,Unpatched Software,Firewall,1095,355561,9.919,19.3,55.7,2.043,High
INC-02443,2023-01-05,USA,Retail,Cloud-DC,DDoS,Cybercriminal,Misconfiguration,Encryption,1677,5877,0.13,0.7,7.4,0.162,Low
INC-02444,2023-01-06,UK,IT & Telecom,Corporate-LAN,Malware,Cybercriminal,Social Engineering,Encryption,1899,47128,0.784,30.7,39.2,0.505,Medium
INC-02445,2023-01-07,USA,Energy,IoT-Grid,DDoS,Hacktivist,Misconfiguration,Encryption,1405,1860,0.022,0.4,24.7,0.326,Low
INC-02446,2023-01-07,USA,IT & Telecom,Cloud-DC,SQL Injection,Cybercriminal,Misconfiguration,AI-based IDS,10499,219661,5.575,6.1,55.2,1.053,Medium
INC-02447,2023-01-08,USA,Retail,Cloud-DC,Malware,Cybercriminal,Social Engineering,MFA,2575,174448,1.879,8.7,29.5,0.776,Medium
INC-02448,2023-01-08,Brazil,Retail,Corporate-LAN,SQL Injection,Cybercriminal,Unpatched Software,AI-based IDS,1739,227903,3.086,23.6,38.5,0.89,Medium
INC-02449,2023-01-08,China,IT & Telecom,Cloud-DC,Insider Threat,Insider,Weak Passwords,VPN,370,30072,0.786,109.6,61.8,1.078,Medium
INC-02450,2023-01-09,USA,IT & Telecom,Cloud-DC,Credential Stuffing,Cybercriminal,Weak Passwords,AI-based IDS,1306,4003,0.057,10.8,14.9,0.183,Low
INC-02451,2023-01-09,Russia,Healthcare,Cloud-DC,Ransomware,Unknown,Social Engineering,AI-based IDS,495,45319,0.697,3.6,204.2,2.751,High
INC-02452,2023-01-10,France,Retail,Cloud-DC,Phishing,Cybercriminal,Social Engineering,Firewall,472,7278,0.141,65.3,83.8,0.423,Low
INC-02453,2023-01-11,USA,Finance,Banking-Core,DDoS,Hacktivist,Unpatched Software,Firewall,1646,2883,0.035,0.1,14.5,0.538,Medium
INC-02454,2023-01-11,India,Education,University-Campus,Phishing,Cybercriminal,Social Engineering,AI-based IDS,637,61492,1.546,1.2,13.3,0.398,Low
INC-02455,2023-01-12,USA,Energy,Corporate-LAN,Ransomware,Cybercriminal,Social Engineering,MFA,457,39998,1.011,14.8,140.5,2.833,High
INC-02456,2023-01-13,India,Healthcare,Cloud-DC,Malware,Unknown,Unpatched Software,Firewall,790,8081,0.238,19.2,55.7,0.525,Medium
INC-02457,2023-01-13,France,IT & Telecom,Cloud-DC,DDoS,Nation-State,Misconfiguration,MFA,8984,74,0.001,1.0,8.1,0.236,Low
INC-02458,2023-01-13,France,IT & Telecom,Cloud-DC,Insider Threat,Insider,Excess Privileges,Antivirus,588,44312,1.113,126.1,103.5,1.247,Medium
INC-02459,2023-01-13,India,Finance,Banking-Core,Phishing,Cybercriminal,Social Engineering,Firewall,2323,8371,0.235,4.5,18.6,0.491,Low
INC-02460,2023-01-13,Germany,IT & Telecom,Cloud-DC,Zero-Day Exploit,Cybercriminal,Zero-Day,Encryption,168,742,0.018,29.8,122.6,1.088,Medium
INC-02461,2023-01-13,Germany,Retail,Cloud-DC,Man-in-the-Middle,Unknown,Misconfiguration,MFA,786,49723,1.173,74.7,75.6,0.755,Medium
INC-02462,2023-01-13,Germany,Healthcare,Cloud-DC,Phishing,Nation-State,Social Engineering,MFA,3730,2830,0.08,33.7,30.1,0.61,Medium
INC-02463,2023-01-14,Japan,Energy,IoT-Grid,Ransomware,Cybercriminal,Weak Passwords,Antivirus,15900,12391,0.176,7.6,626.6,6.544,Critical
INC-02464,2023-01-14,Germany,Finance,Cloud-DC,Phishing,Cybercriminal,Unpatched Software,Encryption,182,8083,0.171,12.5,24.9,0.424,Low
INC-02465,2023-01-15,USA,Finance,Banking-Core,DDoS,Cybercriminal,Misconfiguration,Firewall,1344,1314,0.035,3.0,12.0,0.699,Medium
INC-02466,2023-01-16,Japan,Education,University-Campus,Phishing,Unknown,Weak Passwords,Antivirus,4982,423564,4.406,24.0,35.1,1.398,Medium
INC-02467,2023-01-16,Australia,Retail,Corporate-LAN,Phishing,Cybercriminal,Social Engineering,Antivirus,839,13663,0.226,7.6,37.0,0.297,Low
INC-02468,2023-01-16,USA,Finance,Cloud-DC,Credential Stuffing,Cybercriminal,Weak Passwords,AI-based IDS,1667,220051,5.119,11.8,15.0,1.715,High
INC-02469,2023-01-16,Germany,Retail,Corporate-LAN,Phishing,Cybercriminal,Social Engineering,VPN,20145,30083,0.431,83.1,114.4,0.985,Medium
INC-02470,2023-01-16,USA,Healthcare,Cloud-DC,Malware,Hacktivist,Unpatched Software,Firewall,4862,8339,0.239,28.8,102.4,1.414,Medium
INC-02471,2023-01-16,Australia,IT & Telecom,Cloud-DC,Ransomware,Cybercriminal,Weak Passwords,Firewall,5999,1038647,15.479,11.8,190.1,6.793,Critical
INC-02472,2023-01-17,USA,Finance,Banking-Core,Phishing,Cybercriminal,Social Engineering,AI-based IDS,961,39370,0.863,20.8,46.1,0.99,Medium
INC-02473,2023-01-17,Australia,Healthcare,Corporate-LAN,Insider Threat,Insider,Excess Privileges,Firewall,801,75025,1.042,78.8,50.6,1.115,Medium
INC-02474,2023-01-18,USA,Finance,Banking-Core,Phishing,Hacktivist,Social Engineering,Antivirus,31655,231607,5.49,26.4,50.0,1.28,Medium
INC-02475,2023-01-18,Germany,Energy,IoT-Grid,Zero-Day Exploit,Hacktivist,Zero-Day,AI-based IDS,5493,291,0.004,61.2,347.0,2.44,High
INC-02476,2023-01-18,India,Finance,Cloud-DC,Phishing,Cybercriminal,Social Engineering,Antivirus,11660,7054,0.196,34.6,68.8,0.959,Medium
INC-02477,2023-01-18,Japan,Healthcare,Cloud-DC,Malware,Nation-State,Unpatched Software,Encryption,3795,221603,4.118,10.7,34.9,2.02,High
INC-02478,2023-01-18,India,Finance,Banking-Core,Insider Threat,Insider,Excess Privileges,AI-based IDS,122,253584,4.981,10.3,30.1,1.388,Medium
INC-02479,2023-01-18,Japan,Government,Corporate-LAN,DDoS,Nation-State,Misconfiguration,AI-based IDS,65124,289,0.008,0.1,4.1,0.162,Low
INC-02480,2023-01-19,Japan,Retail,Cloud-DC,Credential Stuffing,Cybercriminal,Weak Passwords,AI-based IDS,3805,181083,2.628,0.7,72.9,1.221,Medium
INC-02481,2023-01-21,UK,Healthcare,Cloud-DC,Man-in-the-Middle,Nation-State,Misconfiguration,MFA,6497,2991,0.089,20.6,100.1,1.243,Medium
INC-02482,2023-01-21,France,IT & Telecom,Corporate-LAN,Credential Stuffing,Unknown,Weak Passwords,Encryption,699,11055,0.318,30.6,148.0,1.646,High
INC-02483,2023-01-21,UK,Healthcare,Corporate-LAN,Credential Stuffing,Cybercriminal,Misconfiguration,VPN,1240,322079,9.105,76.7,160.0,4.235,High
INC-02484,2023-01-22,Russia,IT & Telecom,Corporate-LAN,Credential Stuffing,Cybercriminal,Weak Passwords,Encryption,541,41573,1.032,18.3,37.8,0.555,Medium
INC-02485,2023-01-22,India,Retail,Corporate-LAN,Insider Threat,Insider,Weak Passwords,MFA,764,9873,0.245,61.8,77.9,0.532,Medium
INC-02486,2023-01-22,USA,Government,Cloud-DC,DDoS,Nation-State,Unpatched Software,Encryption,6284,325,0.005,1.2,14.9,0.349,Low
INC-02487,2023-01-23,India,IT & Telecom,Cloud-DC,Phishing,Nation-State,Weak Passwords,AI-based IDS,2639,6848,0.144,21.5,24.3,0.266,Low
INC-02488,2023-01-24,USA,IT & Telecom,Cloud-DC,DDoS,Cybercriminal,Unpatched Software,Antivirus,14866,155,0.004,4.4,30.1,0.448,Low
INC-02489,2023-01-24,Japan,Retail,Corporate-LAN,Man-in-the-Middle,Cybercriminal,Misconfiguration,Firewall,3477,7984,0.194,37.9,49.9,0.623,Medium
INC-02490,2023-01-24,India,Finance,Banking-Core,DDoS,Cybercriminal,Unpatched Software,MFA,35585,1029,0.024,0.4,4.3,0.196,Low
INC-02491,2023-01-24,India,Education,University-Campus,Phishing,Nation-State,Social Engineering,AI-based IDS,1131,2632,0.072,0.6,29.6,0.281,Low
INC-02492,2023-01-25,India,IT & Telecom,Cloud-DC,SQL Injection,Cybercriminal,Misconfiguration,Antivirus,7525,79789,1.939,8.6,40.5,0.663,Medium
INC-02493,2023-01-25,USA,Finance,Cloud-DC,SQL Injection,Cybercriminal,Unpatched Software,Encryption,348,712959,14.034,24.0,42.1,3.873,High
INC-02494,2023-01-25,France,Healthcare,Corporate-LAN,Zero-Day Exploit,Unknown,Zero-Day,MFA,13718,1646,0.031,30.1,184.1,1.533,High
INC-02495,2023-01-26,India,Government,Cloud-DC,Insider Threat,Insider,Excess Privileges,Firewall,632,187803,5.583,135.3,101.1,1.281,Medium
INC-02496,2023-01-26,Russia,Retail,Corporate-LAN,Insider Threat,Insider,Excess Privileges,Antivirus,39,91067,1.575,43.3,50.9,0.848,Medium
INC-02497,2023-01-27,Australia,Government,Corporate-LAN,Zero-Day Exploit,Unknown,Zero-Day,Firewall,5318,11906,0.223,,60.3,0.931,Medium
INC-02498,2023-01-28,Australia,Healthcare,Cloud-DC,Ransomware,Unknown,Unpatched Software,Antivirus,465,24880,0.333,41.8,101.3,4.465,High
INC-02499,2023-01-28,Germany,IT & Telecom,Cloud-DC,Credential Stuffing,Cybercriminal,Weak Passwords,Antivirus,15937,31929,0.569,66.9,131.7,1.37,Medium
INC-02500,2023-02-01,UK,Retail,Corporate-LAN,Insider Threat,Insider,Excess Privileges,VPN,170,80629,2.388,,89.3,0.785,Medium
INC-02501,2023-02-01,Germany,Healthcare,Cloud-DC,Insider Threat,Insider,Misconfiguration,VPN,511,15236,0.185,419.8,230.6,2.188,High
INC-02502,2023-02-02,France,Retail,Cloud-DC,Credential Stuffing,Unknown,Misconfiguration,Firewall,3446,27990,0.611,3.2,20.8,0.321,Low
INC-02503,2023-02-02,USA,Energy,IoT-Grid,Phishing,Nation-State,Social Engineering,Firewall,12963,106445,2.602,30.5,82.2,1.129,Medium
INC-02504,2023-02-02,USA,Healthcare,Corporate-LAN,DDoS,Hacktivist,Unpatched Software,AI-based IDS,11494,943,0.013,0.9,5.9,0.25,Low
INC-02505,2023-02-03,Germany,Education,Cloud-DC,DDoS,Hacktivist,Misconfiguration,Firewall,3676,33,0.0,1.2,7.8,0.145,Low
INC-02506,2023-02-03,UK,Education,University-Campus,Ransomware,Unknown,Social Engineering,MFA,1519,10659,0.155,10.5,199.4,1.947,High
INC-02507,2023-02-04,UK,Government,Corporate-LAN,Man-in-the-Middle,Hacktivist,Misconfiguration,MFA,16342,509872,9.473,7.5,48.6,3.881,High
INC-02508,2023-02-04,Australia,Government,Cloud-DC,Insider Threat,Insider,Excess Privileges,Antivirus,210,150047,3.715,20.3,44.8,0.959,Medium
INC-02509,2023-02-05,USA,Finance,Banking-Core,Credential Stuffing,Cybercriminal,Weak Passwords,AI-based IDS,15437,431710,8.072,9.4,46.8,3.877,High
INC-02510,2023-02-05,USA,Government,Cloud-DC,Phishing,Cybercriminal,Social Engineering,Antivirus,774,23599,0.609,11.5,32.7,0.592,Medium
INC-02511,2023-02-05,India,Retail,Corporate-LAN,Ransomware,Cybercriminal,Weak Passwords,VPN,5920,1190,0.023,7.0,137.7,1.637,High
INC-02512,2023-02-05,Australia,Government,Cloud-DC,Malware,Nation-State,Social Engineering,VPN,4702,56628,1.451,20.1,61.7,1.028,Medium
INC-02513,2023-02-05,UK,Healthcare,Cloud-DC,Phishing,Nation-State,Social Engineering,MFA,805,18532,0.247,26.5,43.5,0.578,Medium
INC-02514,2023-02-05,USA,Finance,Cloud-DC,Credential Stuffing,Cybercriminal,Misconfiguration,Encryption,23030,18207,0.313,16.4,38.7,0.688,Medium
INC-02515,2023-02-06,USA,Finance,Banking-Core,Phishing,Cybercriminal,Social Engineering,Antivirus,503,2517,0.05,112.7,89.0,1.191,Medium
INC-02516,2023-02-06,Germany,Retail,Corporate-LAN,Credential Stuffing,Cybercriminal,Misconfiguration,AI-based IDS,28347,119008,1.227,5.1,19.6,0.902,Medium
INC-02517,2023-02-06,India,Education,University-Campus,Malware,Cybercriminal,Social Engineering,VPN,2124,52590,1.349,7.8,21.2,0.286,Low
INC-02518,2023-02-07,USA,Retail,Corporate-LAN,Insider Threat,Insider,Excess Privileges,Firewall,609,406831,8.932,274.8,163.5,3.073,High
INC-02519,2023-02-07,USA,Education,University-Campus,Insider Threat,Insider,Excess Privileges,Firewall,574,14433,0.335,36.5,79.6,0.442,Low
INC-02520,2023-02-07,China,Finance,Cloud-DC,Credential Stuffing,Cybercriminal,Weak Passwords,VPN,9001,5292,0.099,65.5,65.8,0.748,Medium
INC-02521,2023-02-08,Russia,Healthcare,Corporate-LAN,Malware,Cybercriminal,Social Engineering,Antivirus,21426,556659,12.848,43.4,66.4,6.991,Critical
INC-02522,2023-02-08,India,Government,Cloud-DC,Malware,Cybercriminal,Social Engineering,Firewall,185,48609,1.365,31.1,61.7,0.79,Medium
INC-02523,2023-02-08,UK,Healthcare,Corporate-LAN,Ransomware,Cybercriminal,Unpatched Software,MFA,11187,993117,19.972,1.7,143.3,8.784,Critical
INC-02524,2023-02-09,China,Education,Cloud-DC,DDoS,Hacktivist,Unpatched Software,Firewall,4961,1054,0.019,0.4,11.6,0.161,Low
INC-02525,2023-02-11,China,Education,University-Campus,Phishing,Nation-State,Social Engineering,Firewall,275,1436,0.017,30.2,26.3,0.125,Low
INC-02526,2023-02-11,India,Government,Cloud-DC,DDoS,Nation-State,Unpatched Software,Encryption,30481,239,0.007,1.5,11.6,0.295,Low
INC-02527,2023-02-12,India,Education,University-Campus,Phishing,Hacktivist,Social Engineering,Encryption,327,14157,0.317,37.6,34.4,0.418,Low
INC-02528,2023-02-13,USA,Healthcare,Corporate-LAN,Ransomware,Cybercriminal,Weak Passwords,MFA,3200,39158,0.797,17.3,142.4,2.361,High
INC-02529,2023-02-13,France,Government,Corporate-LAN,Malware,Cybercriminal,Weak Passwords,Encryption,1452,5285,0.153,10.3,39.4,0.491,Low
INC-02530,2023-02-13,UK,Finance,Cloud-DC,SQL Injection,Cybercriminal,Unpatched Software,Antivirus,16448,58630,1.15,18.6,33.0,1.055,Medium
INC-02531,2023-02-13,Japan,Energy,IoT-Grid,Phishing,Nation-State,Social Engineering,Firewall,12829,101346,1.36,10.7,18.2,1.192,Medium
INC-02532,2023-02-14,Germany,Energy,IoT-Grid,SQL Injection,Hacktivist,Unpatched Software,Encryption,2148,43294,0.792,14.9,88.1,1.253,Medium
INC-02533,2023-02-14,Russia,Finance,Cloud-DC,Credential Stuffing,Cybercriminal,Weak Passwords,Antivirus,52060,289563,4.102,4.0,34.0,1.281,Medium
INC-02534,2023-02-15,Germany,Healthcare,Corporate-LAN,Phishing,Cybercriminal,Social Engineering,MFA,19640,8417,0.162,2.0,51.8,0.601,Medium
INC-02535,2023-02-16,UK,Government,Corporate-LAN,Man-in-the-Middle,Unknown,Misconfiguration,MFA,4128,73114,0.824,22.2,23.7,0.501,Medium
INC-02536,2023-02-17,Russia,Healthcare,Corporate-LAN,Phishing,Nation-State,Social Engineering,Encryption,3891,42090,0.696,22.0,21.2,0.579,Medium
INC-02537,2023-02-18,UK,Finance,Cloud-DC,Credential Stuffing,Cybercriminal,Misconfiguration,Firewall,2520,522811,14.765,22.2,47.4,3.069,High
INC-02538,2023-02-20,France,Finance,Banking-Core,Phishing,Cybercriminal,Weak Passwords,MFA,1738,4741,0.094,82.7,65.9,0.766,Medium
INC-02539,2023-02-20,France,Government,Corporate-LAN,Man-in-the-Middle,Unknown,Misconfiguration,Encryption,3047,28236,0.464,23.1,100.9,0.775,Medium
INC-02540,2023-02-20,Russia,Healthcare,Cloud-DC,Phishing,Cybercriminal,Social Engineering,AI-based IDS,926,423309,7.328,6.8,26.7,2.046,High
INC-02541,2023-02-21,India,Finance,Corporate-LAN,Phishing,Cybercriminal,Social Engineering,Firewall,5858,155591,2.633,65.3,96.7,2.286,High
INC-02542,2023-02-21,Australia,Finance,Banking-Core,Insider Threat,Insider,Excess Privileges,Encryption,621,44372,1.043,231.3,125.8,1.15,Medium
INC-02543,2023-02-21,USA,Retail,Cloud-DC,Insider Threat,Insider,Misconfiguration,Firewall,1403,122033,1.817,314.2,182.7,2.011,High
INC-02544,2023-02-21,Australia,Retail,Corporate-LAN,Malware,Nation-State,Unpatched Software,MFA,13894,8219,0.158,18.7,28.1,0.383,Low
INC-02545,2023-02-22,China,Government,Cloud-DC,Phishing,Cybercriminal,Social Engineering,Firewall,1201,56234,1.187,34.4,43.8,0.584,Medium
INC-02546,2023-02-22,USA,Healthcare,Cloud-DC,Ransomware,Hacktivist,Unpatched Software,Antivirus,1438,14442,0.359,18.7,98.8,2.691,High
INC-02547,2023-02-22,Russia,Finance,Corporate-LAN,Credential Stuffing,Cybercriminal,Weak Passwords,Encryption,2476,2493,0.038,37.1,23.6,0.514,Medium
INC-02548,2023-02-22,Russia,Government,Corporate-LAN,Zero-Day Exploit,Cybercriminal,Zero-Day,VPN,1665,22737,0.462,58.2,53.6,0.695,Medium
INC-02549,2023-02-22,India,Healthcare,Corporate-LAN,SQL Injection,Cybercriminal,Unpatched Software,MFA,19,25300,0.406,23.1,21.6,0.519,Medium
INC-02550,2023-02-23,China,Energy,Corporate-LAN,Ransomware,Cybercriminal,Social Engineering,Antivirus,26542,38105,1.13,10.7,74.7,3.456,High
INC-02551,2023-02-23,USA,IT & Telecom,Corporate-LAN,Zero-Day Exploit,Cybercriminal,Zero-Day,VPN,2412,55050,1.429,40.6,346.7,1.987,High
INC-02552,2023-02-23,China,Finance,Cloud-DC,Phishing,Nation-State,Social Engineering,Antivirus,1576,4100,0.083,9.0,19.1,0.338,Low
INC-02553,2023-02-24,China,Retail,Cloud-DC,Credential Stuffing,Cybercriminal,Weak Passwords,Antivirus,174,41331,0.701,12.6,32.5,0.615,Medium
INC-02554,2023-02-24,India,Energy,Corporate-LAN,SQL Injection,Cybercriminal,Unpatched Software,Firewall,2537,702,0.011,31.6,56.3,0.791,Medium
INC-02555,2023-02-24,Brazil,Energy,Corporate-LAN,Zero-Day Exploit,Nation-State,Zero-Day,Encryption,14211,6767,0.143,83.2,123.6,1.8,High
INC-02556,2023-02-24,USA,Retail,Cloud-DC,Insider Threat,Insider,Excess Privileges,Firewall,52,23229,0.443,193.6,180.7,1.136,Medium
INC-02557,2023-02-24,India,Healthcare,Corporate-LAN,Phishing,Cybercriminal,Social Engineering,Antivirus,438,63800,1.4,38.5,34.0,0.807,Medium
INC-02558,2023-02-26,France,Government,Corporate-LAN,Malware,Unknown,Social Engineering,Firewall,2451,83218,1.641,3.1,16.1,0.43,Low
INC-02559,2023-02-26,India,Energy,Corporate-LAN,Zero-Day Exploit,Cybercriminal,Zero-Day,AI-based IDS,3429,216184,4.14,34.7,154.6,2.844,High
INC-02560,2023-02-26,Germany,Healthcare,Cloud-DC,Phishing,Cybercriminal,Social Engineering,Firewall,526,3251,0.04,104.6,60.4,0.711,Medium
INC-02561,2023-02-26,China,Education,University-Campus,Phishing,Nation-State,Social Engineering,MFA,3831,33008,0.404,26.4,22.6,0.295,Low
INC-02562,2023-02-27,Japan,Finance,Banking-Core,Credential Stuffing,Cybercriminal,Weak Passwords,VPN,842,33904,0.728,22.3,44.7,1.016,Medium
INC-02563,2023-02-27,USA,Government,Corporate-LAN,Ransomware,Unknown,Social Engineering,MFA,10097,64310,1.579,7.1,19.3,1.747,High
INC-02564,2023-02-27,India,Retail,Cloud-DC,SQL Injection,Cybercriminal,Misconfiguration,VPN,725,44923,1.295,17.9,24.0,0.381,Low
INC-02565,2023-02-27,Japan,Finance,Banking-Core,DDoS,,Misconfiguration,AI-based IDS,226122,130,0.004,0.7,11.8,0.62,Medium
INC-02566,2023-03-01,Germany,Retail,Corporate-LAN,SQL Injection,Cybercriminal,Unpatched Software,Firewall,1806,50064,1.355,73.6,63.2,0.81,Medium
INC-02567,2023-03-01,India,Retail,Cloud-DC,DDoS,Cybercriminal,Unpatched Software,Antivirus,7548,2056,0.034,0.2,7.3,0.207,Low
INC-02568,2023-03-01,France,Retail,Corporate-LAN,Credential Stuffing,,Weak Passwords,Firewall,3275,529,0.006,101.4,84.4,0.81,Medium
INC-02569,2023-03-01,Brazil,IT & Telecom,Cloud-DC,Credential Stuffing,Hacktivist,Weak Passwords,Firewall,22087,133165,2.647,21.6,20.9,1.069,Medium
INC-02570,2023-03-02,China,Education,University-Campus,Credential Stuffing,Cybercriminal,Weak Passwords,Antivirus,156,4292,0.055,10.8,40.3,0.253,Low
INC-02571,2023-03-02,India,Energy,Corporate-LAN,Zero-Day Exploit,Unknown,Zero-Day,VPN,9567,26747,0.402,560.4,348.3,2.531,High
INC-02572,2023-03-02,Russia,Healthcare,Corporate-LAN,Phishing,Cybercriminal,Social Engineering,MFA,4112,73559,1.268,25.4,25.1,1.053,Medium
INC-02573,2023-03-02,Japan,Retail,Corporate-LAN,Ransomware,Cybercriminal,Social Engineering,MFA,9561,32007,0.74,5.3,74.5,2.675,High
INC-02574,2023-03-02,USA,Education,University-Campus,Ransomware,Cybercriminal,Unpatched Software,Antivirus,1772,33862,0.885,21.0,125.8,1.685,High
INC-02575,2023-03-04,Australia,Retail,Cloud-DC,SQL Injection,Cybercriminal,Misconfiguration,MFA,16509,161550,2.011,18.8,42.2,1.527,High
INC-02576,2023-03-05,Germany,Finance,Banking-Core,SQL Injection,Hacktivist,Unpatched Software,AI-based IDS,1337,72082,1.691,11.3,74.6,1.343,Medium
INC-02577,2023-03-05,Brazil,Healthcare,Corporate-LAN,Phishing,Cybercriminal,Weak Passwords,Firewall,862,745,0.016,15.0,28.7,0.588,Medium
INC-02578,2023-03-05,China,Healthcare,IoT-Grid,Malware,Cybercriminal,Social Engineering,Encryption,8240,15460,0.231,9.6,13.9,0.283,Low
INC-02579,2023-03-05,Russia,Finance,Banking-Core,Credential Stuffing,Cybercriminal,Weak Passwords,Firewall,212,5705,0.113,12.8,53.6,0.935,Medium
INC-02580,2023-03-06,Australia,Healthcare,Cloud-DC,Ransomware,Cybercriminal,Weak Passwords,AI-based IDS,4863,29408,0.812,3.4,58.9,1.833,High
INC-02581,2023-03-06,China,Government,Corporate-LAN,DDoS,Hacktivist,Misconfiguration,AI-based IDS,14467,167,0.003,0.5,8.7,0.191,Low
INC-02582,2023-03-06,India,Government,Corporate-LAN,Insider Threat,Insider,Weak Passwords,Firewall,246,53520,0.819,38.6,113.4,1.589,High
INC-02583,2023-03-07,Germany,IT & Telecom,Corporate-LAN,Zero-Day Exploit,Unknown,Zero-Day,Encryption,260,10620,0.218,37.6,51.9,0.556,Medium
INC-02584,2023-03-07,USA,Healthcare,Corporate-LAN,Phishing,Unknown,Social Engineering,Antivirus,6170,1719,0.049,3.8,41.3,0.52,Medium
INC-02585,2023-03-07,France,IT & Telecom,Cloud-DC,DDoS,Hacktivist,Unpatched Software,AI-based IDS,18249,1024,0.026,0.7,7.9,0.326,Low
INC-02586,2023-03-07,France,Healthcare,Corporate-LAN,Man-in-the-Middle,Nation-State,Misconfiguration,MFA,4771,46869,1.223,11.7,43.2,0.54,Medium
INC-02587,2023-03-07,UK,Finance,Banking-Core,Credential Stuffing,Cybercriminal,Weak Passwords,VPN,400,29733,0.415,12.6,77.6,0.704,Medium
INC-02588,2023-03-07,France,Education,University-Campus,SQL Injection,Nation-State,Unpatched Software,Antivirus,181,4211,0.074,8.1,50.9,0.226,Low
INC-02589,2023-03-07,Germany,Government,Corporate-LAN,Insider Threat,Insider,Weak Passwords,Firewall,30,4051,0.077,156.9,98.7,0.582,Medium
INC-02590,2023-03-07,Russia,Government,Corporate-LAN,Malware,Nation-State,Social Engineering,MFA,11551,6052,0.173,11.4,53.4,0.325,Low
INC-02591,2023-03-08,India,Government,Corporate-LAN,Phishing,Cybercriminal,Unpatched Software,AI-based IDS,4781,62811,0.927,8.4,37.4,0.438,Low
INC-02592,2023-03-08,Russia,Retail,Corporate-LAN,SQL Injection,Cybercriminal,Unpatched Software,AI-based IDS,493,21057,0.396,8.7,52.4,0.359,Low
INC-02593,2023-03-09,USA,Finance,Banking-Core,Zero-Day Exploit,Unknown,Zero-Day,Firewall,3438,2476,0.036,50.2,137.2,1.518,High
INC-02594,2023-03-09,Brazil,Retail,Corporate-LAN,SQL Injection,Hacktivist,Misconfiguration,AI-based IDS,520,38797,0.776,0.6,35.3,0.392,Low
INC-02595,2023-03-09,Japan,Healthcare,Cloud-DC,Ransomware,Unknown,Weak Passwords,VPN,4212,11492,0.163,,86.4,1.746,High
INC-02596,2023-03-10,UK,IT & Telecom,Cloud-DC,Phishing,Cybercriminal,Social Engineering,Firewall,1058,6144,0.131,13.8,14.1,0.401,Low
INC-02597,2023-03-10,Russia,Finance,Banking-Core,DDoS,Hacktivist,Unpatched Software,MFA,15412,41,0.001,0.8,13.1,0.368,Low
INC-02598,2023-03-11,China,Healthcare,Cloud-DC,Credential Stuffing,Cybercriminal,Weak Passwords,VPN,36530,48544,0.748,20.2,49.8,0.762,Medium
INC-02599,2023-03-11,Germany,Finance,Cloud-DC,SQL Injection,Cybercriminal,Unpatched Software,VPN,8573,88299,1.827,2.2,63.2,0.866,Medium
INC-02600,2023-03-11,Australia,Government,Corporate-LAN,Insider Threat,Insider,Excess Privileges,Firewall,72,25585,0.716,22.2,22.2,0.475,Low
INC-02601,2023-03-11,Australia,Government,Cloud-DC,Insider Threat,Insider,Excess Privileges,Encryption,325,1431,0.034,46.2,43.8,0.717,Medium
INC-02602,2023-03-11,France,Retail,Cloud-DC,Phishing,Nation-State,Social Engineering,Firewall,766,18804,0.526,14.9,49.0,0.495,Low
INC-02603,2023-03-12,USA,Education,University-Campus,Credential Stuffing,Cybercriminal,Weak Passwords,AI-based IDS,10143,10932,0.325,0.8,34.5,0.267,Low
INC-02604,2023-03-12,USA,IT & Telecom,Cloud-DC,Zero-Day Exploit,Nation-State,Zero-Day,Firewall,2634,32393,0.352,81.7,317.0,1.299,Medium
INC-02605,2023-03-12,Brazil,Healthcare,Cloud-DC,Credential Stuffing,Unknown,Weak Passwords,Firewall,46,15121,0.189,37.4,39.3,0.448,Low
INC-02606,2023-03-13,India,Retail,Corporate-LAN,Insider Threat,Cybercriminal,Weak Passwords,MFA,975,45464,0.844,112.5,73.9,0.412,Low
INC-02607,2023-03-14,UK,Healthcare,Cloud-DC,Insider Threat,Insider,Excess Privileges,MFA,61,10537,0.177,49.9,92.2,1.086,Medium
INC-02608,2023-03-15,USA,Healthcare,Corporate-LAN,DDoS,Hacktivist,Unpatched Software,MFA,30735,160,0.005,1.9,15.7,0.378,Low
INC-02609,2023-03-16,Germany,Finance,Banking-Core,Credential Stuffing,Cybercriminal,Weak Passwords,Firewall,1986,191213,2.421,91.7,66.8,1.855,High
INC-02610,2023-03-16,UK,Finance,Cloud-DC,Credential Stuffing,Cybercriminal,Misconfiguration,Firewall,2503,17336,0.317,39.3,68.4,0.726,Medium
INC-02611,2023-03-16,Germany,Healthcare,IoT-Grid,Phishing,Cybercriminal,Social Engineering,Encryption,65,150780,2.01,,105.8,1.462,Medium
INC-02612,2023-03-16,Russia,Finance,Banking-Core,Credential Stuffing,Cybercriminal,Weak Passwords,Firewall,373,7092,0.11,103.7,77.3,0.99,Medium
INC-02613,2023-03-16,USA,Education,University-Campus,SQL Injection,Hacktivist,Misconfiguration,MFA,1688,23316,0.386,5.5,84.6,0.558,Medium
INC-02614,2023-03-16,China,Healthcare,Corporate-LAN,Phishing,Nation-State,Social Engineering,Firewall,2923,5556,0.123,52.7,63.2,1.124,Medium
INC-02615,2023-03-18,USA,Education,University-Campus,DDoS,Hacktivist,Misconfiguration,MFA,333,707,0.012,1.7,10.4,0.166,Low
INC-02616,2023-03-19,Germany,Education,University-Campus,Credential Stuffing,Cybercriminal,Misconfiguration,AI-based IDS,2061,317727,7.525,16.8,30.7,1.374,Medium
INC-02617,2023-03-20,Australia,Finance,Cloud-DC,Malware,Nation-State,Unpatched Software,Antivirus,269,77142,2.284,31.8,67.1,0.87,Medium
INC-02618,2023-03-20,Germany,Healthcare,Cloud-DC,Malware,Unknown,Unpatched Software,MFA,715,7323,0.14,7.2,26.0,0.483,Low
INC-02619,2023-03-20,UK,Finance,Cloud-DC,Credential Stuffing,Cybercriminal,Weak Passwords,AI-based IDS,1743,37780,0.549,29.1,52.1,0.92,Medium
INC-02620,2023-03-21,Germany,Finance,Banking-Core,DDoS,Cybercriminal,Unpatched Software,Encryption,18832,856,0.022,3.4,11.1,0.258,Low
INC-02621,2023-03-21,China,Energy,IoT-Grid,Ransomware,Cybercriminal,Social Engineering,Antivirus,2848,277783,6.089,4.7,97.7,4.286,High
INC-02622,2023-03-21,USA,Retail,Cloud-DC,SQL Injection,Cybercriminal,Unpatched Software,MFA,2300,8447,0.149,19.3,76.8,0.662,Medium
INC-02623,2023-03-21,Germany,Healthcare,IoT-Grid,Malware,Nation-State,Unpatched Software,Antivirus,8366,37442,0.849,57.5,77.9,1.233,Medium
INC-02624,2023-03-22,USA,Retail,Cloud-DC,Malware,Cybercriminal,Social Engineering,Firewall,7529,9435,0.275,8.6,50.1,0.61,Medium
INC-02625,2023-03-22,India,IT & Telecom,Cloud-DC,Malware,Nation-State,Unpatched Software,Encryption,3597,41447,0.842,3.8,38.2,0.614,Medium
INC-02626,2023-03-22,India,Finance,Banking-Core,DDoS,Cybercriminal,Unpatched Software,Antivirus,3989,387,0.006,0.7,3.6,0.283,Low
INC-02627,2023-03-23,USA,Government,Corporate-LAN,Ransomware,Nation-State,Unpatched Software,Firewall,3140,24686,0.678,10.3,39.1,2.449,High
INC-02628,2023-03-23,Russia,Energy,IoT-Grid,Phishing,Cybercriminal,Social Engineering,AI-based IDS,1189,114909,1.869,2.3,19.4,1.215,Medium
INC-02629,2023-03-24,Australia,Healthcare,Corporate-LAN,Insider Threat,Insider,Excess Privileges,Antivirus,215,4235,0.056,272.5,157.8,1.458,Medium
INC-02630,2023-03-24,USA,IT & Telecom,Cloud-DC,Ransomware,Unknown,Unpatched Software,Antivirus,11807,29588,0.646,7.1,55.8,2.659,High
INC-02631,2023-03-24,India,Healthcare,Corporate-LAN,Zero-Day Exploit,Nation-State,Zero-Day,VPN,3781,54347,0.617,232.4,145.5,1.836,High
INC-02632,2023-03-24,Brazil,Education,University-Campus,DDoS,Nation-State,Unpatched Software,Antivirus,2096,2288,0.026,0.5,16.2,0.193,Low
INC-02633,2023-03-25,Germany,Finance,Cloud-DC,DDoS,Hacktivist,Misconfiguration,AI-based IDS,12032,211,0.006,0.6,6.6,0.373,Low
INC-02634,2023-03-25,China,Government,Cloud-DC,SQL Injection,Hacktivist,Unpatched Software,MFA,3701,8552,0.139,40.1,71.4,0.614,Medium
INC-02635,2023-03-25,France,Retail,Cloud-DC,SQL Injection,Cybercriminal,Misconfiguration,MFA,513,206262,5.528,31.8,130.6,1.907,High
INC-02636,2023-03-26,India,IT & Telecom,Cloud-DC,Ransomware,Cybercriminal,Weak Passwords,Firewall,9018,204791,4.08,47.0,77.2,2.6,High
INC-02637,2023-03-26,China,Finance,Banking-Core,Phishing,Cybercriminal,Social Engineering,Firewall,2323,7020,0.111,16.7,73.9,0.566,Medium
INC-02638,2023-03-27,Russia,Retail,Corporate-LAN,SQL Injection,Cybercriminal,Unpatched Software,Encryption,6267,39660,1.048,10.0,15.9,0.465,Low
INC-02639,2023-03-27,Germany,Healthcare,Corporate-LAN,Malware,Cybercriminal,Unpatched Software,Antivirus,256,30662,0.824,34.7,50.3,0.778,Medium
INC-02640,2023-03-28,Brazil,Energy,IoT-Grid,Malware,Cybercriminal,Social Engineering,MFA,1213,21285,0.519,8.1,69.3,0.647,Medium
INC-02641,2023-04-02,Russia,IT & Telecom,Cloud-DC,DDoS,Hacktivist,Unpatched Software,MFA,9778,234,0.004,0.1,12.7,0.297,Low
INC-02642,2023-04-04,USA,Finance,Cloud-DC,Phishing,Unknown,Weak Passwords,Firewall,11160,3618,0.105,33.7,65.8,1.128,Medium
INC-02643,2023-04-04,UK,Finance,Banking-Core,Malware,Unknown,Social Engineering,VPN,14049,37059,0.844,14.9,37.6,0.512,Medium
INC-02644,2023-04-05,Russia,IT & Telecom,Cloud-DC,Phishing,Cybercriminal,Social Engineering,Firewall,236,23663,0.604,47.5,130.0,1.444,Medium
INC-02645,2023-04-05,China,Finance,Cloud-DC,SQL Injection,Cybercriminal,Unpatched Software,Firewall,2112,103158,1.525,13.1,37.2,0.86,Medium
INC-02646,2023-04-05,UK,IT & Telecom,Corporate-LAN,SQL Injection,Unknown,Misconfiguration,MFA,2023,109125,3.077,41.0,79.0,1.357,Medium
INC-02647,2023-04-06,France,Finance,Corporate-LAN,Malware,Nation-State,Unpatched Software,Antivirus,1523,216602,2.514,15.2,41.1,2.158,High
INC-02648,2023-04-06,Brazil,Healthcare,Corporate-LAN,Phishing,Cybercriminal,Unpatched Software,Encryption,2275,735348,17.499,101.4,66.5,6.048,Critical
INC-02649,2023-04-06,UK,IT & Telecom,Corporate-LAN,Insider Threat,Insider,Excess Privileges,VPN,385,16349,0.168,59.7,74.3,0.869,Medium
INC-02650,2023-04-07,India,Energy,IoT-Grid,Credential Stuffing,Unknown,Weak Passwords,Encryption,105,66196,0.833,18.9,51.7,0.697,Medium
INC-02651,2023-04-07,France,Energy,Corporate-LAN,Zero-Day Exploit,Nation-State,Zero-Day,Antivirus,13727,78388,1.14,128.4,106.6,1.804,High
INC-02652,2023-04-07,India,Retail,Cloud-DC,Credential Stuffing,Unknown,Weak Passwords,Encryption,6750,322496,6.662,19.5,40.6,2.758,High
INC-02653,2023-04-07,Germany,Healthcare,Cloud-DC,Malware,Cybercriminal,Unpatched Software,MFA,4744,381,0.005,7.4,12.1,0.34,Low
INC-02654,2023-04-07,UK,Retail,Corporate-LAN,SQL Injection,Hacktivist,Misconfiguration,MFA,63,263918,2.731,7.3,20.1,1.535,High
INC-02655,2023-04-07,India,Government,Corporate-LAN,Ransomware,Cybercriminal,Weak Passwords,MFA,29354,2106,0.046,2.3,41.6,1.07,Medium
INC-02656,2023-04-08,USA,Energy,Corporate-LAN,Ransomware,Cybercriminal,Unpatched Software,Firewall,12435,561821,13.34,45.5,80.8,4.359,High
INC-02657,2023-04-08,UK,Healthcare,IoT-Grid,Ransomware,Cybercriminal,Social Engineering,Firewall,126,8109,0.156,6.5,89.2,3.387,High
INC-02658,2023-04-08,Australia,Retail,Corporate-LAN,SQL Injection,Cybercriminal,Misconfiguration,Firewall,11495,517519,14.921,21.7,78.3,4.443,High
INC-02659,2023-04-08,China,Education,University-Campus,Phishing,Nation-State,Social Engineering,AI-based IDS,9699,1126,0.018,0.7,7.3,0.17,Low
INC-02660,2023-04-08,Japan,Retail,Cloud-DC,Credential Stuffing,Cybercriminal,Weak Passwords,Firewall,4905,725693,15.214,7.1,54.6,4.215,High
INC-02661,2023-04-08,China,Finance,Banking-Core,Credential Stuffing,Cybercriminal,Weak Passwords,Antivirus,23018,20330,0.254,38.2,49.4,0.728,Medium
INC-02662,2023-04-08,UK,Government,Corporate-LAN,Man-in-the-Middle,Nation-State,Misconfiguration,MFA,10857,594,0.01,76.8,79.4,1.12,Medium
INC-02663,2023-04-08,China,Finance,Banking-Core,DDoS,Hacktivist,Misconfiguration,MFA,14758,1056,0.028,3.6,9.1,0.325,Low
INC-02664,2023-04-09,UK,Healthcare,Corporate-LAN,Phishing,Cybercriminal,Social Engineering,Firewall,6175,58405,1.086,28.7,49.3,0.868,Medium
INC-02665,2023-04-09,Australia,Retail,Cloud-DC,Ransomware,Cybercriminal,Weak Passwords,Antivirus,5413,525092,7.069,5.9,528.7,6.173,Critical
INC-02666,2023-04-10,UK,Retail,Corporate-LAN,SQL Injection,Unknown,Unpatched Software,MFA,1337,5876,0.144,17.9,35.5,0.35,Low
INC-02667,2023-04-10,UK,Government,Cloud-DC,Insider Threat,Insider,Excess Privileges,Antivirus,885,55022,1.101,50.4,75.4,1.514,High
INC-02668,2023-04-11,France,Finance,Banking-Core,Malware,Unknown,Unpatched Software,MFA,5430,23086,0.388,8.9,46.3,0.724,Medium
INC-02669,2023-04-12,India,IT & Telecom,Corporate-LAN,Insider Threat,Insider,Excess Privileges,MFA,87,5464,0.147,158.2,121.3,0.843,Medium
INC-02670,2023-04-12,UK,Government,Cloud-DC,Zero-Day Exploit,Nation-State,Zero-Day,Antivirus,8209,42014,0.795,108.4,85.0,0.85,Medium
INC-02671,2023-04-13,Russia,Government,Corporate-LAN,Phishing,Cybercriminal,Social Engineering,Antivirus,3197,3298,0.093,11.1,21.8,0.382,Low
INC-02672,2023-04-14,USA,Healthcare,Cloud-DC,Ransomware,Cybercriminal,Social Engineering,Antivirus,4994,70251,0.988,8.6,260.6,3.64,High
INC-02673,2023-04-14,India,IT & Telecom,Corporate-LAN,DDoS,Hacktivist,Misconfiguration,MFA,3297,20,0.0,0.6,78.0,0.904,Medium
INC-02674,2023-04-16,Russia,Finance,Banking-Core,Malware,Nation-State,Unpatched Software,Firewall,44297,410638,6.332,66.2,57.4,3.009,High
INC-02675,2023-04-16,Australia,Finance,Cloud-DC,Ransomware,Cybercriminal,Unpatched Software,Antivirus,12507,1281048,36.392,13.4,54.4,6.225,Critical
INC-02676,2023-04-17,USA,Retail,Cloud-DC,DDoS,Hacktivist,Misconfiguration,Firewall,26830,3202,0.039,1.0,3.7,0.257,Low
INC-02677,2023-04-18,Russia,Education,University-Campus,Phishing,Unknown,Social Engineering,Encryption,678,166,0.003,19.9,31.4,0.241,Low
INC-02678,2023-04-18,Japan,Government,Corporate-LAN,Phishing,Cybercriminal,Unpatched Software,Encryption,178,76559,1.391,8.6,79.7,1.34,Medium
INC-02679,2023-04-18,China,Government,Cloud-DC,Phishing,Nation-State,Social Engineering,Antivirus,4613,4006,0.114,65.4,48.8,0.746,Medium
INC-02680,2023-04-19,China,Government,Corporate-LAN,Ransomware,Cybercriminal,Weak Passwords,Antivirus,6141,28170,0.571,4.2,165.6,1.82,High
INC-02681,2023-04-19,Japan,Finance,Cloud-DC,Phishing,Cybercriminal,Social Engineering,MFA,24,5506,0.074,11.8,38.8,0.571,Medium
INC-02682,2023-04-21,UK,Education,University-Campus,SQL Injection,Cybercriminal,Unpatched Software,Antivirus,6419,47656,0.691,57.8,53.7,0.36,Low
INC-02683,2023-04-21,UK,Education,University-Campus,Ransomware,Cybercriminal,Unpatched Software,AI-based IDS,37111,21001,0.58,2.3,41.2,1.444,Medium
INC-02684,2023-04-21,USA,Government,Corporate-LAN,DDoS,Hacktivist,Misconfiguration,Firewall,31931,863,0.009,0.4,3.5,0.354,Low
INC-02685,2023-04-22,USA,Government,Corporate-LAN,Phishing,Nation-State,Social Engineering,MFA,3379,71722,1.156,43.5,221.6,1.689,High
INC-02686,2023-04-22,India,Energy,IoT-Grid,Ransomware,Cybercriminal,Unpatched Software,Firewall,3762,45087,0.848,13.5,39.5,2.219,High
INC-02687,2023-04-22,Brazil,Education,University-Campus,Phishing,Cybercriminal,Social Engineering,MFA,560,36746,0.478,44.5,57.8,0.362,Low
INC-02688,2023-04-22,Germany,Retail,Corporate-LAN,Ransomware,Cybercriminal,Unpatched Software,Firewall,10231,138215,1.749,9.6,74.1,1.761,High
INC-02689,2023-04-23,Brazil,Retail,Cloud-DC,SQL Injection,Hacktivist,Unpatched Software,Antivirus,1529,31268,0.714,18.1,47.9,0.614,Medium
INC-02690,2023-04-23,Japan,IT & Telecom,Cloud-DC,Insider Threat,Insider,Excess Privileges,MFA,2398,94493,1.092,133.3,156.1,1.917,High
INC-02691,2023-04-23,Japan,Retail,Corporate-LAN,Credential Stuffing,Cybercriminal,Weak Passwords,Antivirus,33525,412420,11.093,78.5,155.4,2.587,High
INC-02692,2023-04-23,Japan,Education,University-Campus,Phishing,Cybercriminal,Social Engineering,Antivirus,391,79152,0.885,21.2,18.2,0.418,Low
INC-02693,2023-04-23,Russia,Healthcare,Corporate-LAN,Phishing,Cybercriminal,Unpatched Software,Antivirus,544,7404,0.204,18.2,53.5,0.462,Low
INC-02694,2023-04-24,India,Healthcare,Cloud-DC,Phishing,Cybercriminal,Social Engineering,Antivirus,1601,29189,0.3,10.1,16.8,0.6,Medium
INC-02695,2023-04-24,Brazil,Healthcare,Corporate-LAN,Ransomware,Unknown,Weak Passwords,AI-based IDS,4011,21962,0.353,4.0,163.8,3.107,High
INC-02696,2023-04-24,USA,Retail,Cloud-DC,DDoS,Hacktivist,Unpatched Software,Firewall,8443,786,0.021,0.5,4.7,0.138,Low
INC-02697,2023-04-24,Australia,Retail,Corporate-LAN,SQL Injection,Unknown,Misconfiguration,Firewall,2993,104211,2.751,21.3,22.7,0.597,Medium
INC-02698,2023-04-26,USA,Finance,Banking-Core,Ransomware,Cybercriminal,Social Engineering,AI-based IDS,2163,2420,0.058,0.6,97.0,3.895,High
INC-02699,2023-04-26,UK,Government,Corporate-LAN,Phishing,Unknown,Social Engineering,Antivirus,599,27699,0.567,12.9,51.0,0.618,Medium
INC-02700,2023-04-27,Brazil,Government,Cloud-DC,DDoS,Cybercriminal,Unpatched Software,MFA,2471,93,0.001,0.5,14.2,0.448,Low
INC-02701,2023-04-27,Germany,Government,Cloud-DC,DDoS,Cybercriminal,Misconfiguration,MFA,6641,233,0.003,0.8,13.1,0.276,Low
INC-02702,2023-04-28,China,Healthcare,Cloud-DC,Credential Stuffing,Cybercriminal,Misconfiguration,Encryption,7370,161815,1.885,40.8,42.8,1.273,Medium
INC-02703,2023-04-28,Brazil,Education,University-Campus,Phishing,Nation-State,Social Engineering,AI-based IDS,298,81916,0.933,2.4,16.3,0.403,Low
INC-02704,2023-04-28,China,Healthcare,Cloud-DC,Ransomware,Cybercriminal,Unpatched Software,MFA,2781,84334,1.465,25.3,60.1,2.375,High
INC-02705,2023-05-01,Russia,Energy,Corporate-LAN,SQL Injection,Cybercriminal,Unpatched Software,Firewall,6325,6541,0.086,42.1,60.0,0.998,Medium
INC-02706,2023-05-01,USA,Finance,Banking-Core,Man-in-the-Middle,Unknown,Misconfiguration,Encryption,443,75456,0.819,94.7,61.3,0.726,Medium
INC-02707,2023-05-01,USA,Education,Cloud-DC,Malware,Hacktivist,Unpatched Software,MFA,24240,44814,0.967,16.5,76.6,0.404,Low
INC-02708,2023-05-01,Australia,Finance,Banking-Core,Man-in-the-Middle,Hacktivist,Social Engineering,Antivirus,2160,15684,0.411,30.8,78.3,0.952,Medium
INC-02709,2023-05-02,Australia,Finance,Banking-Core,Man-in-the-Middle,Cybercriminal,Unpatched Software,Antivirus,2577,46648,0.787,36.1,40.1,0.712,Medium
INC-02710,2023-05-02,India,Energy,Corporate-LAN,Ransomware,Cybercriminal,Weak Passwords,MFA,1336,25702,0.348,11.0,124.5,2.634,High
INC-02711,2023-05-02,USA,IT & Telecom,Cloud-DC,Phishing,Cybercriminal,Social Engineering,AI-based IDS,11060,42570,1.037,15.0,17.4,0.209,Low
INC-02712,2023-05-02,UK,Finance,Cloud-DC,Credential Stuffing,Cybercriminal,Weak Passwords,AI-based IDS,3874,1145889,25.695,15.9,56.3,12.23,Critical
INC-02713,2023-05-04,Germany,Healthcare,Corporate-LAN,Phishing,Cybercriminal,Social Engineering,Firewall,779,34702,0.785,121.9,95.0,1.532,High
INC-02714,2023-05-04,USA,Retail,Cloud-DC,Phishing,Cybercriminal,Social Engineering,Firewall,957,11939,0.146,18.9,25.0,0.363,Low
INC-02715,2023-05-04,India,Healthcare,IoT-Grid,Credential Stuffing,Cybercriminal,Weak Passwords,Encryption,1177,17172,0.473,6.3,34.1,0.576,Medium
INC-02716,2023-05-04,Japan,Energy,IoT-Grid,Zero-Day Exploit,Nation-State,Zero-Day,Antivirus,1161,112590,2.825,70.6,72.8,1.325,Medium
INC-02717,2023-05-05,USA,Finance,Banking-Core,Ransomware,Cybercriminal,Social Engineering,Encryption,16831,112924,1.726,42.5,106.5,3.784,High
INC-02718,2023-05-05,Australia,Retail,Cloud-DC,Ransomware,Cybercriminal,Social Engineering,Firewall,2110,15184,0.44,12.3,110.3,1.64,High
INC-02719,2023-05-06,Russia,Finance,Banking-Core,Phishing,Cybercriminal,Weak Passwords,VPN,11643,46187,1.308,30.7,34.3,1.002,Medium
INC-02720,2023-05-06,India,Energy,IoT-Grid,Ransomware,Nation-State,Unpatched Software,MFA,12988,15606,0.221,3.4,100.8,2.619,High
INC-02721,2023-05-07,France,Government,Corporate-LAN,Man-in-the-Middle,Unknown,Misconfiguration,Firewall,3742,3347,0.063,211.8,130.3,1.069,Medium
INC-02722,2023-05-07,Germany,Finance,Banking-Core,Phishing,Cybercriminal,Social Engineering,Antivirus,2767,7559,0.208,9.7,15.7,0.28,Low
INC-02723,2023-05-07,China,Healthcare,Corporate-LAN,Phishing,Cybercriminal,Social Engineering,VPN,74257,72462,1.941,11.8,89.0,0.673,Medium
INC-02724,2023-05-08,USA,Education,University-Campus,Ransomware,Cybercriminal,Unpatched Software,MFA,6592,219215,5.191,22.0,797.2,5.493,Critical
INC-02725,2023-05-08,Russia,Energy,IoT-Grid,Ransomware,Cybercriminal,Unpatched Software,Antivirus,15933,76106,1.149,4.3,87.5,3.462,High
INC-02726,2023-05-08,Russia,IT & Telecom,Corporate-LAN,Malware,Unknown,Social Engineering,VPN,333,13053,0.334,12.9,27.6,0.407,Low
INC-02727,2023-05-08,Germany,Healthcare,Cloud-DC,DDoS,Nation-State,Unpatched Software,VPN,9995,150,0.002,0.9,8.0,0.296,Low
INC-02728,2023-05-09,Japan,Retail,Cloud-DC,Phishing,Cybercriminal,Social Engineering,MFA,628,1910,0.051,23.0,38.5,0.547,Medium
INC-02729,2023-05-09,India,Retail,Cloud-DC,Ransomware,Cybercriminal,Weak Passwords,Firewall,580,274780,7.693,30.3,178.8,2.642,High
INC-02730,2023-05-09,USA,IT & Telecom,Corporate-LAN,SQL Injection,Unknown,Unpatched Software,VPN,2307,29936,0.322,23.1,51.6,0.492,Low
INC-02731,2023-05-10,Japan,Healthcare,Cloud-DC,Insider Threat,Insider,Excess Privileges,VPN,47,19351,0.538,102.3,83.7,0.874,Medium
INC-02732,2023-05-11,France,Retail,Corporate-LAN,Phishing,,Social Engineering,MFA,3650,42943,0.693,6.9,25.7,0.794,Medium
INC-02733,2023-05-12,USA,IT & Telecom,Corporate-LAN,SQL Injection,Cybercriminal,Misconfiguration,MFA,523,11904,0.179,4.2,55.7,0.816,Medium
INC-02734,2023-05-12,USA,Government,Corporate-LAN,Zero-Day Exploit,Nation-State,Zero-Day,MFA,651,32071,0.501,147.2,189.8,1.592,High
INC-02735,2023-05-12,India,Retail,Corporate-LAN,SQL Injection,Hacktivist,Unpatched Software,AI-based IDS,21944,45652,1.352,9.7,71.2,0.961,Medium
INC-02736,2023-05-12,Russia,Government,Cloud-DC,Credential Stuffing,Cybercriminal,Weak Passwords,AI-based IDS,9265,4930,0.098,6.4,11.4,0.296,Low
INC-02737,2023-05-12,Australia,Government,Corporate-LAN,Man-in-the-Middle,Cybercriminal,Misconfiguration,AI-based IDS,3108,7985,0.114,20.2,68.2,0.495,Low
INC-02738,2023-05-13,France,Education,University-Campus,Man-in-the-Middle,Nation-State,Unpatched Software,Firewall,760,1194,0.022,,37.4,0.255,Low
INC-02739,2023-05-14,China,Retail,Corporate-LAN,SQL Injection,Cybercriminal,Unpatched Software,AI-based IDS,1815,365563,8.021,7.5,68.0,2.09,High
INC-02740,2023-05-14,France,IT & Telecom,Cloud-DC,Malware,Nation-State,Unpatched Software,Firewall,3326,40727,0.806,42.6,36.3,0.511,Medium
INC-02741,2023-05-14,China,Government,Corporate-LAN,Man-in-the-Middle,Cybercriminal,Unpatched Software,MFA,1868,32082,0.559,37.6,33.6,0.678,Medium
INC-02742,2023-05-15,India,Finance,Cloud-DC,Credential Stuffing,Cybercriminal,Weak Passwords,AI-based IDS,442,16137,0.369,5.4,39.4,0.521,Medium
INC-02743,2023-05-16,France,Retail,Cloud-DC,Malware,Cybercriminal,Social Engineering,Antivirus,9685,6333,0.121,21.3,43.6,0.526,Medium
INC-02744,2023-05-16,France,Education,University-Campus,Malware,Unknown,Social Engineering,MFA,1410,4149,0.063,13.4,34.1,0.195,Low
INC-02745,2023-05-16,Brazil,Healthcare,IoT-Grid,Malware,Cybercriminal,Social Engineering,AI-based IDS,367,24969,0.72,9.8,24.3,0.603,Medium
INC-02746,2023-05-17,Brazil,Retail,Corporate-LAN,Malware,Nation-State,Unpatched Software,Encryption,1960,240972,4.581,69.3,53.5,1.72,High
INC-02747,2023-05-17,India,Finance,Cloud-DC,SQL Injection,Cybercriminal,Unpatched Software,VPN,3250,41555,0.505,93.6,60.7,1.244,Medium
INC-02748,2023-05-18,India,Finance,Banking-Core,DDoS,Hacktivist,Misconfiguration,AI-based IDS,26018,745,0.014,0.2,15.8,0.225,Low
INC-02749,2023-05-18,India,Government,Cloud-DC,Phishing,Unknown,Social Engineering,Encryption,354,18085,0.494,69.9,56.6,0.389,Low
INC-02750,2023-05-18,Germany,Education,University-Campus,Credential Stuffing,Cybercriminal,Weak Passwords,Firewall,27368,4663,0.086,9.2,97.7,0.575,Medium
INC-02751,2023-05-18,UK,IT & Telecom,Cloud-DC,SQL Injection,Unknown,Misconfiguration,VPN,9552,14914,0.2,18.1,57.8,0.5,Medium
INC-02752,2023-05-19,France,Healthcare,Cloud-DC,Ransomware,Cybercriminal,Weak Passwords,MFA,9137,8711,0.187,25.6,134.2,2.554,High
INC-02753,2023-05-19,UK,Government,Cloud-DC,Zero-Day Exploit,Nation-State,Zero-Day,Firewall,6596,9036,0.265,55.4,69.5,0.796,Medium
INC-02754,2023-05-21,China,Healthcare,Cloud-DC,Malware,Unknown,Social Engineering,MFA,8049,5983,0.146,27.0,33.2,0.354,Low
INC-02755,2023-05-21,India,IT & Telecom,Cloud-DC,Ransomware,Cybercriminal,Social Engineering,AI-based IDS,4928,12517,0.253,1.9,52.0,1.844,High
INC-02756,2023-05-21,Brazil,Healthcare,Cloud-DC,Ransomware,Cybercriminal,Unpatched Software,MFA,3081,41248,1.109,12.2,136.1,3.204,High
INC-02757,2023-05-22,Brazil,Healthcare,IoT-Grid,Ransomware,Cybercriminal,Weak Passwords,AI-based IDS,1071,25447,0.737,7.6,33.5,2.124,High
INC-02758,2023-05-23,Australia,Government,Corporate-LAN,DDoS,Hacktivist,Unpatched Software,VPN,3664,1225,0.03,0.5,10.0,0.302,Low
INC-02759,2023-05-23,India,Education,University-Campus,Malware,Cybercriminal,Social Engineering,MFA,12451,1172,0.022,39.1,50.1,0.247,Low
INC-02760,2023-05-23,Australia,Finance,Banking-Core,Ransomware,Unknown,Social Engineering,MFA,208,19566,0.519,1.3,68.5,3.264,High
INC-02761,2023-05-24,India,Education,University-Campus,Ransomware,Cybercriminal,Unpatched Software,VPN,1423,2332,0.066,5.7,133.9,1.071,Medium
INC-02762,2023-05-24,China,Government,Cloud-DC,SQL Injection,Unknown,Misconfiguration,VPN,7668,35977,0.517,66.8,43.3,0.515,Medium
INC-02763,2023-05-25,Russia,Healthcare,Cloud-DC,Phishing,Cybercriminal,Social Engineering,Antivirus,4881,2406,0.056,12.0,34.3,0.525,Medium
INC-02764,2023-05-26,India,Government,Corporate-LAN,DDoS,Nation-State,Misconfiguration,Encryption,26024,984,0.023,0.5,15.9,0.351,Low
INC-02765,2023-05-26,Australia,Finance,Cloud-DC,DDoS,Cybercriminal,Unpatched Software,Firewall,35152,328,0.009,,26.2,0.4,Low
INC-02766,2023-05-26,Australia,IT & Telecom,Cloud-DC,Phishing,Cybercriminal,Social Engineering,Antivirus,6931,1515,0.019,29.1,29.3,0.395,Low
INC-02767,2023-05-26,USA,Government,Corporate-LAN,Ransomware,Cybercriminal,Social Engineering,AI-based IDS,3124,15047,0.295,9.0,76.3,3.215,High
INC-02768,2023-05-26,India,Education,University-Campus,DDoS,Hacktivist,Misconfiguration,Encryption,136138,5537,0.077,4.9,24.0,0.323,Low
INC-02769,2023-05-27,India,Retail,Corporate-LAN,DDoS,Cybercriminal,Misconfiguration,Antivirus,31319,265,0.007,2.3,20.8,0.405,Low
INC-02770,2023-05-28,Russia,Retail,Cloud-DC,Phishing,Cybercriminal,Social Engineering,VPN,23426,94554,2.474,27.4,34.2,0.54,Medium
INC-02771,2023-05-28,France,IT & Telecom,Cloud-DC,SQL Injection,Cybercriminal,Unpatched Software,AI-based IDS,729,66407,1.929,8.2,31.2,0.652,Medium
INC-02772,2023-06-01,UK,Retail,Corporate-LAN,SQL Injection,Cybercriminal,Unpatched Software,AI-based IDS,2587,34784,0.461,12.2,38.5,0.871,Medium
INC-02773,2023-06-01,India,Government,Cloud-DC,Zero-Day Exploit,Nation-State,Zero-Day,Firewall,3277,28823,0.526,147.3,454.9,3.671,High
INC-02774,2023-06-01,USA,Finance,Banking-Core,Ransomware,Cybercriminal,Unpatched Software,MFA,19491,16601,0.376,19.0,124.4,3.584,High
INC-02775,2023-06-01,India,Education,University-Campus,Ransomware,Cybercriminal,Social Engineering,MFA,9723,161511,3.558,4.5,243.6,2.565,High
INC-02776,2023-06-06,UK,Finance,Cloud-DC,DDoS,Nation-State,Unpatched Software,MFA,26964,695,0.015,1.4,5.4,0.275,Low
INC-02777,2023-06-07,China,Healthcare,Corporate-LAN,Ransomware,Cybercriminal,Weak Passwords,Antivirus,27814,55341,1.239,15.7,253.8,4.282,High
INC-02778,2023-06-07,UK,Healthcare,IoT-Grid,Malware,Cybercriminal,Unpatched Software,MFA,4140,942307,26.572,20.8,70.6,4.995,High
INC-02779,2023-06-07,UK,Energy,IoT-Grid,Malware,Cybercriminal,Unpatched Software,Antivirus,2502,35274,0.631,28.5,40.4,0.587,Medium
INC-02780,2023-06-07,Russia,Finance,Banking-Core,Man-in-the-Middle,Nation-State,Misconfiguration,MFA,986,111050,1.133,27.4,61.0,1.617,High
INC-02781,2023-06-08,Germany,Education,Cloud-DC,DDoS,Cybercriminal,Unpatched Software,VPN,4752,1319,0.033,3.4,10.5,0.115,Low
INC-02782,2023-06-08,Australia,Education,University-Campus,Ransomware,Cybercriminal,Social Engineering,MFA,3812,97636,1.709,37.5,172.8,1.359,Medium
INC-02783,2023-06-08,Brazil,Government,Corporate-LAN,Phishing,Hacktivist,Social Engineering,AI-based IDS,50,45291,1.276,3.7,21.8,0.477,Low
INC-02784,2023-06-08,UK,Government,Corporate-LAN,DDoS,Cybercriminal,Unpatched Software,Firewall,61280,320,0.004,0.3,4.1,0.201,Low
INC-02785,2023-06-09,USA,Retail,Cloud-DC,Credential Stuffing,Hacktivist,Weak Passwords,VPN,99,177732,4.139,28.1,124.5,1.611,High
INC-02786,2023-06-10,China,Healthcare,Corporate-LAN,Zero-Day Exploit,Unknown,Zero-Day,Firewall,6410,24340,0.265,34.2,103.7,1.268,Medium
INC-02787,2023-06-10,Germany,Retail,Corporate-LAN,SQL Injection,Cybercriminal,Misconfiguration,Firewall,8351,240577,6.567,7.7,48.5,1.447,Medium
INC-02788,2023-06-11,China,Finance,Cloud-DC,Credential Stuffing,Cybercriminal,Weak Passwords,Antivirus,6393,37883,0.492,,31.3,0.515,Medium
INC-02789,2023-06-11,Australia,Finance,Banking-Core,Man-in-the-Middle,Nation-State,Weak Passwords,Antivirus,756,1445,0.022,43.5,74.4,0.908,Medium
INC-02790,2023-06-11,France,Education,University-Campus,Phishing,Cybercriminal,Social Engineering,VPN,505,12114,0.164,39.5,45.9,0.22,Low
INC-02791,2023-06-11,Germany,Finance,Banking-Core,Ransomware,Cybercriminal,Weak Passwords,Encryption,1975,81429,1.274,4.1,43.2,3.292,High
INC-02792,2023-06-12,UK,Education,University-Campus,Phishing,Nation-State,Social Engineering,Antivirus,40,7369,0.214,20.9,21.3,0.232,Low
INC-02793,2023-06-13,Russia,Education,Cloud-DC,DDoS,Hacktivist,Unpatched Software,MFA,16677,767,0.017,7.3,32.1,0.275,Low
INC-02794,2023-06-13,China,Government,Cloud-DC,Ransomware,Cybercriminal,Weak Passwords,Antivirus,2557,1055707,26.299,3.6,110.6,6.899,Critical
INC-02795,2023-06-13,India,Education,Cloud-DC,DDoS,Hacktivist,Misconfiguration,Firewall,8656,1564,0.044,0.6,14.9,0.165,Low
INC-02796,2023-06-13,Germany,Education,University-Campus,DDoS,Cybercriminal,Misconfiguration,Antivirus,48590,209,0.005,7.1,13.7,0.271,Low
INC-02797,2023-06-13,Brazil,Finance,Banking-Core,Insider Threat,Insider,Excess Privileges,VPN,421,18834,0.298,91.6,111.4,1.843,High
INC-02798,2023-06-14,India,Education,Cloud-DC,SQL Injection,Cybercriminal,Unpatched Software,Antivirus,473,125135,2.649,,46.2,0.583,Medium
INC-02799,2023-06-14,Russia,Finance,Cloud-DC,Phishing,Cybercriminal,Social Engineering,Antivirus,3185,962,0.028,14.2,56.2,0.733,Medium
INC-02800,2023-06-14,India,Finance,Banking-Core,DDoS,Cybercriminal,Misconfiguration,MFA,18228,43,0.001,0.4,3.6,0.243,Low
INC-02801,2023-06-15,India,IT & Telecom,Cloud-DC,Phishing,Unknown,Social Engineering,AI-based IDS,450,123192,2.734,6.4,9.0,1.145,Medium
INC-02802,2023-06-15,China,IT & Telecom,Cloud-DC,Insider Threat,Insider,Misconfiguration,Encryption,388,55550,1.158,225.6,135.8,1.7,High
INC-02803,2023-06-15,UK,Finance,Banking-Core,Malware,Nation-State,Unpatched Software,VPN,11865,76207,1.967,29.3,34.5,0.588,Medium
INC-02804,2023-06-16,India,Retail,Cloud-DC,Credential Stuffing,Cybercriminal,Weak Passwords,AI-based IDS,10354,38860,1.07,24.9,68.1,0.433,Low
INC-02805,2023-06-16,Japan,Government,Corporate-LAN,Ransomware,Cybercriminal,Unpatched Software,Firewall,1565,127990,3.774,3.6,47.1,2.668,High
INC-02806,2023-06-16,France,IT & Telecom,Corporate-LAN,DDoS,Hacktivist,Misconfiguration,Firewall,39931,512,0.014,0.5,6.3,0.278,Low
INC-02807,2023-06-17,France,Finance,Banking-Core,Phishing,Cybercriminal,Weak Passwords,Encryption,20924,14492,0.296,27.6,76.9,0.769,Medium
INC-02808,2023-06-17,Japan,Government,Cloud-DC,DDoS,Cybercriminal,Misconfiguration,AI-based IDS,12871,156,0.002,0.2,8.2,0.17,Low
INC-02809,2023-06-17,Russia,IT & Telecom,Cloud-DC,DDoS,Hacktivist,Misconfiguration,Antivirus,7845,801,0.016,0.7,3.9,0.165,Low
INC-02810,2023-06-18,Brazil,Retail,Corporate-LAN,Credential Stuffing,Cybercriminal,Weak Passwords,Encryption,185,22996,0.503,56.8,76.1,0.803,Medium
INC-02811,2023-06-18,Australia,Finance,Banking-Core,Ransomware,Cybercriminal,Unpatched Software,MFA,1460,1681,0.021,32.0,77.1,3.154,High
INC-02812,2023-06-19,Brazil,Healthcare,IoT-Grid,Ransomware,Hacktivist,Weak Passwords,Firewall,107,2779,0.066,3.5,15.5,1.256,Medium
INC-02813,2023-06-19,Australia,Education,Cloud-DC,SQL Injection,Cybercriminal,Misconfiguration,Firewall,82,45513,0.815,61.3,46.4,0.437,Low
INC-02814,2023-06-19,India,Finance,Banking-Core,Phishing,Unknown,Social Engineering,Antivirus,885,5744,0.067,20.0,37.0,0.49,Low
INC-02815,2023-06-19,UK,Retail,Cloud-DC,Man-in-the-Middle,Unknown,Misconfiguration,VPN,9246,1616,0.046,87.2,49.9,0.373,Low
INC-02816,2023-06-20,Brazil,Energy,IoT-Grid,Malware,Cybercriminal,Social Engineering,MFA,3934,167107,4.976,6.5,32.1,0.89,Medium
INC-02817,2023-06-20,Japan,Education,University-Campus,DDoS,Hacktivist,Misconfiguration,Firewall,18657,55098,0.769,2.0,11.2,0.294,Low
INC-02818,2023-06-20,USA,IT & Telecom,Cloud-DC,Malware,Nation-State,Unpatched Software,Antivirus,2390,10747,0.129,5.9,44.7,0.466,Low
INC-02819,2023-06-20,Russia,Retail,Corporate-LAN,SQL Injection,Cybercriminal,Unpatched Software,MFA,14306,129434,3.691,11.4,19.2,0.755,Medium
INC-02820,2023-06-21,India,Healthcare,Corporate-LAN,DDoS,Cybercriminal,Misconfiguration,Firewall,29895,231,0.004,0.4,12.6,0.263,Low
INC-02821,2023-06-21,India,Government,Cloud-DC,Phishing,Nation-State,Social Engineering,AI-based IDS,1183,3005,0.043,1.6,28.4,0.51,Medium
INC-02822,2023-06-21,Germany,Retail,Cloud-DC,Phishing,Unknown,Social Engineering,Antivirus,3158,20001,0.212,60.6,61.7,0.802,Medium
INC-02823,2023-06-21,UK,Energy,IoT-Grid,Ransomware,Cybercriminal,Weak Passwords,Antivirus,11819,14685,0.409,1.1,94.5,2.497,High
INC-02824,2023-06-22,Japan,Energy,IoT-Grid,Zero-Day Exploit,Cybercriminal,Zero-Day,Antivirus,23243,3724,0.046,59.3,226.3,1.439,Medium
INC-02825,2023-06-23,Australia,Healthcare,Cloud-DC,Credential Stuffing,Cybercriminal,Weak Passwords,Firewall,8431,83613,1.799,33.5,33.1,0.924,Medium
INC-02826,2023-06-24,China,Education,University-Campus,Phishing,Unknown,Weak Passwords,AI-based IDS,7822,14999,0.366,15.9,23.2,0.267,Low
INC-02827,2023-06-24,Brazil,Energy,Corporate-LAN,Zero-Day Exploit,Nation-State,Zero-Day,Antivirus,33442,83035,0.945,41.1,112.7,1.578,High
INC-02828,2023-06-24,UK,Finance,Banking-Core,Phishing,Unknown,Social Engineering,Firewall,10390,101657,2.727,3.3,23.7,1.277,Medium
INC-02829,2023-06-24,China,Finance,Cloud-DC,Malware,Nation-State,Unpatched Software,AI-based IDS,1131,4369,0.12,16.2,18.7,0.698,Medium
INC-02830,2023-06-25,USA,Finance,Cloud-DC,Phishing,Cybercriminal,Social Engineering,Encryption,3222,36533,0.686,28.9,49.4,0.827,Medium
INC-02831,2023-06-25,Russia,IT & Telecom,Cloud-DC,DDoS,Hacktivist,Misconfiguration,VPN,2664,49,0.001,0.7,9.9,0.244,Low
INC-02832,2023-06-25,India,Retail,Corporate-LAN,SQL Injection,Cybercriminal,Misconfiguration,Antivirus,3168,289976,4.837,23.9,23.2,2.161,High
INC-02833,2023-06-26,Russia,Education,University-Campus,SQL Injection,Nation-State,Unpatched Software,Antivirus,4804,5725,0.122,16.7,135.8,0.485,Low
INC-02834,2023-06-26,China,Finance,Banking-Core,Malware,Cybercriminal,Unpatched Software,Firewall,11247,35303,0.998,29.5,70.4,0.873,Medium
INC-02835,2023-06-26,France,IT & Telecom,Cloud-DC,Ransomware,Cybercriminal,Weak Passwords,AI-based IDS,6436,11054,0.165,18.8,96.6,2.831,High
INC-02836,2023-06-27,India,Finance,Cloud-DC,DDoS,Nation-State,Unpatched Software,AI-based IDS,1979,260,0.006,0.5,13.9,0.487,Low
INC-02837,2023-07-01,Australia,Education,University-Campus,Ransomware,Cybercriminal,Social Engineering,Firewall,3092,64380,1.043,7.9,86.2,2.202,High
INC-02838,2023-07-01,Russia,IT & Telecom,Cloud-DC,Phishing,Cybercriminal,Weak Passwords,MFA,48152,3050,0.069,12.2,15.6,0.337,Low
INC-02839,2023-07-02,USA,Healthcare,Cloud-DC,Ransomware,Cybercriminal,Social Engineering,Antivirus,193,24344,0.689,5.3,150.5,3.789,High
INC-02840,2023-07-02,China,Healthcare,Cloud-DC,Phishing,Cybercriminal,Social Engineering,VPN,351,6186,0.137,9.3,12.3,0.359,Low
INC-02841,2023-07-02,Japan,Finance,Banking-Core,Insider Threat,Insider,Excess Privileges,Firewall,107,113807,1.454,34.9,50.2,1.365,Medium
INC-02842,2023-07-03,China,Government,Corporate-LAN,Insider Threat,Insider,Excess Privileges,AI-based IDS,245,45969,0.576,183.4,139.3,1.933,High
INC-02843,2023-07-03,Germany,Education,University-Campus,DDoS,Cybercriminal,Unpatched Software,Antivirus,886,1561,0.02,0.4,4.8,0.129,Low
INC-02844,2023-07-04,Russia,Education,University-Campus,DDoS,Hacktivist,Unpatched Software,MFA,4686,2409,0.067,0.3,8.9,0.151,Low
INC-02845,2023-07-04,France,Education,University-Campus,Zero-Day Exploit,Nation-State,Zero-Day,Firewall,37401,3578,0.079,84.2,101.7,0.512,Medium
INC-02846,2023-07-05,India,IT & Telecom,Cloud-DC,DDoS,Cybercriminal,Misconfiguration,Antivirus,9119,10332,0.168,2.9,5.1,0.254,Low
INC-02847,2023-07-05,France,IT & Telecom,Cloud-DC,DDoS,Nation-State,Misconfiguration,AI-based IDS,920,956,0.028,0.8,10.9,0.186,Low
INC-02848,2023-07-06,USA,Government,Corporate-LAN,DDoS,Hacktivist,Misconfiguration,Firewall,7894,280,0.008,0.7,7.9,0.181,Low
INC-02849,2023-07-06,Brazil,Finance,Cloud-DC,SQL Injection,Cybercriminal,Misconfiguration,AI-based IDS,4270,64759,1.479,4.0,78.6,0.878,Medium
INC-02850,2023-07-07,Brazil,Healthcare,Corporate-LAN,Phishing,Nation-State,Social Engineering,AI-based IDS,2929,1152,0.015,31.3,29.5,0.611,Medium
INC-02851,2023-07-08,China,Education,University-Campus,Phishing,Hacktivist,Social Engineering,Firewall,1324,149505,1.994,50.3,32.0,0.874,Medium
INC-02852,2023-07-09,Australia,IT & Telecom,Corporate-LAN,Phishing,Cybercriminal,Weak Passwords,Firewall,1893,6773,0.169,18.2,42.8,0.43,Low
INC-02853,2023-07-09,India,Healthcare,Cloud-DC,Ransomware,Cybercriminal,Unpatched Software,Encryption,78908,215278,6.381,29.0,212.6,3.0,High
INC-02854,2023-07-09,Australia,Finance,Banking-Core,Insider Threat,Insider,Excess Privileges,MFA,1833,253602,4.716,48.9,48.5,3.072,High
INC-02855,2023-07-09,Brazil,Education,University-Campus,Phishing,Cybercriminal,Social Engineering,AI-based IDS,110,54429,1.152,16.5,45.2,0.452,Low
INC-02856,2023-07-10,Australia,Government,Corporate-LAN,Ransomware,Cybercriminal,Weak Passwords,Antivirus,34896,15455,0.446,14.6,61.2,2.26,High
INC-02857,2023-07-10,USA,IT & Telecom,Corporate-LAN,Ransomware,Cybercriminal,Social Engineering,Encryption,851,8600,0.185,49.0,159.8,2.905,High
INC-02858,2023-07-11,India,IT & Telecom,Corporate-LAN,SQL Injection,Hacktivist,Unpatched Software,VPN,3908,41958,0.538,28.8,37.8,0.894,Medium
INC-02859,2023-07-12,UK,Education,Cloud-DC,Ransomware,Cybercriminal,Social Engineering,AI-based IDS,1291,14072,0.407,1.7,83.9,1.399,Medium
INC-02860,2023-07-12,India,Finance,Banking-Core,Phishing,Cybercriminal,Social Engineering,Firewall,10424,104589,1.691,40.9,54.9,2.057,High
INC-02861,2023-07-12,Russia,IT & Telecom,Corporate-LAN,SQL Injection,Unknown,Unpatched Software,VPN,709,104275,1.616,10.3,30.0,0.629,Medium
INC-02862,2023-07-12,France,IT & Telecom,Corporate-LAN,SQL Injection,Unknown,Misconfiguration,Encryption,18643,49033,0.703,19.6,33.5,0.841,Medium
INC-02863,2023-07-13,Australia,IT & Telecom,Cloud-DC,SQL Injection,Cybercriminal,Misconfiguration,Antivirus,15785,39744,0.684,16.8,12.7,0.278,Low
INC-02864,2023-07-14,China,Education,University-Campus,Phishing,Cybercriminal,Social Engineering,Encryption,3056,11132,0.151,29.0,57.4,0.208,Low
INC-02865,2023-07-15,USA,Finance,Cloud-DC,Ransomware,Unknown,Unpatched Software,VPN,12628,578234,7.174,15.9,100.6,5.232,Critical
INC-02866,2023-07-15,China,Healthcare,Corporate-LAN,Phishing,Cybercriminal,Social Engineering,AI-based IDS,3897,28051,0.543,5.1,72.0,0.821,Medium
INC-02867,2023-07-17,USA,IT & Telecom,Cloud-DC,Man-in-the-Middle,Nation-State,Weak Passwords,AI-based IDS,4311,21529,0.228,5.4,17.8,0.313,Low
INC-02868,2023-07-17,India,Retail,Cloud-DC,SQL Injection,Hacktivist,Misconfiguration,Antivirus,33957,16871,0.244,76.2,61.1,0.47,Low
INC-02869,2023-07-17,Australia,IT & Telecom,Corporate-LAN,Malware,Cybercriminal,Social Engineering,Encryption,13477,6550,0.087,36.6,39.2,0.553,Medium
INC-02870,2023-07-18,USA,Energy,Corporate-LAN,Phishing,Cybercriminal,Weak Passwords,MFA,2007,180339,4.433,16.3,17.7,1.174,Medium
INC-02871,2023-07-18,USA,Healthcare,Cloud-DC,Malware,Cybercriminal,Social Engineering,Antivirus,2518,18217,0.228,16.1,52.8,0.775,Medium
INC-02872,2023-07-18,UK,Retail,Cloud-DC,Credential Stuffing,Cybercriminal,Misconfiguration,Antivirus,2305,416165,4.868,25.5,60.7,1.991,High
INC-02873,2023-07-18,Brazil,Government,Corporate-LAN,Insider Threat,Insider,Excess Privileges,Antivirus,44,44060,0.694,85.1,72.3,0.736,Medium
INC-02874,2023-07-19,USA,Retail,Cloud-DC,Credential Stuffing,Cybercriminal,Weak Passwords,Firewall,749,662451,7.666,27.9,24.6,2.315,High
INC-02875,2023-07-19,USA,IT & Telecom,Cloud-DC,Insider Threat,Insider,Excess Privileges,AI-based IDS,341,65132,1.277,19.5,41.6,1.205,Medium
INC-02876,2023-07-20,Brazil,Education,University-Campus,DDoS,Nation-State,Unpatched Software,Encryption,2598,870,0.012,1.3,3.1,0.101,Low
INC-02877,2023-07-20,USA,Energy,Corporate-LAN,Malware,Nation-State,Unpatched Software,MFA,3313,135254,4.031,13.3,66.8,2.197,High
INC-02878,2023-07-20,China,Retail,Corporate-LAN,Credential Stuffing,Cybercriminal,Weak Passwords,AI-based IDS,20358,15826,0.212,22.7,82.9,0.778,Medium
INC-02879,2023-07-21,France,Energy,Corporate-LAN,Ransomware,Cybercriminal,Unpatched Software,Antivirus,384,7448,0.22,17.6,132.7,3.22,High
INC-02880,2023-07-21,China,Government,Cloud-DC,Insider Threat,Insider,Misconfiguration,Firewall,323,36536,0.485,28.3,41.9,0.734,Medium
INC-02881,2023-07-23,UK,Retail,Cloud-DC,Credential Stuffing,Cybercriminal,Weak Passwords,Firewall,10682,6649,0.196,5.2,32.0,0.671,Medium
INC-02882,2023-07-23,India,Healthcare,Cloud-DC,Ransomware,Cybercriminal,Unpatched Software,AI-based IDS,11169,35787,0.385,3.8,102.4,2.131,High
INC-02883,2023-07-23,USA,Retail,Cloud-DC,Phishing,Unknown,Unpatched Software,MFA,3831,12398,0.155,20.3,21.9,0.281,Low
INC-02884,2023-07-24,Germany,IT & Telecom,Cloud-DC,DDoS,Hacktivist,Misconfiguration,AI-based IDS,44403,2001,0.041,0.7,5.7,0.255,Low
INC-02885,2023-07-24,UK,Retail,Corporate-LAN,Insider Threat,Insider,Excess Privileges,Firewall,1772,542941,6.475,96.0,66.9,2.298,High
INC-02886,2023-07-24,UK,Energy,IoT-Grid,Ransomware,Cybercriminal,Unpatched Software,Antivirus,1422,40940,1.13,41.1,99.2,2.56,High
INC-02887,2023-07-24,Japan,Education,Cloud-DC,Malware,Cybercriminal,Unpatched Software,AI-based IDS,9610,3621,0.089,7.3,39.6,0.328,Low
INC-02888,2023-07-25,UK,Healthcare,Corporate-LAN,Phishing,Cybercriminal,Weak Passwords,MFA,2777,99863,1.996,14.5,105.8,1.604,High
INC-02889,2023-07-25,Brazil,Healthcare,Corporate-LAN,Malware,Cybercriminal,Unpatched Software,AI-based IDS,529,8347,0.157,5.6,73.8,1.066,Medium
INC-02890,2023-07-25,USA,Retail,Corporate-LAN,Credential Stuffing,Unknown,Weak Passwords,Encryption,873,185450,2.508,11.3,14.3,0.893,Medium
INC-02891,2023-07-26,India,Energy,IoT-Grid,Zero-Day Exploit,Nation-State,Zero-Day,AI-based IDS,5993,5333,0.099,11.0,72.4,1.161,Medium
INC-02892,2023-07-26,France,Finance,Banking-Core,Ransomware,Cybercriminal,Social Engineering,Firewall,2105,66992,1.894,2.0,44.0,2.46,High
INC-02893,2023-07-27,Russia,IT & Telecom,Cloud-DC,Credential Stuffing,Cybercriminal,Weak Passwords,Firewall,334,59279,1.631,4.5,36.8,0.708,Medium
INC-02894,2023-07-27,Australia,Government,Cloud-DC,Malware,Cybercriminal,Unpatched Software,AI-based IDS,2864,2668,0.031,9.5,61.5,0.541,Medium
INC-02895,2023-07-27,Germany,IT & Telecom,Cloud-DC,SQL Injection,Cybercriminal,Misconfiguration,Encryption,5556,150121,1.617,10.6,49.2,1.53,High
INC-02896,2023-07-27,Australia,Finance,Cloud-DC,SQL Injection,Cybercriminal,Misconfiguration,VPN,225,60970,1.74,25.6,39.9,0.81,Medium
INC-02897,2023-07-27,USA,Energy,Corporate-LAN,Malware,Unknown,Unpatched Software,MFA,9011,54796,1.114,11.6,60.0,0.697,Medium
INC-02898,2023-07-27,France,Retail,Cloud-DC,Ransomware,Unknown,Unpatched Software,MFA,16090,987,0.013,28.2,111.6,2.4,High
INC-02899,2023-07-28,China,IT & Telecom,Cloud-DC,Phishing,Cybercriminal,Weak Passwords,Antivirus,3833,19375,0.216,43.8,51.7,0.654,Medium
INC-02900,2023-08-01,Brazil,Retail,Cloud-DC,DDoS,Cybercriminal,Misconfiguration,AI-based IDS,2030,667,0.007,0.1,24.1,0.473,Low
INC-02901,2023-08-01,Germany,Healthcare,Cloud-DC,Zero-Day Exploit,Nation-State,Zero-Day,Firewall,53401,141256,2.224,48.6,184.2,3.891,High
INC-02902,2023-08-03,France,IT & Telecom,Cloud-DC,SQL Injection,,Unpatched Software,Encryption,1158,13336,0.155,5.4,18.6,0.35,Low
INC-02903,2023-08-04,Japan,Finance,Banking-Core,Credential Stuffing,Hacktivist,Weak Passwords,Firewall,1518,4855,0.053,26.0,21.7,0.391,Low
INC-02904,2023-08-04,USA,Healthcare,Corporate-LAN,Phishing,Cybercriminal,Social Engineering,AI-based IDS,6110,5824,0.072,24.7,97.6,0.957,Medium
INC-02905,2023-08-04,India,Healthcare,Corporate-LAN,Phishing,Cybercriminal,Social Engineering,VPN,3278,1400,0.04,5.8,24.1,0.385,Low
INC-02906,2023-08-04,USA,Government,Cloud-DC,SQL Injection,Cybercriminal,Unpatched Software,Firewall,1212,47764,0.65,7.7,53.9,0.715,Medium
INC-02907,2023-08-05,USA,Finance,Banking-Core,Credential Stuffing,Cybercriminal,Weak Passwords,Firewall,3779,62291,1.293,45.1,39.8,0.952,Medium
INC-02908,2023-08-07,UK,IT & Telecom,Cloud-DC,Ransomware,Cybercriminal,Social Engineering,Firewall,5153,5272,0.134,16.5,197.7,2.588,High
INC-02909,2023-08-07,France,IT & Telecom,Cloud-DC,Phishing,Nation-State,Social Engineering,Antivirus,636,17336,0.483,18.6,30.2,0.347,Low
INC-02910,2023-08-07,Australia,Energy,IoT-Grid,Phishing,Nation-State,Social Engineering,Firewall,3213,14802,0.385,11.2,33.1,0.841,Medium
INC-02911,2023-08-08,India,Government,Corporate-LAN,Phishing,Cybercriminal,Social Engineering,Antivirus,271,10785,0.241,35.7,43.6,0.634,Medium
INC-02912,2023-08-08,China,Retail,Cloud-DC,DDoS,Hacktivist,Misconfiguration,MFA,4514,225,0.006,0.9,5.8,0.16,Low
INC-02913,2023-08-09,India,Education,University-Campus,Ransomware,Cybercriminal,Social Engineering,VPN,969,109532,2.548,15.5,47.8,1.335,Medium
INC-02914,2023-08-09,USA,Healthcare,Cloud-DC,Ransomware,Cybercriminal,Weak Passwords,VPN,38308,10397,0.292,15.3,55.7,2.048,High
INC-02915,2023-08-09,Japan,Healthcare,IoT-Grid,Phishing,Unknown,Social Engineering,Firewall,2026,331666,9.236,4.5,5.0,1.64,High
INC-02916,2023-08-10,China,IT & Telecom,Cloud-DC,DDoS,Hacktivist,Unpatched Software,Antivirus,25743,357,0.009,0.5,2.3,0.137,Low
INC-02917,2023-08-10,USA,Retail,Corporate-LAN,Insider Threat,Insider,Excess Privileges,Encryption,230,32607,0.956,46.6,38.8,0.38,Low
INC-02918,2023-08-10,USA,Government,Corporate-LAN,Zero-Day Exploit,Unknown,Zero-Day,VPN,24359,91901,1.184,101.6,98.1,1.567,High
INC-02919,2023-08-11,Australia,Finance,Banking-Core,Phishing,Hacktivist,Weak Passwords,AI-based IDS,525,87404,0.94,2.7,9.8,1.195,Medium
INC-02920,2023-08-12,UK,Finance,Banking-Core,SQL Injection,Cybercriminal,Unpatched Software,Firewall,33457,20400,0.366,1.8,8.8,0.418,Low
INC-02921,2023-08-12,France,Retail,Corporate-LAN,Malware,Cybercriminal,Social Engineering,AI-based IDS,3918,6345,0.076,4.0,93.6,0.805,Medium
INC-02922,2023-08-12,Brazil,Government,Corporate-LAN,Zero-Day Exploit,Nation-State,Zero-Day,Firewall,5928,2665,0.045,755.0,429.4,2.48,High
INC-02923,2023-08-13,India,IT & Telecom,Cloud-DC,Ransomware,Nation-State,Social Engineering,Firewall,3181,548592,6.328,6.5,151.4,5.365,Critical
INC-02924,2023-08-14,Japan,Healthcare,Corporate-LAN,Ransomware,Nation-State,Social Engineering,AI-based IDS,4095,143930,2.212,1.7,130.9,4.256,High
INC-02925,2023-08-14,Brazil,Education,Cloud-DC,Zero-Day Exploit,Unknown,Zero-Day,Antivirus,7786,44455,1.117,45.9,132.1,0.648,Medium
INC-02926,2023-08-15,India,IT & Telecom,Cloud-DC,Malware,Unknown,Unpatched Software,Antivirus,65288,36778,0.684,46.9,72.3,1.364,Medium
INC-02927,2023-08-15,UK,Finance,Banking-Core,Credential Stuffing,Unknown,Weak Passwords,Antivirus,106607,1536,0.044,13.3,50.0,0.675,Medium
INC-02928,2023-08-15,Russia,Finance,Cloud-DC,SQL Injection,Nation-State,Misconfiguration,Firewall,551,97720,2.552,88.9,84.3,1.806,High
INC-02929,2023-08-16,UK,Retail,Corporate-LAN,Insider Threat,Insider,Excess Privileges,Encryption,6854,41745,1.129,37.0,61.8,0.63,Medium
INC-02930,2023-08-17,China,Healthcare,Corporate-LAN,Phishing,Cybercriminal,Social Engineering,Firewall,348,27811,0.477,,57.7,0.869,Medium
INC-02931,2023-08-17,UK,Healthcare,Cloud-DC,Malware,Cybercriminal,Unpatched Software,Encryption,38109,1185594,35.29,8.1,57.7,9.239,Critical
INC-02932,2023-08-17,China,Government,Corporate-LAN,DDoS,Nation-State,Unpatched Software,Firewall,9854,108,0.002,0.8,13.4,0.22,Low
INC-02933,2023-08-17,Brazil,IT & Telecom,Cloud-DC,Credential Stuffing,Hacktivist,Weak Passwords,Firewall,4198,59941,1.161,16.9,95.6,0.906,Medium
INC-02934,2023-08-18,Brazil,Energy,IoT-Grid,Malware,Unknown,Unpatched Software,AI-based IDS,2191,17655,0.209,1.0,15.9,0.359,Low
INC-02935,2023-08-18,Japan,Finance,Banking-Core,Malware,Cybercriminal,Unpatched Software,AI-based IDS,12471,116551,3.157,6.5,48.9,1.435,Medium
INC-02936,2023-08-18,France,Healthcare,Corporate-LAN,Phishing,Cybercriminal,Social Engineering,MFA,1908,3970,0.069,21.7,30.6,0.429,Low
INC-02937,2023-08-18,Australia,IT & Telecom,Cloud-DC,Insider Threat,Insider,Excess Privileges,Antivirus,307,31909,0.345,44.8,131.2,1.044,Medium
INC-02938,2023-08-18,India,Government,Corporate-LAN,Malware,Nation-State,Unpatched Software,Encryption,4085,21874,0.245,28.9,49.0,0.455,Low
INC-02939,2023-08-19,USA,Education,University-Campus,Phishing,Nation-State,Social Engineering,Firewall,1482,14745,0.181,2.7,14.3,0.227,Low
INC-02940,2023-08-19,USA,Healthcare,IoT-Grid,DDoS,Cybercriminal,Misconfiguration,Encryption,24331,1844,0.024,0.7,19.6,0.501,Medium
INC-02941,2023-08-19,USA,Retail,Cloud-DC,Ransomware,Unknown,Unpatched Software,Encryption,27495,43160,1.053,7.1,30.4,1.506,High
INC-02942,2023-08-20,India,Healthcare,Corporate-LAN,Ransomware,Cybercriminal,Unpatched Software,Firewall,8818,1203194,27.957,9.3,96.3,11.253,Critical
INC-02943,2023-08-20,Germany,Finance,Cloud-DC,Phishing,Nation-State,Unpatched Software,MFA,3794,37972,0.906,6.5,22.0,0.803,Medium
INC-02944,2023-08-21,USA,IT & Telecom,Cloud-DC,SQL Injection,Cybercriminal,Misconfiguration,Encryption,992,1417,0.037,11.1,76.5,0.723,Medium
INC-02945,2023-08-21,USA,Retail,Corporate-LAN,SQL Injection,Unknown,Misconfiguration,MFA,2217,1808716,52.979,7.9,15.7,11.22,Critical
INC-02946,2023-08-22,USA,Finance,Banking-Core,Phishing,Nation-State,Weak Passwords,Firewall,103,17422,0.465,55.5,68.1,1.008,Medium
INC-02947,2023-08-24,Germany,Energy,IoT-Grid,Ransomware,Unknown,Social Engineering,VPN,20868,10644,0.205,22.8,73.8,2.597,High
INC-02948,2023-08-25,Brazil,Education,University-Campus,SQL Injection,Cybercriminal,Misconfiguration,Antivirus,3382,182835,3.359,112.2,147.7,1.774,High
INC-02949,2023-08-25,Japan,Finance,Corporate-LAN,Credential Stuffing,Cybercriminal,Weak Passwords,Antivirus,2570,92767,1.121,26.7,67.4,0.615,Medium
INC-02950,2023-08-25,Australia,Finance,Banking-Core,Phishing,Cybercriminal,Weak Passwords,MFA,318,2591,0.061,26.0,37.0,0.778,Medium
INC-02951,2023-08-26,Germany,Retail,Cloud-DC,SQL Injection,Hacktivist,Misconfiguration,MFA,7214,50051,0.556,28.9,56.1,0.598,Medium
INC-02952,2023-08-27,Australia,Finance,Banking-Core,SQL Injection,Cybercriminal,Misconfiguration,Firewall,44763,123711,1.907,33.0,140.0,1.676,High
INC-02953,2023-08-27,USA,Government,Corporate-LAN,Phishing,Cybercriminal,Unpatched Software,Antivirus,325,67218,1.388,14.1,17.3,0.638,Medium
INC-02954,2023-08-27,Russia,Energy,Corporate-LAN,Ransomware,Cybercriminal,Unpatched Software,Firewall,5638,7725,0.152,7.2,75.4,2.298,High
INC-02955,2023-08-27,Russia,Finance,Banking-Core,Credential Stuffing,Cybercriminal,Weak Passwords,Antivirus,4337,274748,3.407,88.1,142.4,3.07,High
INC-02956,2023-09-01,USA,Energy,Corporate-LAN,Phishing,Cybercriminal,Weak Passwords,Antivirus,423,4713,0.115,86.7,75.3,0.796,Medium
INC-02957,2023-09-02,UK,Finance,Corporate-LAN,Credential Stuffing,Cybercriminal,Weak Passwords,AI-based IDS,22369,43639,0.6,30.4,109.6,1.071,Medium
INC-02958,2023-09-02,China,Finance,Banking-Core,Man-in-the-Middle,Nation-State,Misconfiguration,Antivirus,1111,13524,0.346,17.3,44.3,0.531,Medium
INC-02959,2023-09-03,USA,Healthcare,IoT-Grid,Ransomware,Cybercriminal,Weak Passwords,Encryption,5096,108579,1.609,14.8,96.5,2.821,High
INC-02960,2023-09-03,France,Healthcare,Corporate-LAN,Phishing,Cybercriminal,Social Engineering,AI-based IDS,5165,4783,0.093,16.4,24.3,0.632,Medium
INC-02961,2023-09-03,Germany,Education,University-Campus,DDoS,Unknown,Unpatched Software,Antivirus,6498,36,0.001,0.7,13.6,0.152,Low
INC-02962,2023-09-04,India,Healthcare,IoT-Grid,Ransomware,Cybercriminal,Unpatched Software,Firewall,427,63546,0.932,5.1,81.2,2.567,High
INC-02963,2023-09-04,Brazil,Government,Cloud-DC,DDoS,Nation-State,Misconfiguration,Firewall,10360,71,0.001,0.4,7.1,0.229,Low
INC-02964,2023-09-05,USA,Finance,Banking-Core,SQL Injection,Cybercriminal,Unpatched Software,Firewall,18187,79893,1.125,47.4,34.6,0.87,Medium
INC-02965,2023-09-06,UK,IT & Telecom,Cloud-DC,Phishing,Cybercriminal,Social Engineering,Firewall,728,736016,8.549,34.2,66.0,4.447,High
INC-02966,2023-09-06,USA,Education,University-Campus,Phishing,Cybercriminal,Social Engineering,Antivirus,34,367979,6.629,15.9,72.2,1.464,Medium
INC-02967,2023-09-06,USA,Finance,Banking-Core,SQL Injection,Cybercriminal,Misconfiguration,MFA,19686,148177,1.554,40.2,52.9,1.425,Medium
INC-02968,2023-09-06,USA,Education,University-Campus,Malware,Cybercriminal,Unpatched Software,AI-based IDS,6846,33293,0.448,11.2,14.9,0.162,Low
INC-02969,2023-09-06,Japan,Government,Cloud-DC,Insider Threat,Insider,Excess Privileges,VPN,357,137243,2.633,18.0,49.2,0.878,Medium
INC-02970,2023-09-07,USA,Retail,Cloud-DC,Phishing,Nation-State,Social Engineering,Encryption,653,767379,17.402,2.5,29.8,4.651,High
INC-02971,2023-09-07,Germany,Finance,Cloud-DC,Credential Stuffing,Cybercriminal,Weak Passwords,AI-based IDS,3146,15714,0.463,2.6,51.4,0.427,Low
INC-02972,2023-09-08,Russia,Healthcare,Corporate-LAN,Malware,Cybercriminal,Unpatched Software,Antivirus,1450,3462,0.103,22.4,41.5,0.855,Medium
INC-02973,2023-09-08,India,Healthcare,IoT-Grid,Phishing,Cybercriminal,Weak Passwords,Firewall,6780,167161,4.197,4.9,35.5,1.313,Medium
INC-02974,2023-09-09,USA,Finance,Banking-Core,Malware,Unknown,Social Engineering,Antivirus,777,4171,0.104,41.6,75.2,1.271,Medium
INC-02975,2023-09-09,Brazil,Energy,Corporate-LAN,Zero-Day Exploit,Nation-State,Zero-Day,Antivirus,7456,6344,0.157,25.0,106.2,1.842,High
INC-02976,2023-09-09,Germany,Government,Corporate-LAN,SQL Injection,Cybercriminal,Unpatched Software,Antivirus,3222,66900,1.752,21.8,31.3,1.07,Medium
INC-02977,2023-09-09,Brazil,Retail,Cloud-DC,SQL Injection,Cybercriminal,Unpatched Software,Antivirus,3162,157371,4.396,62.6,93.7,0.945,Medium
INC-02978,2023-09-10,USA,Healthcare,Cloud-DC,Man-in-the-Middle,Cybercriminal,Misconfiguration,Antivirus,1875,12702,0.344,29.2,70.5,1.046,Medium
INC-02979,2023-09-10,India,Finance,Cloud-DC,Credential Stuffing,Nation-State,Weak Passwords,Firewall,188,57921,1.645,2.6,65.0,0.784,Medium
INC-02980,2023-09-10,Brazil,IT & Telecom,Corporate-LAN,Credential Stuffing,Cybercriminal,Weak Passwords,AI-based IDS,4126,7349,0.138,25.7,37.3,0.587,Medium
INC-02981,2023-09-11,India,Government,Corporate-LAN,Zero-Day Exploit,Cybercriminal,Zero-Day,MFA,226,21408,0.637,96.9,80.2,0.564,Medium
INC-02982,2023-09-12,USA,Finance,Cloud-DC,Man-in-the-Middle,Nation-State,Weak Passwords,AI-based IDS,419,26659,0.487,1.8,52.1,0.992,Medium
INC-02983,2023-09-12,USA,Finance,Cloud-DC,Ransomware,Unknown,Social Engineering,AI-based IDS,106671,3740547,38.102,4.5,99.1,39.569,Critical
INC-02984,2023-09-12,India,Education,University-Campus,Phishing,Cybercriminal,Social Engineering,AI-based IDS,11259,2562,0.034,1.9,23.9,0.17,Low
INC-02985,2023-09-13,India,Healthcare,Corporate-LAN,Ransomware,Cybercriminal,Unpatched Software,VPN,1805,12944,0.359,33.5,129.3,3.256,High
INC-02986,2023-09-13,Germany,Finance,Banking-Core,Credential Stuffing,Cybercriminal,Weak Passwords,Antivirus,5381,40558,0.671,149.1,123.6,1.924,High
INC-02987,2023-09-14,India,Healthcare,Corporate-LAN,Phishing,Cybercriminal,Social Engineering,Antivirus,22789,79009,1.589,7.7,12.2,0.961,Medium
INC-02988,2023-09-15,Russia,Energy,IoT-Grid,Zero-Day Exploit,Nation-State,Zero-Day,Firewall,17341,7807,0.154,144.7,102.1,0.869,Medium
INC-02989,2023-09-15,Russia,IT & Telecom,Corporate-LAN,SQL Injection,Cybercriminal,Misconfiguration,AI-based IDS,381,316885,8.86,2.1,52.4,1.96,High
INC-02990,2023-09-15,USA,Education,University-Campus,Phishing,Unknown,Social Engineering,Antivirus,1778,9254,0.097,62.1,64.5,0.313,Low
INC-02991,2023-09-16,Japan,Finance,Banking-Core,Credential Stuffing,Cybercriminal,Weak Passwords,VPN,22217,4879,0.082,7.7,27.5,0.689,Medium
INC-02992,2023-09-16,Japan,Energy,IoT-Grid,DDoS,Hacktivist,Misconfiguration,Antivirus,2980,2303,0.063,0.3,6.1,0.329,Low
INC-02993,2023-09-16,China,Retail,Corporate-LAN,SQL Injection,Hacktivist,Unpatched Software,Firewall,2258,7654,0.21,15.1,99.2,0.555,Medium
INC-02994,2023-09-16,France,Education,University-Campus,Ransomware,Cybercriminal,Social Engineering,MFA,5578,20804,0.539,6.6,132.6,1.428,Medium
INC-02995,2023-09-16,China,IT & Telecom,Corporate-LAN,Credential Stuffing,Cybercriminal,Weak Passwords,Antivirus,57446,13420,0.237,4.0,66.4,0.543,Medium
INC-02996,2023-09-16,USA,Finance,Cloud-DC,Ransomware,Cybercriminal,Social Engineering,VPN,14750,23588,0.308,5.2,64.7,2.918,High
INC-02997,2023-09-16,Australia,Finance,Banking-Core,Phishing,Nation-State,Weak Passwords,AI-based IDS,8541,78349,2.047,25.4,61.1,0.983,Medium
INC-02998,2023-09-18,India,Retail,Cloud-DC,Credential Stuffing,Unknown,Weak Passwords,Encryption,18748,24564,0.583,,20.2,0.579,Medium
INC-02999,2023-09-18,USA,Healthcare,IoT-Grid,Ransomware,Cybercriminal,Unpatched Software,AI-based IDS,1246,15335,0.339,7.8,226.6,7.928,Critical
INC-03000,2023-09-18,USA,Finance,Banking-Core,Man-in-the-Middle,Nation-State,Misconfiguration,Encryption,1340,23093,0.293,23.5,40.2,0.571,Medium
INC-03001,2023-09-18,UK,Retail,Cloud-DC,SQL Injection,Cybercriminal,Misconfiguration,AI-based IDS,425,99091,2.949,22.3,32.9,0.514,Medium
INC-03002,2023-09-18,Australia,Finance,Banking-Core,DDoS,Nation-State,Misconfiguration,VPN,2167,65,0.001,0.9,7.3,0.249,Low
INC-03003,2023-09-18,Russia,Government,Corporate-LAN,Man-in-the-Middle,Cybercriminal,Misconfiguration,Encryption,3883,101507,2.308,50.2,55.4,0.757,Medium
INC-03004,2023-09-19,France,Finance,Banking-Core,Ransomware,Cybercriminal,Social Engineering,MFA,418,69914,0.93,26.6,60.6,3.325,High
INC-03005,2023-09-19,Germany,Energy,IoT-Grid,Malware,Unknown,Social Engineering,Antivirus,26145,32432,0.467,34.3,54.1,0.694,Medium
INC-03006,2023-09-19,Australia,Energy,IoT-Grid,Ransomware,Cybercriminal,Social Engineering,MFA,113579,37926,0.903,9.1,46.8,4.568,High
INC-03007,2023-09-19,UK,Finance,Cloud-DC,DDoS,Nation-State,Misconfiguration,Encryption,28815,2451,0.066,0.6,15.3,0.534,Medium
INC-03008,2023-09-20,Germany,Finance,Cloud-DC,DDoS,Cybercriminal,Misconfiguration,Antivirus,29241,9309,0.155,6.1,33.8,0.681,Medium
INC-03009,2023-09-20,USA,Healthcare,IoT-Grid,Phishing,Cybercriminal,Weak Passwords,Antivirus,5931,71736,1.35,11.9,31.7,0.81,Medium
INC-03010,2023-09-20,France,Education,University-Campus,SQL Injection,Cybercriminal,Unpatched Software,Antivirus,4028,37068,0.689,44.7,41.2,0.287,Low
INC-03011,2023-09-21,Australia,Retail,Corporate-LAN,Ransomware,Cybercriminal,Unpatched Software,AI-based IDS,32614,3307,0.078,1.7,85.6,1.854,High
INC-03012,2023-09-22,UK,Government,Cloud-DC,Credential Stuffing,Cybercriminal,Weak Passwords,Firewall,1327,225196,4.768,109.3,136.0,2.855,High
INC-03013,2023-09-22,USA,Energy,IoT-Grid,Ransomware,Cybercriminal,Social Engineering,Encryption,534,6653,0.185,9.9,120.4,3.322,High
INC-03014,2023-09-23,USA,Government,Corporate-LAN,Man-in-the-Middle,Cybercriminal,Misconfiguration,AI-based IDS,16443,209242,4.29,39.8,79.1,1.21,Medium
INC-03015,2023-09-23,USA,Government,Corporate-LAN,Ransomware,Unknown,Weak Passwords,MFA,34176,85055,0.936,4.6,67.9,2.028,High
INC-03016,2023-09-23,Australia,Retail,Cloud-DC,SQL Injection,Cybercriminal,Unpatched Software,Firewall,2218,47867,1.429,21.7,46.3,0.773,Medium
INC-03017,2023-09-24,Russia,Healthcare,Cloud-DC,DDoS,Hacktivist,Misconfiguration,Encryption,1059,155,0.004,0.3,25.8,0.342,Low
INC-03018,2023-09-24,India,Retail,Corporate-LAN,Ransomware,Cybercriminal,Social Engineering,Firewall,1810,79273,1.158,3.5,148.7,2.892,High
INC-03019,2023-09-24,Brazil,Healthcare,Corporate-LAN,Phishing,Cybercriminal,Social Engineering,MFA,3853,154312,2.379,,53.1,1.484,Medium
INC-03020,2023-09-24,Brazil,Healthcare,IoT-Grid,Ransomware,Cybercriminal,Weak Passwords,MFA,7350,121596,2.763,13.2,28.2,3.513,High
INC-03021,2023-09-25,Germany,Education,University-Campus,Phishing,Unknown,Weak Passwords,Antivirus,2198,34390,0.74,31.6,26.5,0.249,Low
INC-03022,2023-09-25,USA,Healthcare,Corporate-LAN,Ransomware,Cybercriminal,Social Engineering,VPN,368,85685,2.229,17.0,115.4,2.184,High
INC-03023,2023-09-25,China,Government,Cloud-DC,DDoS,Hacktivist,Unpatched Software,MFA,9210,1422,0.039,1.0,19.5,0.362,Low
INC-03024,2023-09-26,USA,IT & Telecom,Cloud-DC,SQL Injection,Cybercriminal,Unpatched Software,Encryption,14709,513312,5.856,34.3,36.3,1.421,Medium
INC-03025,2023-09-27,Germany,Energy,IoT-Grid,Malware,Cybercriminal,Social Engineering,Encryption,16166,32916,0.587,18.9,57.5,1.053,Medium
INC-03026,2023-09-27,Germany,Healthcare,Cloud-DC,Ransomware,Cybercriminal,Unpatched Software,MFA,893,166657,3.615,6.7,108.7,2.167,High
INC-03027,2023-09-28,India,Government,Corporate-LAN,Phishing,Cybercriminal,Social Engineering,MFA,737,18859,0.286,17.6,30.8,0.354,Low
INC-03028,2023-10-01,UK,Retail,Cloud-DC,Credential Stuffing,Cybercriminal,Misconfiguration,AI-based IDS,680,4314,0.087,12.1,23.9,0.27,Low
INC-03029,2023-10-01,Germany,Energy,Corporate-LAN,DDoS,Cybercriminal,Unpatched Software,MFA,2250,276,0.008,0.6,18.5,0.305,Low
INC-03030,2023-10-02,USA,Retail,Corporate-LAN,Insider Threat,Insider,Excess Privileges,AI-based IDS,171,1798575,39.37,10.7,47.3,8.815,Critical
INC-03031,2023-10-02,Australia,Healthcare,IoT-Grid,DDoS,Hacktivist,Unpatched Software,MFA,3822,108,0.003,0.3,6.6,0.207,Low
INC-03032,2023-10-02,Japan,Finance,Cloud-DC,Credential Stuffing,Unknown,Weak Passwords,Antivirus,2548,59723,0.682,2.4,23.7,0.915,Medium
INC-03033,2023-10-02,China,Retail,Corporate-LAN,Ransomware,Cybercriminal,Unpatched Software,MFA,198,91933,1.813,9.3,62.6,2.379,High
INC-03034,2023-10-03,India,Government,Corporate-LAN,Ransomware,Cybercriminal,Weak Passwords,Encryption,580,9223,0.193,5.6,78.5,1.766,High
INC-03035,2023-10-03,Brazil,Government,Cloud-DC,Phishing,Cybercriminal,Social Engineering,MFA,148,45382,1.079,20.1,75.0,0.854,Medium
INC-03036,2023-10-03,UK,Healthcare,IoT-Grid,Ransomware,Unknown,Unpatched Software,MFA,7651,7198,0.164,26.9,82.6,1.975,High
INC-03037,2023-10-03,USA,Finance,Banking-Core,SQL Injection,Cybercriminal,Misconfiguration,Antivirus,1152,9626,0.198,17.0,40.1,0.638,Medium
INC-03038,2023-10-04,India,Energy,IoT-Grid,Phishing,Cybercriminal,Social Engineering,Antivirus,455,2591,0.051,16.7,39.3,0.583,Medium
INC-03039,2023-10-04,China,Finance,Banking-Core,Credential Stuffing,Cybercriminal,Weak Passwords,VPN,24354,32289,0.792,27.7,50.7,0.881,Medium
INC-03040,2023-10-05,Brazil,Healthcare,Corporate-LAN,Insider Threat,Insider,Misconfiguration,Antivirus,589,110124,1.253,85.1,229.2,3.151,High
INC-03041,2023-10-05,China,Retail,Corporate-LAN,Phishing,Cybercriminal,Social Engineering,VPN,3679,5862,0.153,20.4,24.1,0.285,Low
INC-03042,2023-10-05,USA,IT & Telecom,Cloud-DC,Man-in-the-Middle,Cybercriminal,Misconfiguration,MFA,2602,74793,1.598,10.2,71.2,0.589,Medium
INC-03043,2023-10-06,Japan,Education,University-Campus,SQL Injection,Hacktivist,Unpatched Software,AI-based IDS,400,183533,3.426,3.6,88.0,0.766,Medium
INC-03044,2023-10-06,India,IT & Telecom,Corporate-LAN,Ransomware,Cybercriminal,Unpatched Software,AI-based IDS,811,8969,0.185,3.6,146.8,1.99,High
INC-03045,2023-10-06,Brazil,Energy,IoT-Grid,Phishing,Cybercriminal,Social Engineering,AI-based IDS,15210,30042,0.617,21.6,67.9,0.725,Medium
INC-03046,2023-10-07,Brazil,IT & Telecom,Cloud-DC,Ransomware,Cybercriminal,Weak Passwords,AI-based IDS,9382,385,0.009,4.8,53.7,1.935,High
INC-03047,2023-10-07,USA,Government,Corporate-LAN,DDoS,Cybercriminal,Misconfiguration,Antivirus,59237,201,0.005,1.2,4.2,0.213,Low
INC-03048,2023-10-08,USA,Healthcare,Corporate-LAN,Ransomware,Cybercriminal,Unpatched Software,MFA,1374,6512,0.124,5.8,105.8,2.158,High
INC-03049,2023-10-08,Russia,IT & Telecom,Corporate-LAN,DDoS,Hacktivist,Unpatched Software,Firewall,3948,1573,0.03,0.5,27.8,0.312,Low
INC-03050,2023-10-08,China,Finance,Corporate-LAN,DDoS,Hacktivist,Misconfiguration,Encryption,12873,1919,0.029,1.3,7.7,0.277,Low
INC-03051,2023-10-09,UK,Healthcare,Cloud-DC,Phishing,Unknown,Weak Passwords,Firewall,4845,94274,1.7,18.2,73.1,1.192,Medium
INC-03052,2023-10-09,India,Education,University-Campus,Ransomware,Cybercriminal,Unpatched Software,AI-based IDS,1580,8922,0.265,12.8,27.9,1.129,Medium
INC-03053,2023-10-09,India,IT & Telecom,Corporate-LAN,Malware,Unknown,Unpatched Software,Antivirus,1112,3430,0.094,88.4,47.5,0.519,Medium
INC-03054,2023-10-10,India,Finance,Banking-Core,SQL Injection,Cybercriminal,Unpatched Software,Encryption,1550,513910,7.861,33.6,60.4,5.654,Critical
INC-03055,2023-10-10,Japan,Finance,Banking-Core,Credential Stuffing,Cybercriminal,Weak Passwords,Antivirus,749,142541,3.363,23.1,66.2,1.511,High
INC-03056,2023-10-11,India,Government,Cloud-DC,Phishing,Hacktivist,Social Engineering,MFA,441,57076,1.665,13.7,29.9,0.691,Medium
INC-03057,2023-10-11,China,Healthcare,Cloud-DC,Ransomware,Cybercriminal,Unpatched Software,Encryption,3714,29875,0.695,3.6,37.9,1.994,High
INC-03058,2023-10-12,USA,Finance,Cloud-DC,Credential Stuffing,Cybercriminal,Weak Passwords,Antivirus,7713,87407,2.541,7.5,95.9,1.498,Medium
INC-03059,2023-10-12,India,IT & Telecom,Cloud-DC,Malware,Unknown,Unpatched Software,VPN,46476,193229,3.741,53.9,49.2,1.178,Medium
INC-03060,2023-10-12,UK,Healthcare,Corporate-LAN,Phishing,Nation-State,Social Engineering,Encryption,1094,15021,0.169,73.9,50.8,0.595,Medium
INC-03061,2023-10-12,Japan,Retail,Cloud-DC,DDoS,Hacktivist,Misconfiguration,Encryption,2400,67,0.001,0.2,12.5,0.192,Low
INC-03062,2023-10-12,India,Finance,Banking-Core,SQL Injection,Cybercriminal,Unpatched Software,AI-based IDS,767,77578,1.182,14.8,31.8,0.974,Medium
INC-03063,2023-10-13,UK,Finance,Banking-Core,Insider Threat,Insider,Misconfiguration,Antivirus,147,33325,0.498,104.9,95.8,0.95,Medium
INC-03064,2023-10-13,Germany,Government,Corporate-LAN,Man-in-the-Middle,Unknown,Unpatched Software,MFA,29011,6180,0.091,51.7,77.8,0.795,Medium
INC-03065,2023-10-14,China,Retail,Cloud-DC,Credential Stuffing,Unknown,Weak Passwords,VPN,36063,5056,0.137,56.3,47.2,0.27,Low
INC-03066,2023-10-15,USA,IT & Telecom,Cloud-DC,DDoS,Nation-State,Misconfiguration,Firewall,37786,30,0.001,1.3,26.7,0.33,Low
INC-03067,2023-10-15,UK,Finance,Banking-Core,SQL Injection,Nation-State,Misconfiguration,Firewall,3402,62120,0.843,18.2,82.4,1.308,Medium
INC-03068,2023-10-15,USA,Education,University-Campus,Malware,Cybercriminal,Unpatched Software,MFA,878,73227,1.173,32.9,40.2,0.485,Low
INC-03069,2023-10-16,USA,Healthcare,IoT-Grid,Phishing,Unknown,Social Engineering,VPN,1351,91780,2.616,20.9,82.8,1.473,Medium
INC-03070,2023-10-16,Australia,Finance,Cloud-DC,Zero-Day Exploit,Nation-State,Zero-Day,AI-based IDS,19271,73020,2.006,17.3,100.4,1.013,Medium
INC-03071,2023-10-16,USA,Education,University-Campus,Phishing,Cybercriminal,Social Engineering,Encryption,2522,7977,0.169,5.6,30.3,0.286,Low
INC-03072,2023-10-16,Australia,Retail,Corporate-LAN,Phishing,Cybercriminal,Unpatched Software,VPN,33332,25214,0.712,20.4,47.2,0.501,Medium
INC-03073,2023-10-17,USA,Retail,Corporate-LAN,Ransomware,Cybercriminal,Weak Passwords,Encryption,9050,4453,0.063,4.4,100.9,3.113,High
INC-03074,2023-10-17,Brazil,Retail,Corporate-LAN,SQL Injection,Cybercriminal,Misconfiguration,MFA,2438,432955,4.959,22.7,50.1,2.18,High
INC-03075,2023-10-17,France,Government,Cloud-DC,Phishing,Cybercriminal,Social Engineering,Antivirus,4463,399139,7.998,6.2,14.2,1.763,High
INC-03076,2023-10-17,India,Education,University-Campus,Malware,Cybercriminal,Unpatched Software,Antivirus,3719,518670,13.826,7.4,34.0,0.868,Medium
INC-03077,2023-10-18,USA,Finance,Banking-Core,Malware,Cybercriminal,Social Engineering,Firewall,1102,1057,0.015,4.0,39.4,0.473,Low
INC-03078,2023-10-18,USA,Healthcare,IoT-Grid,Malware,Cybercriminal,Unpatched Software,AI-based IDS,153,47586,0.827,6.9,55.7,0.735,Medium
INC-03079,2023-10-19,France,IT & Telecom,Cloud-DC,Man-in-the-Middle,Cybercriminal,Unpatched Software,AI-based IDS,2821,63751,1.1,4.5,55.0,1.034,Medium
INC-03080,2023-10-20,USA,Healthcare,Cloud-DC,Ransomware,Cybercriminal,Unpatched Software,Firewall,1418,38070,0.938,11.7,260.7,5.277,Critical
INC-03081,2023-10-20,Russia,Finance,Corporate-LAN,DDoS,Cybercriminal,Misconfiguration,VPN,33458,2557,0.074,1.1,10.1,0.34,Low
INC-03082,2023-10-20,Australia,Education,University-Campus,Man-in-the-Middle,Cybercriminal,Misconfiguration,MFA,504,1669,0.048,56.3,62.3,0.333,Low
INC-03083,2023-10-20,France,Education,Cloud-DC,DDoS,Hacktivist,Misconfiguration,Firewall,1218,130,0.002,0.7,5.3,0.128,Low
INC-03084,2023-10-20,UK,Finance,Cloud-DC,SQL Injection,Cybercriminal,Unpatched Software,Antivirus,14673,134035,2.175,11.2,36.7,1.462,Medium
INC-03085,2023-10-20,UK,Education,University-Campus,DDoS,Hacktivist,Misconfiguration,Firewall,30648,490,0.012,0.9,5.3,0.171,Low
INC-03086,2023-10-21,Russia,IT & Telecom,Cloud-DC,Malware,Cybercriminal,Unpatched Software,AI-based IDS,2521,12121,0.162,5.3,22.4,0.363,Low
INC-03087,2023-10-21,UK,Finance,Cloud-DC,Man-in-the-Middle,Unknown,Misconfiguration,Firewall,10172,241866,5.936,27.5,177.7,3.403,High
INC-03088,2023-10-21,China,Healthcare,Cloud-DC,Ransomware,Cybercriminal,Unpatched Software,Firewall,3149,106840,2.344,3.4,92.3,3.182,High
INC-03089,2023-10-21,India,Government,Corporate-LAN,DDoS,Cybercriminal,Misconfiguration,Encryption,9727,168,0.004,0.5,7.4,0.197,Low
INC-03090,2023-10-21,Germany,Finance,Cloud-DC,Ransomware,Cybercriminal,Social Engineering,MFA,416,177522,2.517,9.5,233.0,4.552,High
INC-03091,2023-10-22,Germany,Healthcare,Corporate-LAN,DDoS,Hacktivist,Misconfiguration,Encryption,430,77,0.001,1.6,7.8,0.282,Low
INC-03092,2023-10-22,USA,Finance,Banking-Core,Ransomware,Cybercriminal,Unpatched Software,Antivirus,8503,110958,3.227,9.0,30.8,2.495,High
INC-03093,2023-10-22,Brazil,Finance,Banking-Core,Zero-Day Exploit,Nation-State,Zero-Day,MFA,11824,16257,0.427,61.6,158.0,1.33,Medium
INC-03094,2023-10-22,India,Healthcare,IoT-Grid,Ransomware,Cybercriminal,Unpatched Software,Antivirus,5315,24949,0.643,11.2,47.5,1.953,High
INC-03095,2023-10-22,USA,Education,University-Campus,Phishing,Unknown,Weak Passwords,Antivirus,683,39724,0.914,19.5,20.6,0.28,Low
INC-03096,2023-10-23,India,Retail,Corporate-LAN,DDoS,Hacktivist,Misconfiguration,MFA,7003,153,0.004,0.7,10.3,0.2,Low
INC-03097,2023-10-24,Australia,IT & Telecom,Cloud-DC,DDoS,Hacktivist,Unpatched Software,MFA,68351,3156,0.041,1.3,9.9,0.21,Low
INC-03098,2023-10-25,France,Government,Corporate-LAN,DDoS,Hacktivist,Unpatched Software,AI-based IDS,8345,56,0.001,0.2,17.5,0.4,Low
INC-03099,2023-10-26,Brazil,Education,University-Campus,Phishing,Nation-State,Social Engineering,Antivirus,1873,165227,3.879,14.6,47.4,0.789,Medium
INC-03100,2023-10-26,UK,Energy,IoT-Grid,Ransomware,Cybercriminal,Unpatched Software,VPN,1145,124304,3.37,8.9,240.2,3.667,High
INC-03101,2023-10-27,Germany,Government,Corporate-LAN,DDoS,Hacktivist,Unpatched Software,MFA,20865,101,0.001,8.3,18.5,0.208,Low
INC-03102,2023-10-27,USA,Finance,Banking-Core,DDoS,Hacktivist,Misconfiguration,Firewall,70320,287,0.005,2.4,6.3,0.279,Low
INC-03103,2023-10-27,USA,Government,Corporate-LAN,DDoS,Hacktivist,Unpatched Software,Firewall,11818,37,0.001,0.7,21.3,0.312,Low
INC-03104,2023-10-27,UK,Retail,Cloud-DC,Credential Stuffing,Cybercriminal,Weak Passwords,Antivirus,9890,57379,0.787,34.8,37.2,0.921,Medium
INC-03105,2023-10-27,USA,Healthcare,IoT-Grid,Credential Stuffing,Cybercriminal,Misconfiguration,VPN,262,11174,0.332,15.1,74.1,1.008,Medium
INC-03106,2023-11-01,India,Finance,Cloud-DC,Phishing,Cybercriminal,Social Engineering,AI-based IDS,5545,4339,0.091,60.7,50.8,0.704,Medium
INC-03107,2023-11-01,Russia,Education,University-Campus,Phishing,Cybercriminal,Social Engineering,Encryption,3133,43000,1.05,68.7,75.9,0.327,Low
INC-03108,2023-11-02,Brazil,Government,Corporate-LAN,DDoS,Hacktivist,Unpatched Software,Antivirus,1928,271,0.004,1.0,17.1,0.33,Low
INC-03109,2023-11-03,France,IT & Telecom,Cloud-DC,Zero-Day Exploit,Nation-State,Zero-Day,Firewall,2109,990150,15.955,108.1,230.9,9.075,Critical
INC-03110,2023-11-03,Australia,Finance,Cloud-DC,DDoS,Cybercriminal,Misconfiguration,MFA,1927,715,0.008,4.0,5.9,0.259,Low
INC-03111,2023-11-03,France,Government,Corporate-LAN,SQL Injection,Cybercriminal,Misconfiguration,VPN,28520,12494,0.125,10.6,24.9,0.307,Low
INC-03112,2023-11-03,China,Education,University-Campus,SQL Injection,Cybercriminal,Unpatched Software,Encryption,17278,536536,12.957,89.4,54.4,2.238,High
INC-03113,2023-11-04,Brazil,Retail,Cloud-DC,Credential Stuffing,Cybercriminal,Misconfiguration,Firewall,1965,48179,0.872,11.4,70.8,0.812,Medium
INC-03114,2023-11-04,Australia,Finance,Corporate-LAN,Malware,Cybercriminal,Unpatched Software,VPN,6267,5744,0.09,28.8,51.8,0.642,Medium
INC-03115,2023-11-05,India,Healthcare,Corporate-LAN,Ransomware,Cybercriminal,Unpatched Software,AI-based IDS,7631,746,0.017,5.8,37.0,2.485,High
INC-03116,2023-11-06,Russia,Retail,Cloud-DC,DDoS,Hacktivist,Unpatched Software,MFA,15351,40,0.001,2.0,7.3,0.293,Low
INC-03117,2023-11-06,USA,Government,Cloud-DC,Phishing,Nation-State,Social Engineering,Firewall,5545,49608,0.616,54.4,77.0,0.762,Medium
INC-03118,2023-11-06,Russia,IT & Telecom,Cloud-DC,Zero-Day Exploit,Nation-State,Zero-Day,Firewall,9293,2436,0.063,,96.3,0.563,Medium
INC-03119,2023-11-06,India,Government,Cloud-DC,Malware,Cybercriminal,Unpatched Software,Firewall,1229,17360,0.301,20.7,91.4,0.975,Medium
INC-03120,2023-11-07,Brazil,Healthcare,Corporate-LAN,Malware,Nation-State,Social Engineering,AI-based IDS,20643,290449,3.923,2.1,13.5,1.385,Medium
INC-03121,2023-11-08,Germany,Retail,Cloud-DC,SQL Injection,Hacktivist,Unpatched Software,Antivirus,621,8812,0.132,25.0,24.8,0.352,Low
INC-03122,2023-11-08,Russia,Healthcare,Corporate-LAN,Insider Threat,Insider,Excess Privileges,Antivirus,4732,440449,12.084,14.9,163.1,4.073,High
INC-03123,2023-11-09,China,Retail,Corporate-LAN,SQL Injection,Cybercriminal,Misconfiguration,AI-based IDS,26486,58227,1.232,8.5,44.3,0.577,Medium
INC-03124,2023-11-09,Brazil,Education,University-Campus,Phishing,Cybercriminal,Social Engineering,VPN,629,183682,4.169,13.9,35.5,0.742,Medium
INC-03125,2023-11-10,USA,Retail,Corporate-LAN,SQL Injection,Cybercriminal,Misconfiguration,Antivirus,2206,7251,0.203,5.4,16.6,0.217,Low
INC-03126,2023-11-10,UK,IT & Telecom,Corporate-LAN,Malware,Cybercriminal,Social Engineering,AI-based IDS,3586,6517,0.147,3.3,25.3,0.248,Low
INC-03127,2023-11-11,Germany,Retail,Corporate-LAN,Ransomware,Nation-State,Weak Passwords,MFA,7399,406846,11.801,10.2,51.8,3.167,High
INC-03128,2023-11-11,Brazil,Retail,Corporate-LAN,SQL Injection,Unknown,Misconfiguration,AI-based IDS,5686,30840,0.484,8.7,52.4,0.669,Medium
INC-03129,2023-11-12,India,IT & Telecom,Cloud-DC,Zero-Day Exploit,Nation-State,Zero-Day,Encryption,1403,13269,0.241,125.4,107.7,1.039,Medium
INC-03130,2023-11-13,Brazil,Education,University-Campus,Phishing,Cybercriminal,Social Engineering,VPN,7439,4081,0.106,8.2,51.7,0.313,Low
INC-03131,2023-11-13,China,Energy,IoT-Grid,Insider Threat,Insider,Excess Privileges,Antivirus,3197,505188,8.968,26.0,56.8,2.933,High
INC-03132,2023-11-13,USA,Government,Cloud-DC,SQL Injection,Unknown,Misconfiguration,AI-based IDS,2814,43784,0.619,1.1,35.5,0.725,Medium
INC-03133,2023-11-14,India,Retail,Corporate-LAN,Phishing,Cybercriminal,Social Engineering,VPN,2043,815,0.014,,21.6,0.311,Low
INC-03134,2023-11-15,Russia,Energy,IoT-Grid,Malware,Nation-State,Unpatched Software,Encryption,4319,22567,0.287,52.5,58.1,0.839,Medium
INC-03135,2023-11-16,Germany,Government,Corporate-LAN,Zero-Day Exploit,Cybercriminal,Zero-Day,Antivirus,2221,246941,3.905,263.7,169.2,2.235,High
INC-03136,2023-11-16,Australia,Retail,Cloud-DC,Malware,Cybercriminal,Social Engineering,Antivirus,6607,144121,3.616,21.7,114.0,1.579,High
INC-03137,2023-11-17,UK,IT & Telecom,Cloud-DC,Malware,Cybercriminal,Unpatched Software,Encryption,7745,1253,0.027,11.4,28.1,0.314,Low
INC-03138,2023-11-17,Germany,IT & Telecom,Cloud-DC,Ransomware,Nation-State,Weak Passwords,Encryption,1799,136148,2.227,13.3,68.1,2.68,High
INC-03139,2023-11-17,France,Energy,IoT-Grid,DDoS,Hacktivist,Unpatched Software,Antivirus,3408,2722,0.032,0.6,12.1,0.361,Low
INC-03140,2023-11-18,Germany,Healthcare,Corporate-LAN,SQL Injection,Cybercriminal,Unpatched Software,Encryption,25096,75305,1.611,3.8,23.3,1.125,Medium
INC-03141,2023-11-19,Germany,IT & Telecom,Cloud-DC,DDoS,Hacktivist,Misconfiguration,Antivirus,17383,169,0.003,0.8,23.0,0.346,Low
INC-03142,2023-11-19,Russia,IT & Telecom,Cloud-DC,Ransomware,Cybercriminal,Unpatched Software,Firewall,3532,56626,1.656,7.3,220.7,2.922,High
INC-03143,2023-11-20,UK,Retail,Cloud-DC,Credential Stuffing,Cybercriminal,Weak Passwords,Firewall,3120,6276,0.164,10.3,31.1,0.324,Low
INC-03144,2023-11-20,Germany,IT & Telecom,Cloud-DC,Ransomware,Cybercriminal,Social Engineering,MFA,6376,6795,0.2,3.8,110.0,2.2,High
INC-03145,2023-11-23,China,IT & Telecom,Corporate-LAN,Malware,Cybercriminal,Unpatched Software,Encryption,284,28622,0.634,8.5,38.3,0.773,Medium
INC-03146,2023-11-23,UK,Healthcare,Corporate-LAN,Malware,Cybercriminal,Social Engineering,MFA,3644,174327,4.087,25.6,131.4,2.138,High
INC-03147,2023-11-24,UK,Finance,Cloud-DC,Credential Stuffing,Cybercriminal,Weak Passwords,Firewall,5917,61854,0.895,15.3,30.6,1.257,Medium
INC-03148,2023-11-25,UK,Finance,Banking-Core,Phishing,Cybercriminal,Social Engineering,MFA,9576,1563,0.023,4.2,25.5,0.43,Low
INC-03149,2023-11-26,France,Energy,IoT-Grid,Ransomware,Cybercriminal,Social Engineering,MFA,11591,15701,0.261,5.5,35.8,1.358,Medium
INC-03150,2023-11-26,Brazil,Healthcare,IoT-Grid,Malware,Nation-State,Social Engineering,MFA,3424,14624,0.393,22.4,46.7,0.712,Medium
INC-03151,2023-11-26,China,Finance,Banking-Core,Credential Stuffing,Cybercriminal,Weak Passwords,Firewall,7836,170434,4.666,35.7,37.1,1.942,High
INC-03152,2023-11-26,Russia,Government,Corporate-LAN,Insider Threat,Insider,Excess Privileges,Encryption,219,100070,1.943,63.7,133.2,1.417,Medium
INC-03153,2023-11-26,USA,Education,University-Campus,SQL Injection,Unknown,Unpatched Software,Firewall,8428,14799,0.184,7.8,46.4,0.289,Low
INC-03154,2023-11-26,UK,Healthcare,Corporate-LAN,Phishing,Cybercriminal,Social Engineering,MFA,2869,1248,0.021,1.6,18.4,0.4,Low
INC-03155,2023-11-26,USA,Finance,Banking-Core,SQL Injection,Cybercriminal,Unpatched Software,VPN,4003,12792,0.241,53.8,38.7,0.679,Medium
INC-03156,2023-11-27,Brazil,IT & Telecom,Corporate-LAN,Ransomware,Cybercriminal,Social Engineering,Firewall,17106,146944,2.462,5.4,60.2,2.418,High
INC-03157,2023-11-28,Australia,Finance,Cloud-DC,DDoS,Hacktivist,Misconfiguration,MFA,4133,290,0.005,0.2,13.0,0.391,Low
INC-03158,2023-11-28,USA,Education,University-Campus,Man-in-the-Middle,Cybercriminal,Misconfiguration,Encryption,22749,9149,0.107,75.1,57.2,0.339,Low
INC-03159,2023-12-03,Japan,Government,Corporate-LAN,Phishing,Nation-State,Social Engineering,VPN,274,59574,1.095,6.9,21.3,0.608,Medium
INC-03160,2023-12-04,Germany,Education,Cloud-DC,Phishing,Cybercriminal,Unpatched Software,Firewall,321,26878,0.805,12.5,26.4,0.436,Low
INC-03161,2023-12-04,Brazil,Healthcare,Cloud-DC,Credential Stuffing,Cybercriminal,Weak Passwords,Firewall,461,441886,10.277,12.5,62.0,3.828,High
INC-03162,2023-12-05,USA,Energy,Corporate-LAN,Malware,Hacktivist,Unpatched Software,Encryption,2011,97974,2.149,13.4,29.0,0.658,Medium
INC-03163,2023-12-05,UK,Finance,Banking-Core,Credential Stuffing,Cybercriminal,Weak Passwords,Antivirus,2852,58143,0.772,24.2,22.6,0.726,Medium
INC-03164,2023-12-06,Australia,IT & Telecom,Corporate-LAN,Ransomware,Cybercriminal,Unpatched Software,AI-based IDS,52513,53605,1.134,4.8,27.3,2.773,High
INC-03165,2023-12-06,USA,Finance,Cloud-DC,Malware,Nation-State,Social Engineering,Firewall,11483,57514,0.826,6.7,35.7,1.362,Medium
INC-03166,2023-12-06,France,Retail,Corporate-LAN,Malware,Unknown,Unpatched Software,Firewall,10947,32497,0.381,37.6,39.7,0.641,Medium
INC-03167,2023-12-06,China,Retail,Cloud-DC,Insider Threat,Insider,Excess Privileges,VPN,206,3129,0.063,,131.3,0.612,Medium
INC-03168,2023-12-06,India,Finance,Banking-Core,SQL Injection,Cybercriminal,Misconfiguration,Antivirus,1352,21341,0.289,21.3,61.4,0.461,Low
INC-03169,2023-12-07,Japan,Retail,Cloud-DC,Credential Stuffing,Unknown,Misconfiguration,Encryption,1749,4900,0.086,18.4,63.8,0.37,Low
INC-03170,2023-12-07,UK,IT & Telecom,Corporate-LAN,Zero-Day Exploit,Nation-State,Zero-Day,Antivirus,8441,29890,0.411,53.1,204.3,1.502,High
INC-03171,2023-12-07,USA,IT & Telecom,Corporate-LAN,Malware,Cybercriminal,Unpatched Software,Encryption,9109,82914,1.266,14.5,74.6,0.997,Medium
INC-03172,2023-12-07,India,Energy,Corporate-LAN,Malware,Nation-State,Unpatched Software,MFA,4170,9787,0.261,79.3,50.7,0.563,Medium
INC-03173,2023-12-07,USA,IT & Telecom,Cloud-DC,Phishing,Hacktivist,Social Engineering,Antivirus,3029,49384,1.289,17.4,27.2,0.445,Low
INC-03174,2023-12-08,Australia,Education,University-Campus,Ransomware,Cybercriminal,Social Engineering,MFA,9219,6285,0.137,5.7,47.1,1.275,Medium
INC-03175,2023-12-09,USA,IT & Telecom,Cloud-DC,Ransomware,Unknown,Social Engineering,MFA,3457,52816,1.411,3.4,152.8,3.587,High
INC-03176,2023-12-10,Brazil,Finance,Corporate-LAN,DDoS,Cybercriminal,Misconfiguration,AI-based IDS,2371,771,0.017,0.4,12.6,0.371,Low
INC-03177,2023-12-10,UK,IT & Telecom,Cloud-DC,Ransomware,Unknown,Social Engineering,Firewall,221,98705,1.439,22.0,510.9,4.245,High
INC-03178,2023-12-10,Russia,Energy,IoT-Grid,DDoS,Cybercriminal,Misconfiguration,Antivirus,5404,1673,0.035,1.6,4.9,0.169,Low
INC-03179,2023-12-11,UK,IT & Telecom,Cloud-DC,Insider Threat,Insider,Misconfiguration,Antivirus,1377,34144,0.446,93.3,74.9,1.469,Medium
INC-03180,2023-12-13,Germany,Healthcare,IoT-Grid,Ransomware,Cybercriminal,Unpatched Software,AI-based IDS,12824,114795,2.617,3.9,298.0,6.13,Critical
INC-03181,2023-12-13,Germany,Education,Cloud-DC,Ransomware,Cybercriminal,Unpatched Software,AI-based IDS,2879,283378,6.978,1.7,152.8,2.371,High
INC-03182,2023-12-14,Brazil,Finance,Banking-Core,Ransomware,Cybercriminal,Weak Passwords,Antivirus,2772,5207,0.074,14.6,73.2,2.447,High
INC-03183,2023-12-14,UK,Education,Cloud-DC,Malware,Cybercriminal,Social Engineering,Firewall,187454,34369,0.705,25.4,33.9,0.544,Medium
INC-03184,2023-12-15,USA,Retail,Corporate-LAN,Credential Stuffing,Cybercriminal,Weak Passwords,AI-based IDS,1261,100914,2.974,23.7,85.3,1.145,Medium
INC-03185,2023-12-15,India,Education,University-Campus,DDoS,Hacktivist,Unpatched Software,Firewall,8230,1697,0.044,13.2,15.5,0.164,Low
INC-03186,2023-12-15,Germany,IT & Telecom,Corporate-LAN,SQL Injection,Cybercriminal,Misconfiguration,Firewall,5414,144673,2.557,27.7,46.1,1.255,Medium
INC-03187,2023-12-15,UK,Healthcare,Corporate-LAN,Ransomware,Nation-State,Weak Passwords,AI-based IDS,20664,35787,0.503,0.9,79.7,3.178,High
INC-03188,2023-12-15,Australia,Energy,Corporate-LAN,Zero-Day Exploit,Nation-State,Zero-Day,Firewall,9115,28542,0.323,185.0,141.6,1.536,High
INC-03189,2023-12-15,Japan,Finance,Banking-Core,SQL Injection,Cybercriminal,Unpatched Software,Encryption,788,26597,0.449,12.5,116.8,1.015,Medium
INC-03190,2023-12-15,USA,Retail,Corporate-LAN,SQL Injection,Cybercriminal,Misconfiguration,Antivirus,930,407474,9.588,20.8,55.2,2.506,High
INC-03191,2023-12-16,USA,Retail,Cloud-DC,SQL Injection,Hacktivist,Misconfiguration,Antivirus,4999,14849,0.242,31.8,33.6,0.413,Low
INC-03192,2023-12-17,Australia,Government,Corporate-LAN,Zero-Day Exploit,Cybercriminal,Zero-Day,Firewall,9679,14180,0.145,78.0,103.0,0.624,Medium
INC-03193,2023-12-17,Russia,Energy,IoT-Grid,Malware,Cybercriminal,Unpatched Software,Antivirus,8161,70957,1.56,11.5,79.3,1.454,Medium
INC-03194,2023-12-17,USA,Finance,Banking-Core,Malware,Cybercriminal,Social Engineering,Encryption,30417,13284,0.219,20.9,30.7,0.492,Low
INC-03195,2023-12-18,Germany,Government,Cloud-DC,DDoS,Hacktivist,Unpatched Software,VPN,2262,80,0.001,0.7,18.9,0.382,Low
INC-03196,2023-12-18,India,Finance,Cloud-DC,Phishing,Unknown,Social Engineering,Firewall,1296,48072,1.398,32.3,37.1,0.708,Medium
INC-03197,2023-12-19,Australia,IT & Telecom,Cloud-DC,Malware,Unknown,Social Engineering,AI-based IDS,28851,9005,0.254,11.4,25.9,0.397,Low
INC-03198,2023-12-20,Japan,IT & Telecom,Corporate-LAN,SQL Injection,Unknown,Misconfiguration,Antivirus,2314,389815,5.733,91.6,122.7,3.409,High
INC-03199,2023-12-20,Russia,Education,University-Campus,DDoS,Unknown,Misconfiguration,AI-based IDS,181686,148,0.003,0.6,7.1,0.22,Low
INC-03200,2023-12-20,UK,Government,Cloud-DC,DDoS,Hacktivist,Misconfiguration,Antivirus,19682,715,0.01,0.5,22.0,0.427,Low
INC-03201,2023-12-21,India,Retail,Cloud-DC,Credential Stuffing,Cybercriminal,Weak Passwords,AI-based IDS,1837,36667,0.534,33.5,43.8,0.439,Low
INC-03202,2023-12-21,UK,Retail,Corporate-LAN,DDoS,Hacktivist,Unpatched Software,AI-based IDS,7737,310,0.009,0.3,21.8,0.294,Low
INC-03203,2023-12-21,UK,Government,Cloud-DC,Insider Threat,Insider,Excess Privileges,MFA,1513,171133,4.449,304.5,167.2,1.769,High
INC-03204,2023-12-22,France,Education,Cloud-DC,Phishing,Cybercriminal,Social Engineering,Encryption,7113,126745,2.215,15.2,34.4,0.594,Medium
INC-03205,2023-12-22,China,Government,Cloud-DC,DDoS,Unknown,Misconfiguration,AI-based IDS,27624,55,0.002,0.3,10.9,0.304,Low
INC-03206,2023-12-22,Australia,Government,Corporate-LAN,DDoS,Hacktivist,Unpatched Software,Encryption,20891,79,0.001,0.9,23.3,0.329,Low
INC-03207,2023-12-23,UK,Finance,Cloud-DC,Insider Threat,Insider,Excess Privileges,AI-based IDS,928,242866,6.509,57.0,101.3,1.923,High
INC-03208,2023-12-23,UK,Finance,Cloud-DC,Ransomware,Cybercriminal,Weak Passwords,VPN,403,37239,0.93,4.3,54.5,2.018,High
INC-03209,2023-12-23,India,Education,University-Campus,Ransomware,Cybercriminal,Social Engineering,Firewall,3286,59871,0.872,10.0,105.5,2.194,High
INC-03210,2023-12-23,China,Healthcare,IoT-Grid,Phishing,Cybercriminal,Social Engineering,Firewall,1628,8046,0.181,15.3,110.5,1.305,Medium
INC-03211,2023-12-23,Brazil,Healthcare,Corporate-LAN,Ransomware,Cybercriminal,Unpatched Software,Firewall,5663,30538,0.421,1.7,47.2,2.646,High
INC-03212,2023-12-23,USA,Healthcare,Cloud-DC,Insider Threat,Insider,Excess Privileges,Antivirus,1107,898,0.012,121.9,71.4,0.759,Medium
INC-03213,2023-12-23,Brazil,IT & Telecom,Cloud-DC,SQL Injection,Hacktivist,Unpatched Software,AI-based IDS,405,22797,0.642,8.7,46.1,0.503,Medium
INC-03214,2023-12-24,Japan,Finance,Corporate-LAN,Malware,Nation-State,Unpatched Software,AI-based IDS,821,58256,0.608,13.9,57.2,1.1,Medium
INC-03215,2023-12-24,USA,Healthcare,IoT-Grid,DDoS,Cybercriminal,Misconfiguration,Firewall,18919,474,0.012,2.2,24.4,0.365,Low
INC-03216,2023-12-24,UK,Healthcare,Cloud-DC,Ransomware,Cybercriminal,Social Engineering,Firewall,3238,224349,6.233,7.0,337.3,5.098,Critical
INC-03217,2023-12-24,Germany,Education,University-Campus,Insider Threat,Insider,Misconfiguration,Encryption,555,82370,2.215,35.8,43.1,0.463,Low
INC-03218,2023-12-25,Brazil,Healthcare,Corporate-LAN,Malware,Unknown,Social Engineering,AI-based IDS,16269,2809,0.052,5.5,80.2,0.896,Medium
INC-03219,2023-12-25,India,Government,Corporate-LAN,Man-in-the-Middle,Cybercriminal,Unpatched Software,AI-based IDS,6188,76735,1.948,34.5,35.4,0.599,Medium
INC-03220,2023-12-25,UK,Energy,IoT-Grid,Malware,Unknown,Unpatched Software,Antivirus,117,18358,0.471,8.9,61.0,0.462,Low
INC-03221,2023-12-25,UK,Retail,Cloud-DC,Insider Threat,Insider,Excess Privileges,MFA,105,4986,0.106,87.4,74.5,0.459,Low
INC-03222,2023-12-27,France,Finance,Cloud-DC,Man-in-the-Middle,Nation-State,Misconfiguration,Firewall,4050,653,0.01,44.8,84.4,1.196,Medium
INC-03223,2023-12-27,UK,Government,Cloud-DC,Malware,Cybercriminal,Unpatched Software,MFA,8136,9910,0.145,22.2,46.8,0.556,Medium
INC-03224,2023-12-27,Australia,IT & Telecom,Corporate-LAN,SQL Injection,Cybercriminal,Unpatched Software,Antivirus,1291,56071,1.512,16.9,44.2,0.922,Medium
INC-03225,2023-12-27,Japan,Healthcare,Corporate-LAN,Malware,Unknown,Social Engineering,MFA,360,112929,2.357,5.9,25.5,0.949,Medium
INC-03226,2023-12-28,China,Energy,IoT-Grid,DDoS,Cybercriminal,Unpatched Software,AI-based IDS,2516,565,0.016,0.7,6.0,0.264,Low
INC-03227,2023-12-28,USA,Government,Corporate-LAN,Phishing,Nation-State,Social Engineering,Firewall,6310,4813,0.053,9.0,14.5,0.208,Low
INC-03228,2023-12-28,USA,Healthcare,IoT-Grid,Ransomware,Cybercriminal,Weak Passwords,Firewall,5851,99428,2.174,12.0,114.4,4.059,High
INC-03229,2024-01-01,USA,Healthcare,Corporate-LAN,Ransomware,Cybercriminal,Unpatched Software,MFA,619,2762,0.052,35.6,43.8,2.533,High
INC-03230,2024-01-01,India,Education,University-Campus,Phishing,Cybercriminal,Social Engineering,AI-based IDS,831,27873,0.637,3.1,30.0,0.322,Low
INC-03231,2024-01-01,Brazil,Finance,Banking-Core,Phishing,Cybercriminal,Social Engineering,AI-based IDS,132,89672,2.028,10.0,60.6,1.053,Medium
INC-03232,2024-01-01,China,Education,University-Campus,DDoS,Cybercriminal,Misconfiguration,Antivirus,5632,26,0.0,1.8,11.5,0.123,Low
INC-03233,2024-01-02,USA,Government,Cloud-DC,Phishing,Cybercriminal,Weak Passwords,MFA,506,50524,0.758,54.9,48.2,1.23,Medium
INC-03234,2024-01-03,Russia,Government,Cloud-DC,DDoS,Cybercriminal,Misconfiguration,VPN,45260,13440,0.206,3.1,5.3,0.358,Low
INC-03235,2024-01-04,USA,Government,Corporate-LAN,Ransomware,Unknown,Social Engineering,Antivirus,8669,57015,1.01,7.4,45.1,1.802,High
INC-03236,2024-01-04,France,Government,Corporate-LAN,Malware,Unknown,Social Engineering,MFA,2903,3454,0.042,18.9,62.3,0.615,Medium
INC-03237,2024-01-05,Germany,Education,University-Campus,Ransomware,Cybercriminal,Weak Passwords,Antivirus,1995,36285,1.029,34.4,127.5,1.258,Medium
INC-03238,2024-01-06,USA,Energy,IoT-Grid,Phishing,Cybercriminal,Weak Passwords,AI-based IDS,1549,167,0.002,3.9,26.6,0.44,Low
INC-03239,2024-01-06,India,Government,Corporate-LAN,Phishing,Nation-State,Social Engineering,Antivirus,2252,30805,0.761,82.9,142.0,1.079,Medium
INC-03240,2024-01-06,USA,IT & Telecom,Corporate-LAN,Malware,Nation-State,Unpatched Software,Antivirus,865,11138,0.316,,20.4,0.3,Low
INC-03241,2024-01-06,UK,Government,Corporate-LAN,Phishing,Cybercriminal,Social Engineering,Firewall,951,31749,0.927,4.5,98.1,1.149,Medium
INC-03242,2024-01-07,UK,Retail,Cloud-DC,Phishing,Unknown,Unpatched Software,AI-based IDS,3905,36290,0.848,22.1,26.5,0.572,Medium
INC-03243,2024-01-07,Australia,Finance,Banking-Core,Phishing,Hacktivist,Social Engineering,AI-based IDS,2519,21374,0.518,2.9,33.9,0.543,Medium
INC-03244,2024-01-07,Russia,Education,University-Campus,DDoS,Hacktivist,Misconfiguration,Encryption,2271,183,0.002,3.1,11.0,0.124,Low
INC-03245,2024-01-08,China,Education,University-Campus,Man-in-the-Middle,Cybercriminal,Misconfiguration,MFA,253,140050,2.254,37.0,65.8,0.676,Medium
INC-03246,2024-01-08,Brazil,Government,Corporate-LAN,Man-in-the-Middle,Nation-State,Weak Passwords,MFA,5618,40440,0.985,326.0,310.0,2.477,High
INC-03247,2024-01-08,Germany,Finance,Corporate-LAN,DDoS,Nation-State,Unpatched Software,Antivirus,5848,25,0.001,1.3,34.4,0.457,Low
INC-03248,2024-01-08,UK,Energy,Corporate-LAN,Malware,Hacktivist,Social Engineering,Antivirus,5932,441,0.008,52.5,60.1,0.462,Low
INC-03249,2024-01-10,India,Retail,Cloud-DC,SQL Injection,Cybercriminal,Unpatched Software,AI-based IDS,11679,210627,3.766,8.7,33.4,1.037,Medium
INC-03250,2024-01-10,Russia,Retail,Cloud-DC,Ransomware,Cybercriminal,Social Engineering,Firewall,12738,24178,0.422,12.2,348.2,2.482,High
INC-03251,2024-01-10,USA,Retail,Cloud-DC,Malware,Cybercriminal,Social Engineering,Firewall,3990,10143,0.109,24.8,53.2,0.336,Low
INC-03252,2024-01-12,USA,Finance,Banking-Core,DDoS,Hacktivist,Misconfiguration,MFA,175632,1396,0.037,1.1,39.5,0.824,Medium
INC-03253,2024-01-12,Japan,IT & Telecom,Corporate-LAN,Malware,Cybercriminal,Social Engineering,MFA,483,212656,4.27,23.8,16.5,0.76,Medium
INC-03254,2024-01-13,Australia,Finance,Cloud-DC,DDoS,Hacktivist,Unpatched Software,Firewall,7928,621,0.007,1.1,4.8,0.291,Low
INC-03255,2024-01-13,France,Retail,Cloud-DC,DDoS,Nation-State,Misconfiguration,Encryption,5113,2487,0.07,0.2,14.3,0.315,Low
INC-03256,2024-01-13,France,Healthcare,IoT-Grid,Man-in-the-Middle,Hacktivist,Social Engineering,MFA,26812,193082,2.763,13.0,33.2,1.615,High
INC-03257,2024-01-13,Russia,Healthcare,Cloud-DC,Ransomware,Cybercriminal,Unpatched Software,AI-based IDS,30414,37700,0.382,1.4,129.8,3.257,High
INC-03258,2024-01-14,France,Education,University-Campus,Ransomware,Cybercriminal,Social Engineering,MFA,3195,30948,0.583,12.8,72.9,1.288,Medium
INC-03259,2024-01-15,USA,Finance,Cloud-DC,SQL Injection,Cybercriminal,Unpatched Software,AI-based IDS,16220,14313,0.154,6.2,57.7,0.738,Medium
INC-03260,2024-01-15,USA,Energy,IoT-Grid,Ransomware,Cybercriminal,Weak Passwords,AI-based IDS,21117,22520,0.427,3.6,76.6,3.936,High
INC-03261,2024-01-16,India,IT & Telecom,Cloud-DC,Phishing,Cybercriminal,Social Engineering,AI-based IDS,4011,31333,0.56,3.7,23.0,0.281,Low
INC-03262,2024-01-16,USA,Energy,Corporate-LAN,Zero-Day Exploit,Cybercriminal,Zero-Day,Firewall,5049,85893,1.211,29.3,112.9,1.738,High
INC-03263,2024-01-16,India,Finance,Banking-Core,Credential Stuffing,Cybercriminal,Weak Passwords,AI-based IDS,2567,23757,0.665,1.7,45.3,0.798,Medium
INC-03264,2024-01-17,Australia,Healthcare,IoT-Grid,Malware,Cybercriminal,Social Engineering,AI-based IDS,5107,948612,15.285,7.8,16.2,6.508,Critical
INC-03265,2024-01-17,China,Government,Corporate-LAN,Phishing,Nation-State,Social Engineering,MFA,5443,73880,1.172,6.2,42.2,0.663,Medium
INC-03266,2024-01-17,Australia,IT & Telecom,Cloud-DC,Zero-Day Exploit,Nation-State,Zero-Day,MFA,4357,49724,1.254,241.4,145.1,1.064,Medium
INC-03267,2024-01-17,Japan,Retail,Corporate-LAN,SQL Injection,Cybercriminal,Unpatched Software,Antivirus,3884,54631,1.071,28.3,26.7,0.697,Medium
INC-03268,2024-01-18,Russia,Finance,Banking-Core,Malware,Cybercriminal,Unpatched Software,AI-based IDS,7609,202987,5.981,4.7,26.8,2.025,High
INC-03269,2024-01-19,India,Education,University-Campus,DDoS,Cybercriminal,Misconfiguration,Encryption,5442,67,0.001,,1.8,0.142,Low
INC-03270,2024-01-19,Japan,IT & Telecom,Cloud-DC,DDoS,Hacktivist,Unpatched Software,Antivirus,39783,1084,0.019,0.6,24.2,0.364,Low
INC-03271,2024-01-19,China,Healthcare,Corporate-LAN,Insider Threat,Insider,Misconfiguration,Antivirus,3785,9979,0.129,289.1,196.0,1.544,High
INC-03272,2024-01-19,India,Healthcare,IoT-Grid,Phishing,Cybercriminal,Unpatched Software,Encryption,6727,1154483,22.905,8.5,19.8,5.183,Critical
INC-03273,2024-01-19,UK,Finance,Banking-Core,Phishing,Nation-State,Weak Passwords,MFA,361,221287,3.92,17.5,39.4,1.537,High
INC-03274,2024-01-19,Japan,Healthcare,Corporate-LAN,Phishing,Nation-State,Social Engineering,Firewall,1384,6702,0.175,57.2,39.3,0.652,Medium
INC-03275,2024-01-19,India,Healthcare,Corporate-LAN,Ransomware,Cybercriminal,Unpatched Software,Firewall,26064,86099,1.596,1.6,10.9,1.322,Medium
INC-03276,2024-01-20,USA,Healthcare,Corporate-LAN,Malware,Cybercriminal,Unpatched Software,Encryption,589,3526,0.088,10.5,13.3,0.233,Low
INC-03277,2024-01-20,UK,Healthcare,Corporate-LAN,Insider Threat,Insider,Excess Privileges,Antivirus,353,118397,1.82,38.1,36.7,1.173,Medium
INC-03278,2024-01-22,USA,Retail,Cloud-DC,DDoS,Hacktivist,Misconfiguration,Firewall,4867,63,0.001,0.7,24.7,0.154,Low
INC-03279,2024-01-23,UK,Government,Corporate-LAN,DDoS,Nation-State,Unpatched Software,Firewall,29178,235,0.004,3.0,14.7,0.273,Low
INC-03280,2024-01-23,USA,Finance,Banking-Core,Man-in-the-Middle,Hacktivist,Misconfiguration,Antivirus,4262,25647,0.434,21.3,189.0,2.328,High
INC-03281,2024-01-23,Russia,Retail,Cloud-DC,Credential Stuffing,Cybercriminal,Weak Passwords,Encryption,2857,24666,0.46,17.8,18.3,0.331,Low
INC-03282,2024-01-24,Germany,Retail,Cloud-DC,SQL Injection,Cybercriminal,Unpatched Software,MFA,5902,16407,0.289,12.7,19.6,0.232,Low
INC-03283,2024-01-25,USA,Education,University-Campus,DDoS,Hacktivist,Unpatched Software,Firewall,1310,60,0.001,1.3,5.3,0.102,Low
INC-03284,2024-01-25,India,Healthcare,Corporate-LAN,DDoS,Nation-State,Unpatched Software,Encryption,389,2672,0.059,0.7,13.1,0.329,Low
INC-03285,2024-01-25,Australia,Energy,Corporate-LAN,Zero-Day Exploit,Nation-State,Zero-Day,VPN,8769,19804,0.493,109.2,103.6,1.178,Medium
INC-03286,2024-01-26,Brazil,Energy,Corporate-LAN,Ransomware,Cybercriminal,Social Engineering,Encryption,6149,39493,0.825,,83.9,2.197,High
INC-03287,2024-01-26,China,Finance,Banking-Core,Ransomware,Cybercriminal,Weak Passwords,Firewall,2542,6113,0.101,12.4,75.1,3.276,High
INC-03288,2024-01-27,India,Education,University-Campus,Ransomware,Cybercriminal,Weak Passwords,Encryption,600,6121,0.155,12.5,116.5,1.348,Medium
INC-03289,2024-01-27,Germany,Finance,Cloud-DC,Credential Stuffing,Cybercriminal,Weak Passwords,VPN,282,3079,0.037,6.8,44.7,0.9,Medium
INC-03290,2024-01-27,USA,Retail,Corporate-LAN,SQL Injection,Hacktivist,Unpatched Software,Antivirus,7874,5813,0.164,23.8,40.2,0.429,Low
INC-03291,2024-01-27,China,Finance,Banking-Core,Phishing,Cybercriminal,Social Engineering,AI-based IDS,2640,20786,0.397,12.5,22.2,0.433,Low
INC-03292,2024-02-01,Russia,Education,University-Campus,Phishing,Cybercriminal,Social Engineering,Antivirus,1129,32935,0.778,149.1,90.8,0.453,Low
INC-03293,2024-02-01,USA,Healthcare,IoT-Grid,Ransomware,Cybercriminal,Social Engineering,Firewall,734,1488,0.02,7.3,339.5,3.302,High
INC-03294,2024-02-01,UK,Government,Corporate-LAN,Phishing,Nation-State,Social Engineering,AI-based IDS,21173,390474,4.471,5.2,33.1,2.263,High
INC-03295,2024-02-02,India,Healthcare,Cloud-DC,Phishing,Cybercriminal,Social Engineering,AI-based IDS,34,144679,1.455,22.7,32.0,1.064,Medium
INC-03296,2024-02-02,USA,Finance,Cloud-DC,Malware,Nation-State,Unpatched Software,MFA,1867,1945,0.056,36.0,56.9,0.601,Medium
INC-03297,2024-02-04,USA,Finance,Banking-Core,Ransomware,Cybercriminal,Weak Passwords,Firewall,869,120262,1.868,13.1,42.3,2.797,High
INC-03298,2024-02-04,UK,Retail,Cloud-DC,SQL Injection,Cybercriminal,Unpatched Software,MFA,39283,42222,1.236,3.5,24.4,0.559,Medium
INC-03299,2024-02-04,Japan,IT & Telecom,Cloud-DC,Credential Stuffing,Cybercriminal,Weak Passwords,Firewall,9596,9494,0.184,107.5,130.8,1.329,Medium
INC-03300,2024-02-04,Brazil,Retail,Cloud-DC,SQL Injection,Cybercriminal,Unpatched Software,AI-based IDS,9247,13385,0.374,16.1,170.2,1.188,Medium
INC-03301,2024-02-04,USA,Healthcare,Corporate-LAN,Ransomware,Unknown,Unpatched Software,Encryption,136612,87516,1.652,22.9,94.7,2.748,High
INC-03302,2024-02-05,Brazil,IT & Telecom,Cloud-DC,Credential Stuffing,Cybercriminal,Weak Passwords,Antivirus,324,5007,0.083,11.9,31.7,0.357,Low
INC-03303,2024-02-06,USA,Energy,Corporate-LAN,Ransomware,Cybercriminal,Social Engineering,Antivirus,21160,77880,2.105,7.9,223.7,4.059,High
INC-03304,2024-02-07,Japan,Retail,Corporate-LAN,Insider Threat,Insider,Excess Privileges,Antivirus,107,355856,6.366,71.6,98.2,1.992,High
INC-03305,2024-02-08,India,Healthcare,Cloud-DC,Ransomware,Cybercriminal,Social Engineering,Firewall,909,443711,10.426,4.6,91.7,4.47,High
INC-03306,2024-02-08,Japan,Finance,Banking-Core,DDoS,Nation-State,Misconfiguration,Antivirus,6398,2543,0.063,0.3,8.0,0.158,Low
INC-03307,2024-02-08,Japan,Healthcare,Corporate-LAN,Ransomware,Nation-State,Social Engineering,Firewall,2717,16281,0.487,5.8,86.9,2.603,High
INC-03308,2024-02-08,USA,Healthcare,Cloud-DC,Phishing,Nation-State,Social Engineering,Encryption,494,407475,4.74,6.0,24.5,2.715,High
INC-03309,2024-02-10,India,IT & Telecom,Corporate-LAN,Ransomware,Cybercriminal,Unpatched Software,Firewall,13673,36339,0.653,3.2,94.8,2.188,High
INC-03310,2024-02-10,China,Education,University-Campus,Phishing,Cybercriminal,Weak Passwords,VPN,6235,3808,0.081,5.9,7.1,0.142,Low
INC-03311,2024-02-11,China,IT & Telecom,Corporate-LAN,Insider Threat,Insider,Excess Privileges,VPN,185,79070,1.46,213.4,128.0,1.685,High
INC-03312,2024-02-11,Brazil,Healthcare,Corporate-LAN,Insider Threat,Insider,Misconfiguration,MFA,1754,136201,3.012,97.3,77.2,1.121,Medium
INC-03313,2024-02-11,Australia,Finance,Banking-Core,DDoS,Nation-State,Misconfiguration,Firewall,2065,394,0.007,0.8,14.7,0.263,Low
INC-03314,2024-02-11,Russia,Energy,Corporate-LAN,Malware,Cybercriminal,Unpatched Software,MFA,26311,2738,0.079,8.2,19.7,0.329,Low
INC-03315,2024-02-13,USA,Finance,Cloud-DC,DDoS,Hacktivist,Unpatched Software,Firewall,342644,294,0.007,0.9,10.3,0.493,Low
INC-03316,2024-02-13,USA,Finance,Banking-Core,SQL Injection,Hacktivist,Misconfiguration,Encryption,492,154512,3.672,33.2,63.8,1.778,High
INC-03317,2024-02-13,France,Energy,IoT-Grid,Malware,Cybercriminal,Unpatched Software,Antivirus,8375,73470,2.0,33.8,66.5,1.278,Medium
INC-03318,2024-02-14,Brazil,Energy,Corporate-LAN,Malware,Nation-State,Unpatched Software,Antivirus,1340,1018,0.011,18.6,65.4,0.723,Medium
INC-03319,2024-02-14,UK,Government,Corporate-LAN,Zero-Day Exploit,Cybercriminal,Zero-Day,Firewall,30530,2722,0.034,237.9,148.2,1.424,Medium
INC-03320,2024-02-14,Brazil,Healthcare,IoT-Grid,Zero-Day Exploit,Nation-State,Zero-Day,Antivirus,4198,133418,3.031,105.6,71.1,1.758,High
INC-03321,2024-02-14,UK,Finance,Banking-Core,Malware,Unknown,Social Engineering,MFA,6734,4092,0.1,20.6,16.5,0.427,Low
INC-03322,2024-02-15,UK,Retail,Corporate-LAN,Credential Stuffing,Cybercriminal,Weak Passwords,AI-based IDS,8302,8577,0.149,12.9,24.8,0.415,Low
INC-03323,2024-02-16,Japan,Energy,IoT-Grid,Ransomware,Cybercriminal,Weak Passwords,MFA,10796,1793,0.026,19.1,194.8,3.773,High
INC-03324,2024-02-16,USA,Retail,Cloud-DC,Credential Stuffing,Cybercriminal,Weak Passwords,Antivirus,27052,87303,1.76,22.1,39.6,0.505,Medium
INC-03325,2024-02-17,India,Government,Corporate-LAN,Zero-Day Exploit,Nation-State,Zero-Day,Antivirus,7258,13061,0.202,142.5,129.7,0.993,Medium
INC-03326,2024-02-18,Russia,Healthcare,Cloud-DC,Ransomware,Cybercriminal,Weak Passwords,Encryption,3310,7613,0.078,19.5,203.4,4.218,High
INC-03327,2024-02-18,Russia,Finance,Banking-Core,DDoS,Nation-State,Misconfiguration,Antivirus,4903,3233,0.045,0.6,8.9,0.254,Low
INC-03328,2024-02-18,China,Government,Corporate-LAN,Man-in-the-Middle,Unknown,Unpatched Software,VPN,2704,1528,0.042,45.3,81.0,0.65,Medium
INC-03329,2024-02-18,USA,Retail,Corporate-LAN,Insider Threat,Insider,Weak Passwords,Antivirus,171,127868,3.055,70.0,145.3,1.511,High
INC-03330,2024-02-20,France,Government,Corporate-LAN,Insider Threat,Cybercriminal,Weak Passwords,AI-based IDS,363,74173,1.604,57.7,55.7,0.953,Medium
INC-03331,2024-02-20,France,Healthcare,Corporate-LAN,Credential Stuffing,Unknown,Weak Passwords,AI-based IDS,145,677959,15.76,3.2,15.5,4.304,High
INC-03332,2024-02-20,UK,Finance,Cloud-DC,Ransomware,Cybercriminal,Unpatched Software,AI-based IDS,9156,13901,0.409,3.3,81.4,2.88,High
INC-03333,2024-02-21,Germany,Finance,Banking-Core,Malware,Cybercriminal,Unpatched Software,Antivirus,943,8233,0.207,9.2,36.9,0.518,Medium
INC-03334,2024-02-21,China,IT & Telecom,Cloud-DC,Ransomware,Cybercriminal,Unpatched Software,Firewall,1209,17387,0.491,18.5,203.5,3.45,High
INC-03335,2024-02-22,USA,Finance,Banking-Core,Credential Stuffing,Cybercriminal,Weak Passwords,Firewall,4630,168248,3.356,35.8,65.1,1.815,High
INC-03336,2024-02-22,France,Education,University-Campus,Phishing,Nation-State,Social Engineering,AI-based IDS,994,21023,0.516,12.9,21.8,0.28,Low
INC-03337,2024-02-22,UK,Finance,Corporate-LAN,Insider Threat,Insider,Excess Privileges,MFA,147,126381,1.487,80.4,55.2,1.615,High
INC-03338,2024-02-23,Brazil,Finance,Corporate-LAN,Insider Threat,Insider,Excess Privileges,Encryption,2240,599930,14.19,161.2,103.6,3.055,High
INC-03339,2024-02-23,Australia,Government,Cloud-DC,Malware,Cybercriminal,Unpatched Software,AI-based IDS,4945,36820,0.476,9.8,14.6,0.371,Low
INC-03340,2024-02-23,Japan,Finance,Banking-Core,Phishing,Cybercriminal,Social Engineering,MFA,10016,21513,0.39,7.0,35.3,0.472,Low
INC-03341,2024-02-23,USA,Finance,Cloud-DC,DDoS,Hacktivist,Misconfiguration,Antivirus,13294,88,0.003,1.8,9.6,0.395,Low
INC-03342,2024-02-23,China,Finance,Cloud-DC,SQL Injection,Cybercriminal,Unpatched Software,Firewall,12933,3669,0.038,19.9,55.4,0.714,Medium
INC-03343,2024-02-25,Japan,Retail,Cloud-DC,Credential Stuffing,Unknown,Weak Passwords,Firewall,17475,143973,3.214,170.9,145.5,1.173,Medium
INC-03344,2024-02-25,India,Energy,IoT-Grid,Zero-Day Exploit,Cybercriminal,Zero-Day,MFA,444,16590,0.185,41.7,203.1,2.563,High
INC-03345,2024-02-26,China,Education,Cloud-DC,DDoS,Hacktivist,Misconfiguration,Firewall,5589,74,0.002,0.3,27.2,0.194,Low
INC-03346,2024-02-26,USA,Retail,Corporate-LAN,Credential Stuffing,Cybercriminal,Weak Passwords,Antivirus,2324,29675,0.79,12.4,40.9,0.573,Medium
INC-03347,2024-02-26,Germany,Finance,Cloud-DC,Phishing,Nation-State,Social Engineering,MFA,1518,360415,9.243,10.8,59.7,2.435,High
INC-03348,2024-02-27,USA,Healthcare,Corporate-LAN,Phishing,Unknown,Social Engineering,Firewall,458,69596,0.977,33.8,111.7,1.094,Medium
INC-03349,2024-02-27,USA,Healthcare,Cloud-DC,DDoS,Hacktivist,Misconfiguration,AI-based IDS,6370,214,0.004,0.3,11.1,0.353,Low
INC-03350,2024-02-27,Australia,Government,Cloud-DC,Zero-Day Exploit,Unknown,Zero-Day,VPN,2023,19587,0.478,30.4,125.0,1.032,Medium
INC-03351,2024-02-27,Germany,Finance,Banking-Core,Insider Threat,Insider,Excess Privileges,Firewall,9,55357,1.159,48.8,40.9,0.825,Medium
INC-03352,2024-02-28,China,Healthcare,Corporate-LAN,Insider Threat,Insider,Excess Privileges,Antivirus,194,1094279,24.962,101.0,68.3,6.314,Critical
INC-03353,2024-02-28,USA,Healthcare,Corporate-LAN,Ransomware,Unknown,Social Engineering,Encryption,38879,167830,4.352,10.1,108.3,4.951,High
INC-03354,2024-03-01,USA,Government,Corporate-LAN,Man-in-the-Middle,Cybercriminal,Misconfiguration,MFA,7742,163725,2.944,38.2,50.5,1.55,High
INC-03355,2024-03-01,Brazil,Healthcare,Cloud-DC,Ransomware,Cybercriminal,Unpatched Software,Firewall,1637,5286,0.073,2.6,137.5,3.164,High
INC-03356,2024-03-02,Germany,Education,Cloud-DC,DDoS,Hacktivist,Misconfiguration,Firewall,7497,238,0.003,2.1,15.3,0.226,Low
INC-03357,2024-03-03,China,Education,University-Campus,DDoS,Cybercriminal,Misconfiguration,MFA,28884,469,0.008,0.7,3.3,0.164,Low
INC-03358,2024-03-03,Brazil,Energy,IoT-Grid,Malware,Unknown,Unpatched Software,AI-based IDS,1622,17998,0.396,8.9,19.8,0.393,Low
INC-03359,2024-03-03,Brazil,Healthcare,Cloud-DC,DDoS,Cybercriminal,Misconfiguration,Firewall,34261,225,0.004,2.5,9.2,0.359,Low
INC-03360,2024-03-03,China,Education,University-Campus,Insider Threat,Insider,Excess Privileges,Antivirus,136,3181,0.052,390.6,205.2,0.962,Medium
INC-03361,2024-03-03,UK,Government,Corporate-LAN,DDoS,Nation-State,Unpatched Software,Firewall,2376,272,0.005,0.4,29.3,0.278,Low
INC-03362,2024-03-04,UK,Education,University-Campus,DDoS,Hacktivist,Unpatched Software,Antivirus,56472,595,0.006,6.4,12.1,0.172,Low
INC-03363,2024-03-04,Germany,Energy,IoT-Grid,DDoS,Hacktivist,Unpatched Software,AI-based IDS,4361,357,0.011,0.6,33.1,0.381,Low
INC-03364,2024-03-04,UK,Government,Corporate-LAN,Phishing,Nation-State,Social Engineering,Firewall,1153,41614,1.17,71.1,64.5,0.839,Medium
INC-03365,2024-03-04,Brazil,IT & Telecom,Corporate-LAN,SQL Injection,Cybercriminal,Unpatched Software,AI-based IDS,8320,75582,1.483,19.6,63.2,1.39,Medium
INC-03366,2024-03-04,France,Energy,IoT-Grid,Zero-Day Exploit,Nation-State,Zero-Day,Firewall,1396,15610,0.427,103.0,96.1,0.773,Medium
INC-03367,2024-03-06,USA,Healthcare,Cloud-DC,Ransomware,Cybercriminal,Weak Passwords,Firewall,2134,107677,1.668,6.6,176.9,4.032,High
INC-03368,2024-03-06,India,Education,Cloud-DC,Phishing,Unknown,Social Engineering,MFA,15975,46150,1.018,17.6,21.2,0.372,Low
INC-03369,2024-03-06,France,IT & Telecom,Cloud-DC,SQL Injection,Unknown,Unpatched Software,MFA,7756,5053,0.061,29.9,36.4,0.373,Low
INC-03370,2024-03-07,Japan,Government,Corporate-LAN,Malware,Cybercriminal,Weak Passwords,Antivirus,12187,12846,0.267,19.0,35.8,0.318,Low
INC-03371,2024-03-07,USA,Education,University-Campus,Zero-Day Exploit,Nation-State,Zero-Day,Antivirus,20540,3601,0.083,93.6,58.6,0.486,Low
INC-03372,2024-03-07,Japan,Finance,Banking-Core,DDoS,Hacktivist,Unpatched Software,Firewall,50503,418,0.009,0.7,13.6,0.334,Low
INC-03373,2024-03-07,Brazil,Finance,Banking-Core,Phishing,Cybercriminal,Social Engineering,Antivirus,7898,33350,0.89,6.6,13.8,0.532,Medium
INC-03374,2024-03-07,Brazil,Finance,Corporate-LAN,Phishing,Cybercriminal,Social Engineering,Encryption,1050,549,0.006,12.4,22.9,0.555,Medium
INC-03375,2024-03-08,China,Energy,IoT-Grid,Phishing,Cybercriminal,Weak Passwords,MFA,839,4212,0.063,13.2,65.9,0.743,Medium
INC-03376,2024-03-08,France,Education,University-Campus,DDoS,Nation-State,Unpatched Software,Antivirus,21189,150,0.002,2.2,12.1,0.126,Low
INC-03377,2024-03-08,India,Finance,Banking-Core,Ransomware,Cybercriminal,Social Engineering,MFA,4282,5742,0.158,13.1,88.2,2.587,High
INC-03378,2024-03-09,USA,Energy,IoT-Grid,Ransomware,Hacktivist,Unpatched Software,Firewall,1119,25801,0.69,6.9,285.5,3.732,High
INC-03379,2024-03-10,Russia,Retail,Corporate-LAN,SQL Injection,Cybercriminal,Unpatched Software,Antivirus,3137,55366,0.639,16.1,24.1,0.403,Low
INC-03380,2024-03-10,Brazil,Government,Cloud-DC,Phishing,Unknown,Social Engineering,MFA,2373,7490,0.092,134.5,106.9,0.847,Medium
INC-03381,2024-03-11,Russia,Education,University-Campus,Phishing,Cybercriminal,Social Engineering,VPN,12665,20130,0.6,110.5,76.8,0.56,Medium
INC-03382,2024-03-11,Australia,Education,University-Campus,Phishing,Nation-State,Weak Passwords,Firewall,368,30418,0.839,28.6,32.9,0.318,Low
INC-03383,2024-03-11,China,Education,Cloud-DC,Phishing,Nation-State,Social Engineering,Antivirus,360,825171,8.267,29.5,94.1,3.904,High
INC-03384,2024-03-11,Germany,IT & Telecom,Cloud-DC,Credential Stuffing,Cybercriminal,Weak Passwords,Encryption,3195,67075,1.56,28.4,73.5,1.597,High
INC-03385,2024-03-12,India,Education,University-Campus,SQL Injection,Hacktivist,Unpatched Software,Firewall,2125,33503,0.42,94.0,80.2,0.641,Medium
INC-03386,2024-03-12,USA,Education,University-Campus,Phishing,Nation-State,Weak Passwords,MFA,5435,230430,5.373,13.1,19.1,1.163,Medium
INC-03387,2024-03-13,China,Healthcare,Corporate-LAN,Phishing,Hacktivist,Social Engineering,AI-based IDS,4981,254269,6.086,11.9,26.5,2.409,High
INC-03388,2024-03-13,UK,IT & Telecom,Cloud-DC,Insider Threat,Insider,Excess Privileges,Antivirus,47,184544,4.142,174.8,159.0,2.486,High
INC-03389,2024-03-13,USA,Energy,IoT-Grid,Insider Threat,Insider,Excess Privileges,Antivirus,292,10829,0.296,46.9,72.9,1.667,High
INC-03390,2024-03-15,Germany,Energy,IoT-Grid,Malware,Cybercriminal,Weak Passwords,Antivirus,2492,39654,0.933,21.5,26.8,0.404,Low
INC-03391,2024-03-15,India,Finance,Banking-Core,SQL Injection,Cybercriminal,Misconfiguration,Firewall,1273,166564,3.566,7.5,41.3,1.347,Medium
INC-03392,2024-03-16,China,Government,Cloud-DC,Malware,Nation-State,Unpatched Software,Antivirus,6090,11942,0.159,18.0,55.3,0.639,Medium
INC-03393,2024-03-16,USA,Energy,IoT-Grid,Malware,Cybercriminal,Unpatched Software,Firewall,490,18212,0.216,41.1,35.3,0.411,Low
INC-03394,2024-03-16,India,Healthcare,Corporate-LAN,DDoS,Hacktivist,Unpatched Software,AI-based IDS,21101,270,0.003,0.7,16.3,0.25,Low
INC-03395,2024-03-16,Japan,Energy,IoT-Grid,Malware,Unknown,Unpatched Software,AI-based IDS,700,28057,0.627,2.7,20.5,0.627,Medium
INC-03396,2024-03-17,Germany,IT & Telecom,Cloud-DC,SQL Injection,Unknown,Unpatched Software,Firewall,2642,633227,6.431,23.7,22.5,3.036,High
INC-03397,2024-03-17,France,IT & Telecom,Cloud-DC,Insider Threat,Insider,Excess Privileges,Encryption,87,24286,0.704,55.1,68.5,0.515,Medium
INC-03398,2024-03-17,Japan,Finance,Banking-Core,Malware,Nation-State,Social Engineering,Encryption,551,13211,0.208,2.8,39.3,0.646,Medium
INC-03399,2024-03-17,USA,Retail,Corporate-LAN,SQL Injection,Hacktivist,Unpatched Software,Antivirus,3666,18685,0.267,22.7,31.1,0.35,Low
INC-03400,2024-03-18,Germany,Retail,Corporate-LAN,SQL Injection,Cybercriminal,Unpatched Software,Encryption,15216,36429,0.823,24.5,33.2,0.606,Medium
INC-03401,2024-03-19,Australia,Education,Cloud-DC,DDoS,Nation-State,Unpatched Software,AI-based IDS,8615,664,0.016,4.0,30.4,0.278,Low
INC-03402,2024-03-19,UK,Energy,Corporate-LAN,Ransomware,Unknown,Unpatched Software,MFA,703,18392,0.261,1.3,265.3,3.33,High
INC-03403,2024-03-19,Germany,Retail,Cloud-DC,Phishing,Nation-State,Social Engineering,Encryption,259,37000,0.581,6.0,7.6,0.193,Low
INC-03404,2024-03-19,USA,Energy,IoT-Grid,Malware,Nation-State,Unpatched Software,MFA,10762,7159,0.207,18.8,69.8,0.803,Medium
INC-03405,2024-03-19,Germany,Healthcare,Corporate-LAN,Ransomware,Unknown,Social Engineering,Firewall,1987,21568,0.573,6.1,169.4,3.21,High
INC-03406,2024-03-20,Brazil,IT & Telecom,Cloud-DC,Malware,Cybercriminal,Unpatched Software,Firewall,804,3231,0.096,34.0,69.1,0.709,Medium
INC-03407,2024-03-20,UK,IT & Telecom,Cloud-DC,Phishing,Cybercriminal,Unpatched Software,Antivirus,1244,258682,5.619,31.1,26.5,1.272,Medium
INC-03408,2024-03-20,Germany,Retail,Cloud-DC,Credential Stuffing,Cybercriminal,Misconfiguration,VPN,724,51669,0.625,42.1,50.4,0.827,Medium
INC-03409,2024-03-21,USA,Finance,Banking-Core,Phishing,Cybercriminal,Social Engineering,MFA,792,108967,2.068,43.3,56.6,1.048,Medium
INC-03410,2024-03-21,India,Government,Corporate-LAN,Malware,Cybercriminal,Unpatched Software,Antivirus,803,12929,0.204,21.3,32.2,0.327,Low
INC-03411,2024-03-21,India,Energy,IoT-Grid,Ransomware,Cybercriminal,Weak Passwords,AI-based IDS,1092,52664,1.55,14.9,25.2,1.594,High
INC-03412,2024-03-21,Germany,IT & Telecom,Cloud-DC,Phishing,Cybercriminal,Social Engineering,Antivirus,753,353855,5.726,11.2,30.5,1.844,High
INC-03413,2024-03-22,Brazil,Finance,Banking-Core,Credential Stuffing,Unknown,Weak Passwords,Firewall,15028,5452,0.107,3.9,14.8,0.459,Low
INC-03414,2024-03-22,France,Education,University-Campus,DDoS,Hacktivist,Misconfiguration,Firewall,20327,217,0.003,0.6,14.5,0.157,Low
INC-03415,2024-03-22,France,IT & Telecom,Cloud-DC,Insider Threat,Insider,Excess Privileges,Antivirus,860,385976,5.877,53.3,46.3,2.649,High
INC-03416,2024-03-22,USA,Government,Cloud-DC,DDoS,Hacktivist,Unpatched Software,Firewall,11472,125,0.002,0.5,20.4,0.243,Low
INC-03417,2024-03-22,UK,Government,Corporate-LAN,Zero-Day Exploit,Cybercriminal,Zero-Day,Antivirus,13873,143981,3.286,98.6,82.2,1.261,Medium
INC-03418,2024-03-22,Russia,IT & Telecom,Corporate-LAN,Phishing,Unknown,Social Engineering,Encryption,2355,421581,9.558,10.2,21.9,1.691,High
INC-03419,2024-03-23,Brazil,Retail,Cloud-DC,DDoS,Hacktivist,Unpatched Software,Encryption,3023,484,0.005,1.1,18.6,0.236,Low
INC-03420,2024-03-24,India,Healthcare,Corporate-LAN,Phishing,Hacktivist,Social Engineering,Encryption,1906,95896,2.529,6.2,18.8,1.092,Medium
INC-03421,2024-03-24,USA,IT & Telecom,Cloud-DC,Phishing,Cybercriminal,Weak Passwords,MFA,769,31150,0.41,25.5,71.6,0.739,Medium
INC-03422,2024-03-24,Australia,Finance,Banking-Core,Insider Threat,Insider,Misconfiguration,VPN,67,3624,0.045,96.0,89.2,0.863,Medium
INC-03423,2024-03-24,China,Retail,Cloud-DC,Man-in-the-Middle,Nation-State,Misconfiguration,VPN,3689,4161,0.06,16.0,34.0,0.415,Low
INC-03424,2024-03-24,Germany,Retail,Corporate-LAN,Credential Stuffing,Cybercriminal,Weak Passwords,Firewall,3131,1739,0.038,59.8,42.2,0.406,Low
INC-03425,2024-03-24,Australia,Energy,IoT-Grid,Malware,Unknown,Unpatched Software,Firewall,4419,3168,0.042,22.2,21.5,0.32,Low
INC-03426,2024-03-25,Russia,Government,Cloud-DC,SQL Injection,Cybercriminal,Misconfiguration,AI-based IDS,7271,62969,1.189,20.8,20.1,0.628,Medium
INC-03427,2024-03-25,USA,Government,Corporate-LAN,Phishing,Cybercriminal,Social Engineering,Firewall,1038,417132,11.266,36.5,52.7,2.457,High
INC-03428,2024-03-25,Brazil,Healthcare,Corporate-LAN,Phishing,Cybercriminal,Unpatched Software,Firewall,3842,1798,0.031,37.1,46.0,0.879,Medium
INC-03429,2024-03-25,UK,Finance,Banking-Core,SQL Injection,Cybercriminal,Unpatched Software,AI-based IDS,8413,2996,0.067,16.6,34.9,0.447,Low
INC-03430,2024-03-25,USA,Healthcare,Cloud-DC,Malware,Unknown,Social Engineering,VPN,6230,51056,1.069,32.4,55.7,0.67,Medium
INC-03431,2024-03-25,Brazil,Energy,IoT-Grid,Malware,Unknown,Social Engineering,MFA,18164,4282,0.076,12.2,29.1,0.471,Low
INC-03432,2024-03-25,France,IT & Telecom,Corporate-LAN,Ransomware,Cybercriminal,Unpatched Software,AI-based IDS,1426,6133,0.071,4.6,93.8,1.595,High
INC-03433,2024-03-25,UK,Retail,Cloud-DC,SQL Injection,Cybercriminal,Misconfiguration,Firewall,11902,38590,1.034,6.4,30.1,0.427,Low
INC-03434,2024-03-25,Brazil,Healthcare,Cloud-DC,Malware,Cybercriminal,Social Engineering,AI-based IDS,2479,2687,0.058,4.1,92.3,1.267,Medium
INC-03435,2024-03-26,USA,Finance,Cloud-DC,Ransomware,Cybercriminal,Weak Passwords,Firewall,6203,462770,5.642,5.4,143.9,6.039,Critical
INC-03436,2024-03-26,India,Healthcare,Cloud-DC,Phishing,Unknown,Social Engineering,MFA,419,50070,1.082,46.6,30.3,0.639,Medium
INC-03437,2024-03-27,Japan,Finance,Banking-Core,DDoS,Nation-State,Misconfiguration,Antivirus,2726,770,0.01,2.3,7.3,0.333,Low
INC-03438,2024-03-27,USA,Education,University-Campus,DDoS,Hacktivist,Unpatched Software,Encryption,39220,23,0.0,1.1,5.9,0.121,Low
INC-03439,2024-03-27,USA,Government,Cloud-DC,Phishing,Cybercriminal,Social Engineering,Encryption,4480,14910,0.323,5.9,26.1,0.396,Low
INC-03440,2024-03-28,India,Energy,IoT-Grid,Insider Threat,Cybercriminal,Misconfiguration,MFA,63,5172,0.073,11.4,42.0,0.447,Low
INC-03441,2024-04-01,India,IT & Telecom,Cloud-DC,Phishing,Unknown,Social Engineering,Encryption,1111,33515,0.633,51.4,54.9,0.667,Medium
INC-03442,2024-04-01,USA,Finance,Banking-Core,DDoS,Cybercriminal,Unpatched Software,AI-based IDS,8438,348,0.01,0.6,14.9,0.372,Low
INC-03443,2024-04-02,UK,IT & Telecom,Cloud-DC,Malware,Nation-State,Unpatched Software,Encryption,585,12185,0.149,10.6,24.0,0.368,Low
INC-03444,2024-04-03,India,Government,Corporate-LAN,Phishing,Cybercriminal,Social Engineering,Encryption,471,4116,0.041,21.8,19.7,0.291,Low
INC-03445,2024-04-03,China,IT & Telecom,Cloud-DC,Ransomware,Cybercriminal,Unpatched Software,Encryption,15504,74907,1.999,2.0,171.3,2.915,High
INC-03446,2024-04-03,USA,Government,Cloud-DC,Ransomware,Cybercriminal,Social Engineering,MFA,454,878670,24.316,9.0,109.7,5.225,Critical
INC-03447,2024-04-03,Russia,Healthcare,Corporate-LAN,Phishing,Cybercriminal,Social Engineering,Firewall,903,33144,0.75,41.9,29.7,0.845,Medium
INC-03448,2024-04-05,Germany,Education,Cloud-DC,Phishing,Cybercriminal,Social Engineering,Antivirus,3361,24753,0.316,42.3,72.4,0.509,Medium
INC-03449,2024-04-05,USA,Healthcare,Corporate-LAN,Insider Threat,Cybercriminal,Excess Privileges,AI-based IDS,54,205535,4.223,31.6,38.7,1.708,High
INC-03450,2024-04-06,China,Retail,Cloud-DC,Man-in-the-Middle,Unknown,Misconfiguration,Firewall,1373,101436,2.635,97.9,74.9,1.171,Medium
INC-03451,2024-04-06,Brazil,Energy,Corporate-LAN,Ransomware,Cybercriminal,Unpatched Software,MFA,25644,222482,4.349,5.4,104.0,3.065,High
INC-03452,2024-04-07,India,Finance,Banking-Core,Credential Stuffing,Cybercriminal,Misconfiguration,Firewall,1653,19588,0.538,22.4,26.5,0.77,Medium
INC-03453,2024-04-07,Germany,Education,Cloud-DC,Malware,Nation-State,Social Engineering,Firewall,7176,71363,1.622,15.8,35.1,0.342,Low
INC-03454,2024-04-07,India,Government,Cloud-DC,Man-in-the-Middle,Cybercriminal,Misconfiguration,AI-based IDS,985,51810,0.938,16.2,34.5,0.444,Low
INC-03455,2024-04-07,Germany,Government,Corporate-LAN,Credential Stuffing,Cybercriminal,Weak Passwords,Firewall,1651,572254,13.882,20.3,54.6,2.76,High
INC-03456,2024-04-09,USA,Retail,Cloud-DC,SQL Injection,Cybercriminal,Unpatched Software,Firewall,3635,2587,0.067,62.7,42.1,0.352,Low
INC-03457,2024-04-09,Japan,Retail,Cloud-DC,Malware,Cybercriminal,Social Engineering,Antivirus,2385,1646,0.019,15.1,31.0,0.29,Low
INC-03458,2024-04-09,Germany,IT & Telecom,Corporate-LAN,SQL Injection,Unknown,Misconfiguration,Antivirus,10769,80036,1.266,19.0,82.8,0.755,Medium
INC-03459,2024-04-10,USA,Retail,Cloud-DC,Phishing,Cybercriminal,Social Engineering,VPN,9910,82078,1.734,41.2,48.0,0.554,Medium
INC-03460,2024-04-10,USA,Government,Corporate-LAN,Man-in-the-Middle,Cybercriminal,Misconfiguration,Firewall,2755,700,0.008,3.2,36.1,0.326,Low
INC-03461,2024-04-10,France,Retail,Cloud-DC,SQL Injection,Cybercriminal,Unpatched Software,Firewall,6707,319246,4.759,16.6,29.4,2.167,High
INC-03462,2024-04-11,Russia,Healthcare,Cloud-DC,Ransomware,Cybercriminal,Weak Passwords,Antivirus,3762,27077,0.371,2.5,184.1,3.072,High
INC-03463,2024-04-11,Russia,Finance,Cloud-DC,SQL Injection,Hacktivist,Unpatched Software,Firewall,1352,266834,2.786,4.3,12.0,1.122,Medium
INC-03464,2024-04-11,UK,Finance,Cloud-DC,Ransomware,Cybercriminal,Social Engineering,Firewall,2907,107686,2.35,29.5,84.1,2.917,High
INC-03465,2024-04-11,Germany,Healthcare,Corporate-LAN,Malware,Cybercriminal,Weak Passwords,Encryption,466,54436,0.549,5.2,22.3,0.969,Medium
INC-03466,2024-04-12,USA,Education,University-Campus,DDoS,Hacktivist,Misconfiguration,Firewall,6201,4165,0.056,0.8,19.5,0.225,Low
INC-03467,2024-04-12,UK,Retail,Cloud-DC,SQL Injection,Unknown,Misconfiguration,Antivirus,30493,16238,0.474,15.1,59.4,0.73,Medium
INC-03468,2024-04-13,China,Healthcare,Cloud-DC,Ransomware,Cybercriminal,Social Engineering,Antivirus,2262,28225,0.658,6.1,97.7,3.202,High
INC-03469,2024-04-13,USA,Healthcare,Cloud-DC,Insider Threat,Insider,Misconfiguration,Antivirus,192,7904,0.113,33.1,45.3,0.556,Medium
INC-03470,2024-04-13,USA,Finance,Banking-Core,Phishing,Nation-State,Social Engineering,AI-based IDS,5157,55833,1.321,3.0,10.7,0.646,Medium
INC-03471,2024-04-14,USA,IT & Telecom,Corporate-LAN,Phishing,Cybercriminal,Social Engineering,Firewall,3161,206687,3.462,4.4,46.9,1.085,Medium
INC-03472,2024-04-14,USA,IT & Telecom,Cloud-DC,Zero-Day Exploit,Nation-State,Zero-Day,Antivirus,7512,15269,0.398,,30.5,0.407,Low
INC-03473,2024-04-14,USA,Retail,Corporate-LAN,Ransomware,Cybercriminal,Social Engineering,MFA,4463,52003,1.127,6.1,64.2,1.961,High
INC-03474,2024-04-15,France,Retail,Cloud-DC,SQL Injection,Cybercriminal,Unpatched Software,Antivirus,7527,37277,0.555,27.3,134.6,1.376,Medium
INC-03475,2024-04-15,Germany,Education,University-Campus,DDoS,Hacktivist,Unpatched Software,Firewall,26731,4789,0.056,0.4,21.1,0.339,Low
INC-03476,2024-04-15,India,IT & Telecom,Corporate-LAN,SQL Injection,Cybercriminal,Misconfiguration,Antivirus,7167,144384,3.087,34.6,74.9,1.148,Medium
INC-03477,2024-04-15,USA,IT & Telecom,Cloud-DC,Phishing,Cybercriminal,Social Engineering,Firewall,7213,2572,0.036,31.4,39.0,0.494,Low
INC-03478,2024-04-16,Australia,Finance,Corporate-LAN,Ransomware,Cybercriminal,Weak Passwords,Firewall,4886,25069,0.386,27.5,54.5,2.079,High
INC-03479,2024-04-17,China,Government,Corporate-LAN,Phishing,Cybercriminal,Social Engineering,Firewall,1086,22842,0.659,13.2,68.6,0.769,Medium
INC-03480,2024-04-18,Germany,Energy,Corporate-LAN,Zero-Day Exploit,Nation-State,Zero-Day,MFA,5295,8372,0.163,83.7,108.4,2.256,High
INC-03481,2024-04-18,UK,Finance,Banking-Core,Credential Stuffing,Cybercriminal,Weak Passwords,Encryption,210,58267,1.379,19.7,52.3,0.952,Medium
INC-03482,2024-04-18,Australia,Education,University-Campus,DDoS,Hacktivist,Unpatched Software,Firewall,76283,253,0.003,0.4,5.4,0.168,Low
INC-03483,2024-04-19,India,Government,Corporate-LAN,Zero-Day Exploit,,Zero-Day,Antivirus,394,47064,0.552,14.9,96.5,1.379,Medium
INC-03484,2024-04-20,China,Education,University-Campus,DDoS,Unknown,Unpatched Software,Antivirus,5851,27,0.001,0.3,21.8,0.285,Low
INC-03485,2024-04-20,Australia,Retail,Cloud-DC,Credential Stuffing,Cybercriminal,Misconfiguration,Firewall,23771,1136700,23.24,22.6,31.7,5.158,Critical
INC-03486,2024-04-21,USA,Finance,Cloud-DC,Phishing,Nation-State,Social Engineering,Encryption,8111,22784,0.409,6.6,32.4,0.428,Low
INC-03487,2024-04-23,USA,Healthcare,Corporate-LAN,Man-in-the-Middle,Cybercriminal,Unpatched Software,Firewall,29356,9214,0.234,7.3,105.0,0.658,Medium
INC-03488,2024-04-24,USA,Finance,Banking-Core,Phishing,Cybercriminal,Social Engineering,MFA,1097,19036,0.295,101.8,183.3,1.682,High
INC-03489,2024-04-25,China,Government,Cloud-DC,Insider Threat,Insider,Misconfiguration,Encryption,411,5805,0.131,107.0,170.4,1.326,Medium
INC-03490,2024-04-25,Brazil,Retail,Corporate-LAN,Ransomware,Unknown,Weak Passwords,Antivirus,7649,3346,0.088,10.1,113.5,1.824,High
INC-03491,2024-04-26,USA,Healthcare,Cloud-DC,Phishing,Cybercriminal,Social Engineering,AI-based IDS,1963,26415,0.65,9.5,37.1,0.729,Medium
INC-03492,2024-04-26,Brazil,Retail,Cloud-DC,DDoS,Hacktivist,Unpatched Software,Firewall,6679,8179,0.204,0.3,7.7,0.219,Low
INC-03493,2024-04-26,UK,Education,University-Campus,Credential Stuffing,Cybercriminal,Weak Passwords,VPN,11554,11310,0.317,170.0,152.6,0.788,Medium
INC-03494,2024-04-26,India,Healthcare,Corporate-LAN,Phishing,Cybercriminal,Social Engineering,Firewall,289,288909,8.108,6.2,33.4,3.276,High
INC-03495,2024-04-26,India,Healthcare,Cloud-DC,SQL Injection,Cybercriminal,Unpatched Software,Firewall,1634,40834,1.128,18.5,42.7,0.93,Medium
INC-03496,2024-04-27,Brazil,Finance,Cloud-DC,DDoS,,Misconfiguration,MFA,1503,31,0.001,1.5,8.6,0.27,Low
INC-03497,2024-04-27,France,Government,Corporate-LAN,Insider Threat,Insider,Excess Privileges,Firewall,491,671379,17.361,44.9,48.4,2.559,High
INC-03498,2024-04-28,India,Healthcare,IoT-Grid,Ransomware,Cybercriminal,Weak Passwords,AI-based IDS,27008,40635,0.675,4.6,80.9,2.203,High
INC-03499,2024-04-28,Australia,Finance,Corporate-LAN,Phishing,Nation-State,Social Engineering,VPN,828,33338,0.937,24.5,80.9,1.243,Medium
INC-03500,2024-05-01,Japan,Finance,Banking-Core,Credential Stuffing,Cybercriminal,Weak Passwords,Firewall,1583,98343,1.557,28.6,50.7,1.621,High
INC-03501,2024-05-01,India,Finance,Banking-Core,Credential Stuffing,Cybercriminal,Weak Passwords,Encryption,6652,467667,5.035,22.2,52.8,3.21,High
INC-03502,2024-05-02,UK,Healthcare,Corporate-LAN,DDoS,Nation-State,Unpatched Software,Encryption,230672,106,0.002,0.2,9.8,0.454,Low
INC-03503,2024-05-04,USA,IT & Telecom,Cloud-DC,SQL Injection,Cybercriminal,Misconfiguration,Firewall,779,24122,0.63,29.4,49.7,0.476,Low
INC-03504,2024-05-04,Germany,IT & Telecom,Cloud-DC,Credential Stuffing,Cybercriminal,Weak Passwords,VPN,1035,7808,0.168,40.3,44.3,0.482,Low
INC-03505,2024-05-04,USA,Government,Corporate-LAN,Ransomware,Cybercriminal,Unpatched Software,MFA,1474,33590,0.348,2.5,113.7,2.129,High
INC-03506,2024-05-04,USA,Retail,Corporate-LAN,Insider Threat,Insider,Excess Privileges,Antivirus,1940,4799,0.068,83.4,96.6,0.64,Medium
INC-03507,2024-05-05,Germany,Finance,Banking-Core,Ransomware,Cybercriminal,Social Engineering,AI-based IDS,619,18271,0.502,2.0,53.1,2.012,High
INC-03508,2024-05-05,Germany,Retail,Cloud-DC,Credential Stuffing,Cybercriminal,Weak Passwords,Firewall,5191,33160,0.544,14.7,23.0,0.284,Low
INC-03509,2024-05-06,USA,IT & Telecom,Cloud-DC,Phishing,Cybercriminal,Social Engineering,MFA,473,9620,0.173,10.6,18.9,0.299,Low
INC-03510,2024-05-06,Germany,Healthcare,Corporate-LAN,Ransomware,Cybercriminal,Unpatched Software,VPN,3660,2826,0.067,4.5,165.1,3.214,High
INC-03511,2024-05-06,India,IT & Telecom,Corporate-LAN,DDoS,Hacktivist,Unpatched Software,MFA,20709,583,0.017,1.7,26.8,0.629,Medium
INC-03512,2024-05-06,Japan,Energy,IoT-Grid,Ransomware,Cybercriminal,Unpatched Software,MFA,2431,34379,0.437,164.6,115.9,2.746,High
INC-03513,2024-05-06,UK,Finance,Banking-Core,Ransomware,Cybercriminal,Unpatched Software,Firewall,4878,17734,0.465,8.6,39.8,1.569,High
INC-03514,2024-05-07,Brazil,Retail,Cloud-DC,Credential Stuffing,,Weak Passwords,AI-based IDS,5113,77559,2.173,4.9,60.8,0.907,Medium
INC-03515,2024-05-07,China,Education,Cloud-DC,Ransomware,Cybercriminal,Unpatched Software,Firewall,3489,188758,5.413,1.2,311.5,3.335,High
INC-03516,2024-05-08,USA,IT & Telecom,Corporate-LAN,Phishing,Cybercriminal,Social Engineering,Firewall,516,16085,0.309,4.8,13.7,0.39,Low
INC-03517,2024-05-10,USA,Government,Corporate-LAN,Man-in-the-Middle,Cybercriminal,Misconfiguration,Antivirus,7328,11534,0.203,51.8,60.8,0.558,Medium
INC-03518,2024-05-10,Brazil,Energy,IoT-Grid,Zero-Day Exploit,Nation-State,Zero-Day,MFA,5431,190835,2.28,144.5,231.4,3.269,High
INC-03519,2024-05-10,Brazil,IT & Telecom,Corporate-LAN,Zero-Day Exploit,Nation-State,Zero-Day,AI-based IDS,470,2772,0.055,31.8,56.2,0.678,Medium
INC-03520,2024-05-11,India,Retail,Cloud-DC,Ransomware,Cybercriminal,Unpatched Software,Encryption,11264,30135,0.306,2.9,39.5,1.623,High
INC-03521,2024-05-12,USA,Retail,Corporate-LAN,Man-in-the-Middle,Nation-State,Misconfiguration,Firewall,2075,3226,0.091,28.9,35.5,0.451,Low
INC-03522,2024-05-12,China,Finance,Cloud-DC,Phishing,Cybercriminal,Social Engineering,Antivirus,1928,998,0.015,14.4,12.4,0.584,Medium
INC-03523,2024-05-12,Germany,Government,Corporate-LAN,Phishing,Cybercriminal,Weak Passwords,VPN,16788,37276,0.384,15.3,23.8,0.359,Low
INC-03524,2024-05-12,USA,Retail,Cloud-DC,Ransomware,Cybercriminal,Unpatched Software,Firewall,3398,96019,2.508,2.5,182.1,4.759,High
INC-03525,2024-05-13,Germany,Government,Cloud-DC,Ransomware,Cybercriminal,Social Engineering,Firewall,54392,10546,0.125,7.6,83.7,2.433,High
INC-03526,2024-05-13,France,Energy,IoT-Grid,DDoS,Hacktivist,Misconfiguration,Firewall,4993,78,0.001,1.0,5.3,0.289,Low
INC-03527,2024-05-13,Germany,Energy,IoT-Grid,Malware,Cybercriminal,Unpatched Software,VPN,9532,8332,0.141,25.6,41.1,0.788,Medium
INC-03528,2024-05-14,Germany,Finance,Cloud-DC,Man-in-the-Middle,Cybercriminal,Unpatched Software,VPN,26381,2451,0.069,165.1,97.5,1.048,Medium
INC-03529,2024-05-14,Brazil,Healthcare,Corporate-LAN,Phishing,Cybercriminal,Social Engineering,VPN,8853,2358,0.057,8.4,50.8,0.579,Medium
INC-03530,2024-05-14,Japan,Finance,Cloud-DC,DDoS,Cybercriminal,Misconfiguration,Firewall,59530,1828,0.032,0.3,24.3,0.505,Medium
INC-03531,2024-05-15,UK,IT & Telecom,Cloud-DC,Zero-Day Exploit,Unknown,Zero-Day,Firewall,7657,80667,2.261,58.0,155.2,2.272,High
INC-03532,2024-05-15,USA,Finance,Cloud-DC,SQL Injection,Nation-State,Misconfiguration,Encryption,180,404679,11.834,4.2,28.4,3.003,High
INC-03533,2024-05-15,France,Government,Corporate-LAN,Ransomware,Cybercriminal,Weak Passwords,AI-based IDS,1720,36759,0.674,1.3,118.2,2.727,High
INC-03534,2024-05-16,China,Finance,Cloud-DC,Zero-Day Exploit,Nation-State,Zero-Day,Antivirus,1349,31503,0.455,208.8,155.2,2.408,High
INC-03535,2024-05-17,UK,Government,Cloud-DC,Man-in-the-Middle,Hacktivist,Misconfiguration,MFA,4215,1572,0.046,45.8,38.4,0.525,Medium
INC-03536,2024-05-17,USA,Energy,IoT-Grid,DDoS,Hacktivist,Unpatched Software,AI-based IDS,31756,185,0.004,2.9,20.2,0.305,Low
INC-03537,2024-05-17,UK,IT & Telecom,Cloud-DC,Ransomware,Cybercriminal,Social Engineering,AI-based IDS,5233,56976,0.722,2.7,99.4,2.521,High
INC-03538,2024-05-18,Japan,Government,Corporate-LAN,Ransomware,Cybercriminal,Social Engineering,MFA,11816,211562,3.273,,111.2,4.281,High
INC-03539,2024-05-19,UK,Government,Cloud-DC,Phishing,Nation-State,Social Engineering,Antivirus,3730,3813,0.104,6.7,8.0,0.203,Low
INC-03540,2024-05-19,USA,Retail,Cloud-DC,Credential Stuffing,Cybercriminal,Weak Passwords,VPN,1330,10419,0.111,6.3,38.5,0.396,Low
INC-03541,2024-05-19,USA,Retail,Cloud-DC,Phishing,Unknown,Social Engineering,Firewall,2199,106340,1.902,31.9,25.4,0.908,Medium
INC-03542,2024-05-19,India,Education,University-Campus,Phishing,Cybercriminal,Social Engineering,Encryption,4888,49108,0.892,7.8,54.4,0.465,Low
INC-03543,2024-05-20,Russia,Government,Corporate-LAN,Ransomware,Cybercriminal,Weak Passwords,Encryption,4433,86023,1.613,7.8,36.6,2.282,High
INC-03544,2024-05-20,Brazil,Healthcare,Corporate-LAN,Ransomware,Cybercriminal,Social Engineering,AI-based IDS,7767,7998,0.175,7.7,142.0,3.387,High
INC-03545,2024-05-20,Germany,Retail,Corporate-LAN,Malware,Unknown,Unpatched Software,Encryption,4085,77441,1.424,21.0,44.0,0.789,Medium
INC-03546,2024-05-22,USA,Energy,IoT-Grid,Malware,Unknown,Social Engineering,AI-based IDS,491,370,0.011,57.1,69.4,0.735,Medium
INC-03547,2024-05-22,USA,Finance,Banking-Core,DDoS,Hacktivist,Misconfiguration,MFA,10691,504,0.008,1.4,5.9,0.309,Low
INC-03548,2024-05-22,USA,Retail,Cloud-DC,Insider Threat,Cybercriminal,Excess Privileges,AI-based IDS,100,83398,1.396,62.6,43.9,0.804,Medium
INC-03549,2024-05-23,Japan,Healthcare,Corporate-LAN,SQL Injection,Cybercriminal,Unpatched Software,MFA,3602,284764,5.053,6.3,37.5,1.679,High
INC-03550,2024-05-23,India,Finance,Banking-Core,Credential Stuffing,Cybercriminal,Weak Passwords,Antivirus,6372,17586,0.181,27.6,40.5,0.652,Medium
INC-03551,2024-05-23,Brazil,Energy,Corporate-LAN,Phishing,Cybercriminal,Social Engineering,Firewall,2351,38750,0.466,114.6,79.5,1.214,Medium
INC-03552,2024-05-23,China,Healthcare,IoT-Grid,Ransomware,Nation-State,Social Engineering,Firewall,3336,46410,0.587,68.6,61.4,2.593,High
INC-03553,2024-05-23,Germany,Energy,IoT-Grid,Zero-Day Exploit,Nation-State,Zero-Day,Antivirus,10843,16260,0.216,28.3,136.9,1.164,Medium
INC-03554,2024-05-23,India,Government,Corporate-LAN,Zero-Day Exploit,Cybercriminal,Zero-Day,MFA,4198,104976,1.851,48.6,57.3,0.671,Medium
INC-03555,2024-05-23,USA,Retail,Corporate-LAN,Ransomware,Cybercriminal,Social Engineering,Encryption,2617,10303,0.218,4.0,103.1,1.772,High
INC-03556,2024-05-24,USA,Finance,Banking-Core,Man-in-the-Middle,Cybercriminal,Social Engineering,Antivirus,7151,12762,0.36,39.8,118.8,1.502,High
INC-03557,2024-05-24,USA,Education,University-Campus,DDoS,Cybercriminal,Misconfiguration,MFA,27830,13,0.0,1.9,12.5,0.152,Low
INC-03558,2024-05-25,UK,Retail,Cloud-DC,SQL Injection,Hacktivist,Misconfiguration,MFA,3894,53697,1.395,24.2,22.0,0.422,Low
INC-03559,2024-05-25,Japan,Finance,Corporate-LAN,Insider Threat,Insider,Weak Passwords,MFA,563,1191366,32.7,404.9,249.4,6.261,Critical
INC-03560,2024-05-25,France,Retail,Cloud-DC,SQL Injection,Unknown,Unpatched Software,Firewall,3655,29347,0.339,93.4,60.8,0.865,Medium
INC-03561,2024-05-25,Russia,Healthcare,Cloud-DC,Ransomware,Cybercriminal,Social Engineering,Antivirus,2152,1872,0.031,6.8,80.7,3.22,High
INC-03562,2024-05-26,Australia,Retail,Corporate-LAN,Credential Stuffing,Cybercriminal,Weak Passwords,Antivirus,4447,29082,0.671,2.8,33.7,0.55,Medium
INC-03563,2024-05-26,Japan,Healthcare,IoT-Grid,Malware,Cybercriminal,Unpatched Software,Firewall,304,6786,0.151,8.0,57.0,0.737,Medium
INC-03564,2024-05-26,India,Government,Corporate-LAN,DDoS,Cybercriminal,Unpatched Software,Firewall,7069,545,0.01,1.5,6.1,0.294,Low
INC-03565,2024-05-26,Russia,Finance,Banking-Core,Ransomware,Cybercriminal,Unpatched Software,Encryption,104,42029,0.665,14.6,43.5,1.721,High
INC-03566,2024-05-26,UK,Education,University-Campus,Phishing,Cybercriminal,Social Engineering,Firewall,8380,17390,0.34,19.5,30.4,0.215,Low
INC-03567,2024-05-27,USA,Education,University-Campus,Phishing,Nation-State,Social Engineering,Encryption,479,22047,0.404,8.4,19.7,0.28,Low
INC-03568,2024-05-28,UK,IT & Telecom,Corporate-LAN,DDoS,Hacktivist,Misconfiguration,AI-based IDS,506,186,0.003,0.5,13.2,0.243,Low
INC-03569,2024-05-28,France,IT & Telecom,Cloud-DC,Zero-Day Exploit,Hacktivist,Zero-Day,Firewall,3337,6130,0.166,215.2,143.4,1.039,Medium
INC-03570,2024-05-28,India,Retail,Cloud-DC,Credential Stuffing,Cybercriminal,Misconfiguration,VPN,3372,478045,9.546,18.6,23.0,2.684,High
INC-03571,2024-05-28,China,Government,Corporate-LAN,Man-in-the-Middle,Cybercriminal,Misconfiguration,AI-based IDS,653,26085,0.292,21.6,21.8,0.511,Medium
INC-03572,2024-05-28,USA,Government,Cloud-DC,Insider Threat,Insider,Excess Privileges,Firewall,217,18252,0.406,104.7,71.4,0.422,Low
INC-03573,2024-06-01,Australia,IT & Telecom,Cloud-DC,Malware,Nation-State,Unpatched Software,AI-based IDS,4153,198045,5.69,5.0,10.1,1.003,Medium
INC-03574,2024-06-02,Germany,IT & Telecom,Cloud-DC,DDoS,Hacktivist,Misconfiguration,Antivirus,9433,142,0.003,0.6,18.4,0.29,Low
INC-03575,2024-06-02,Australia,Finance,Banking-Core,DDoS,Hacktivist,Misconfiguration,Firewall,10841,789,0.019,0.4,17.2,0.563,Medium
INC-03576,2024-06-02,USA,Retail,Cloud-DC,Credential Stuffing,Cybercriminal,Weak Passwords,VPN,446,88070,2.283,65.8,57.0,0.917,Medium
INC-03577,2024-06-03,USA,IT & Telecom,Corporate-LAN,Zero-Day Exploit,Nation-State,Zero-Day,AI-based IDS,481,7098,0.094,18.4,137.2,0.834,Medium
INC-03578,2024-06-03,UK,Healthcare,Cloud-DC,Ransomware,Cybercriminal,Social Engineering,MFA,5713,110800,1.857,2.7,34.1,3.347,High
INC-03579,2024-06-03,Germany,Government,Corporate-LAN,Phishing,Cybercriminal,Social Engineering,Antivirus,17630,114485,2.415,3.8,9.8,0.583,Medium
INC-03580,2024-06-03,USA,Finance,Banking-Core,Zero-Day Exploit,Nation-State,Zero-Day,MFA,68458,25239,0.524,104.8,79.9,1.098,Medium
INC-03581,2024-06-04,Russia,Healthcare,Cloud-DC,Zero-Day Exploit,Nation-State,Zero-Day,Encryption,1674,15769,0.203,41.9,110.3,1.128,Medium
INC-03582,2024-06-04,Brazil,Education,University-Campus,Phishing,Cybercriminal,Social Engineering,Firewall,2030,365574,4.444,13.1,22.3,1.591,High
INC-03583,2024-06-04,Brazil,Retail,Corporate-LAN,DDoS,Hacktivist,Unpatched Software,VPN,7528,23,0.001,0.3,10.5,0.151,Low
INC-03584,2024-06-04,China,Healthcare,Cloud-DC,Ransomware,Unknown,Social Engineering,MFA,2338,24054,0.703,,128.8,3.279,High
INC-03585,2024-06-05,Russia,Finance,Cloud-DC,Phishing,Cybercriminal,Social Engineering,Firewall,5608,3664,0.083,4.7,23.7,0.596,Medium
INC-03586,2024-06-05,Germany,IT & Telecom,Cloud-DC,Insider Threat,,Weak Passwords,Encryption,1322,402531,11.818,90.3,50.8,1.774,High
INC-03587,2024-06-05,China,Retail,Corporate-LAN,Phishing,Nation-State,Social Engineering,Firewall,945,372,0.009,20.4,24.4,0.199,Low
INC-03588,2024-06-05,India,Energy,IoT-Grid,Zero-Day Exploit,Hacktivist,Zero-Day,MFA,1769,16060,0.197,22.4,168.6,1.611,High
INC-03589,2024-06-05,UK,Retail,Cloud-DC,SQL Injection,Cybercriminal,Misconfiguration,MFA,16510,21957,0.469,6.2,14.7,0.389,Low
INC-03590,2024-06-05,USA,Finance,Banking-Core,Zero-Day Exploit,Nation-State,Zero-Day,Antivirus,17855,59871,1.305,52.5,103.8,2.288,High
INC-03591,2024-06-05,USA,Finance,Banking-Core,Phishing,Cybercriminal,Weak Passwords,MFA,2094,42194,0.804,6.3,17.3,0.648,Medium
INC-03592,2024-06-06,Brazil,Energy,IoT-Grid,Ransomware,Cybercriminal,Social Engineering,MFA,8321,37995,0.803,53.4,245.4,4.159,High
INC-03593,2024-06-06,Germany,Government,Cloud-DC,Insider Threat,Insider,Excess Privileges,Antivirus,231,87042,1.93,604.3,346.2,2.82,High
INC-03594,2024-06-07,UK,Finance,Cloud-DC,Phishing,Cybercriminal,Social Engineering,AI-based IDS,16577,14268,0.286,6.5,10.0,0.333,Low
INC-03595,2024-06-07,India,Retail,Cloud-DC,Phishing,Cybercriminal,Social Engineering,Antivirus,1367,747873,19.92,15.2,29.7,2.538,High
INC-03596,2024-06-07,USA,Government,Corporate-LAN,Insider Threat,Cybercriminal,Excess Privileges,MFA,80,21748,0.348,14.9,24.7,0.412,Low
INC-03597,2024-06-08,Brazil,Education,Cloud-DC,Ransomware,Cybercriminal,Social Engineering,VPN,2018,10922,0.239,1.9,79.1,1.095,Medium
INC-03598,2024-06-08,Germany,Government,Corporate-LAN,DDoS,Cybercriminal,Unpatched Software,VPN,14071,210,0.004,1.6,5.5,0.256,Low
INC-03599,2024-06-08,USA,IT & Telecom,Cloud-DC,SQL Injection,Nation-State,Unpatched Software,Antivirus,521,591726,7.923,45.5,76.5,3.163,High
INC-03600,2024-06-11,Russia,Retail,Cloud-DC,Phishing,Cybercriminal,Social Engineering,AI-based IDS,993,12252,0.305,6.8,23.5,0.374,Low
INC-03601,2024-06-12,UK,IT & Telecom,Cloud-DC,Insider Threat,Insider,Misconfiguration,Antivirus,49,32444,0.497,329.5,238.7,2.797,High
INC-03602,2024-06-12,India,Finance,Cloud-DC,DDoS,Nation-State,Unpatched Software,Encryption,16272,41,0.001,0.1,13.9,0.45,Low
INC-03603,2024-06-13,Russia,Finance,Banking-Core,DDoS,Cybercriminal,Unpatched Software,Antivirus,11034,779,0.017,2.4,9.7,0.235,Low
INC-03604,2024-06-13,France,Government,Corporate-LAN,Malware,Cybercriminal,Unpatched Software,VPN,8410,11943,0.172,6.4,77.8,0.914,Medium
INC-03605,2024-06-13,India,IT & Telecom,Cloud-DC,DDoS,Hacktivist,Misconfiguration,Antivirus,2048,81,0.001,0.3,10.5,0.224,Low
INC-03606,2024-06-14,Russia,Healthcare,Corporate-LAN,Ransomware,Cybercriminal,Social Engineering,MFA,691,27265,0.407,2.6,86.7,2.179,High
INC-03607,2024-06-14,USA,Healthcare,Corporate-LAN,Phishing,Nation-State,Social Engineering,AI-based IDS,528,42005,1.1,4.4,38.3,0.598,Medium
INC-03608,2024-06-14,Brazil,Government,Corporate-LAN,Man-in-the-Middle,Cybercriminal,Social Engineering,Firewall,745,4215,0.123,20.2,64.5,0.761,Medium
INC-03609,2024-06-14,Australia,IT & Telecom,Cloud-DC,DDoS,Nation-State,Misconfiguration,Firewall,8945,30,0.0,0.6,16.3,0.184,Low
INC-03610,2024-06-15,India,Education,Cloud-DC,SQL Injection,Cybercriminal,Misconfiguration,Firewall,12432,20557,0.52,51.4,60.5,0.416,Low
INC-03611,2024-06-15,Australia,Education,Cloud-DC,Ransomware,Cybercriminal,Social Engineering,Firewall,8799,3875,0.058,11.3,41.2,1.539,High
INC-03612,2024-06-15,Japan,Finance,Cloud-DC,Credential Stuffing,Cybercriminal,Weak Passwords,VPN,378,44840,0.932,16.5,33.7,0.648,Medium
INC-03613,2024-06-16,France,IT & Telecom,Cloud-DC,DDoS,Nation-State,Misconfiguration,Firewall,17677,444,0.006,1.4,10.9,0.238,Low
INC-03614,2024-06-17,Russia,Energy,IoT-Grid,Zero-Day Exploit,Nation-State,Zero-Day,Firewall,33406,6461,0.066,131.0,138.4,1.954,High
INC-03615,2024-06-17,Australia,Finance,Banking-Core,SQL Injection,Unknown,Misconfiguration,Antivirus,5152,25483,0.365,11.0,16.8,0.449,Low
INC-03616,2024-06-17,USA,Healthcare,Cloud-DC,Malware,Hacktivist,Unpatched Software,Firewall,10815,20840,0.33,25.5,33.6,0.533,Medium
INC-03617,2024-06-18,USA,Healthcare,Corporate-LAN,Phishing,Nation-State,Weak Passwords,MFA,1938,56170,0.844,19.3,33.7,0.767,Medium
INC-03618,2024-06-19,UK,Government,Corporate-LAN,Zero-Day Exploit,Nation-State,Zero-Day,Firewall,1433,31081,0.742,30.6,82.8,0.782,Medium
INC-03619,2024-06-19,USA,Government,Corporate-LAN,Zero-Day Exploit,Nation-State,Zero-Day,MFA,6834,17010,0.185,68.1,95.2,0.811,Medium
INC-03620,2024-06-19,UK,Energy,IoT-Grid,Insider Threat,Insider,Misconfiguration,Firewall,140,33314,0.42,126.6,93.9,0.781,Medium
INC-03621,2024-06-19,USA,Healthcare,Corporate-LAN,Ransomware,Cybercriminal,Weak Passwords,VPN,8399,208991,3.163,7.0,54.2,1.78,High
INC-03622,2024-06-19,China,Healthcare,Corporate-LAN,Phishing,Unknown,Social Engineering,AI-based IDS,1070,33214,0.854,31.5,102.1,1.773,High
INC-03623,2024-06-20,USA,Healthcare,Corporate-LAN,Phishing,Cybercriminal,Social Engineering,Antivirus,702,3478,0.045,10.0,44.0,0.635,Medium
INC-03624,2024-06-21,India,Retail,Cloud-DC,Phishing,Cybercriminal,Social Engineering,Firewall,729,944,0.02,7.1,49.9,0.48,Low
INC-03625,2024-06-21,USA,Education,University-Campus,DDoS,Hacktivist,Unpatched Software,Antivirus,22714,669,0.02,,7.6,0.12,Low
INC-03626,2024-06-22,Australia,Government,Corporate-LAN,Malware,Cybercriminal,Unpatched Software,AI-based IDS,567,16663,0.457,12.5,59.0,0.648,Medium
INC-03627,2024-06-23,Germany,Finance,Banking-Core,Malware,Nation-State,Social Engineering,Antivirus,8638,109219,1.237,272.5,183.3,2.172,High
INC-03628,2024-06-23,Australia,Government,Corporate-LAN,Zero-Day Exploit,Nation-State,Zero-Day,Firewall,952,4597,0.136,167.7,146.8,1.216,Medium
INC-03629,2024-06-25,India,Education,University-Campus,Phishing,Cybercriminal,Social Engineering,MFA,5103,5753,0.125,14.7,22.3,0.153,Low
INC-03630,2024-06-26,Russia,Government,Cloud-DC,Zero-Day Exploit,Unknown,Zero-Day,Firewall,6422,58382,0.64,60.6,197.0,2.241,High
INC-03631,2024-06-26,UK,IT & Telecom,Corporate-LAN,Malware,Nation-State,Social Engineering,MFA,653,18273,0.28,,48.0,0.626,Medium
INC-03632,2024-06-27,France,Retail,Corporate-LAN,Man-in-the-Middle,Hacktivist,Misconfiguration,MFA,34221,2730,0.064,49.7,71.2,0.389,Low
INC-03633,2024-06-27,France,Education,University-Campus,SQL Injection,Unknown,Misconfiguration,Firewall,2536,291295,5.179,7.4,106.3,1.453,Medium
INC-03634,2024-06-27,China,IT & Telecom,Corporate-LAN,Zero-Day Exploit,Cybercriminal,Zero-Day,Antivirus,6046,3710,0.07,179.3,151.4,1.022,Medium
INC-03635,2024-06-27,USA,IT & Telecom,Corporate-LAN,Ransomware,Nation-State,Unpatched Software,AI-based IDS,12608,30717,0.319,3.9,42.5,2.544,High
INC-03636,2024-06-27,China,IT & Telecom,Corporate-LAN,Phishing,Cybercriminal,Social Engineering,Antivirus,42910,38536,0.931,106.6,116.7,1.33,Medium
INC-03637,2024-06-28,Japan,Energy,IoT-Grid,Malware,Cybercriminal,Social Engineering,Encryption,2119,4682,0.13,30.6,36.0,0.388,Low
INC-03638,2024-07-01,India,Healthcare,Corporate-LAN,Malware,Cybercriminal,Unpatched Software,Firewall,1959,363,0.008,46.8,58.4,0.824,Medium
INC-03639,2024-07-01,Brazil,Healthcare,Cloud-DC,Man-in-the-Middle,Unknown,Unpatched Software,VPN,4051,242663,2.707,51.0,82.7,1.605,High
INC-03640,2024-07-01,France,Retail,Corporate-LAN,Credential Stuffing,Cybercriminal,Weak Passwords,Antivirus,2478,79494,1.693,23.9,49.2,0.559,Medium
INC-03641,2024-07-03,Japan,Healthcare,Corporate-LAN,Ransomware,Cybercriminal,Weak Passwords,Antivirus,5139,38446,0.726,6.4,319.5,5.557,Critical
INC-03642,2024-07-03,China,IT & Telecom,Corporate-LAN,Ransomware,Cybercriminal,Social Engineering,MFA,575,6343,0.073,9.1,124.7,1.75,High
INC-03643,2024-07-03,India,Retail,Corporate-LAN,Ransomware,Hacktivist,Unpatched Software,Firewall,767,88454,2.486,9.5,165.2,3.004,High
INC-03644,2024-07-04,USA,Education,University-Campus,Phishing,Cybercriminal,Unpatched Software,VPN,3811,4699,0.105,11.0,17.7,0.173,Low
INC-03645,2024-07-04,Japan,Education,University-Campus,Phishing,Cybercriminal,Social Engineering,Firewall,134,534048,9.169,43.6,52.8,1.686,High
INC-03646,2024-07-04,UK,IT & Telecom,Cloud-DC,Phishing,Cybercriminal,Social Engineering,Encryption,13016,7131,0.208,50.9,49.7,0.527,Medium
INC-03647,2024-07-05,UK,Finance,Banking-Core,Man-in-the-Middle,Cybercriminal,Misconfiguration,Antivirus,488,6692,0.083,157.9,127.1,1.662,High
INC-03648,2024-07-05,USA,IT & Telecom,Corporate-LAN,Phishing,Cybercriminal,Social Engineering,Encryption,5700,114489,2.15,17.7,29.2,0.66,Medium
INC-03649,2024-07-05,India,IT & Telecom,Cloud-DC,SQL Injection,Cybercriminal,Misconfiguration,MFA,63916,25304,0.674,10.6,52.5,0.761,Medium
INC-03650,2024-07-06,France,Finance,Cloud-DC,Phishing,Cybercriminal,Social Engineering,Encryption,27005,5138,0.132,8.5,71.4,0.856,Medium
INC-03651,2024-07-07,Brazil,IT & Telecom,Corporate-LAN,Phishing,Unknown,Social Engineering,Antivirus,21335,5564,0.136,43.3,91.1,1.1,Medium
INC-03652,2024-07-07,USA,Finance,Banking-Core,Phishing,Cybercriminal,Weak Passwords,AI-based IDS,840,281384,7.37,17.8,62.2,2.426,High
INC-03653,2024-07-07,France,Education,Cloud-DC,Phishing,Cybercriminal,Social Engineering,Encryption,1725,24829,0.384,23.7,24.5,0.195,Low
INC-03654,2024-07-07,UK,Healthcare,Corporate-LAN,Zero-Day Exploit,Nation-State,Zero-Day,Firewall,12033,4935,0.13,72.0,74.6,1.16,Medium
INC-03655,2024-07-07,Russia,IT & Telecom,Corporate-LAN,Insider Threat,Insider,Excess Privileges,VPN,187,58079,1.096,538.5,279.1,2.571,High
INC-03656,2024-07-08,France,Education,University-Campus,Phishing,Cybercriminal,Social Engineering,MFA,8829,30801,0.529,15.3,50.5,0.307,Low
INC-03657,2024-07-08,UK,Energy,Corporate-LAN,Ransomware,Cybercriminal,Unpatched Software,VPN,3339,12513,0.304,5.7,72.4,1.937,High
INC-03658,2024-07-09,India,Finance,Banking-Core,Malware,Nation-State,Social Engineering,MFA,8954,4796,0.098,6.1,31.5,0.358,Low
INC-03659,2024-07-09,India,Government,Cloud-DC,Phishing,Cybercriminal,Social Engineering,MFA,731,450196,7.199,3.1,7.5,2.12,High
INC-03660,2024-07-09,France,Government,Corporate-LAN,Insider Threat,Insider,Excess Privileges,Antivirus,75,7678,0.136,174.7,119.3,1.172,Medium
INC-03661,2024-07-09,USA,Finance,Cloud-DC,Phishing,Cybercriminal,Social Engineering,MFA,3865,1079,0.03,23.0,30.7,0.544,Medium
INC-03662,2024-07-09,USA,Finance,Banking-Core,Phishing,Nation-State,Social Engineering,Antivirus,23134,24372,0.325,4.8,30.5,0.359,Low
INC-03663,2024-07-09,Brazil,Retail,Cloud-DC,Man-in-the-Middle,Cybercriminal,Misconfiguration,MFA,27867,174288,2.999,73.2,62.8,1.533,High
INC-03664,2024-07-09,USA,Finance,Banking-Core,Malware,Hacktivist,Unpatched Software,VPN,1030,81403,1.247,10.0,80.4,1.074,Medium
INC-03665,2024-07-09,India,Retail,Cloud-DC,Malware,Cybercriminal,Unpatched Software,MFA,19169,8121,0.182,90.4,66.2,0.419,Low
INC-03666,2024-07-10,UK,Healthcare,Corporate-LAN,Malware,Cybercriminal,Weak Passwords,MFA,11846,407283,9.202,95.6,117.4,5.382,Critical
INC-03667,2024-07-10,Russia,Energy,IoT-Grid,Malware,Nation-State,Unpatched Software,MFA,5106,3292,0.035,18.1,23.4,0.45,Low
INC-03668,2024-07-10,Brazil,Energy,Corporate-LAN,Malware,Cybercriminal,Social Engineering,VPN,1755,2016,0.037,8.0,41.4,0.427,Low
INC-03669,2024-07-11,China,Healthcare,Corporate-LAN,Ransomware,Unknown,Social Engineering,MFA,11887,54035,1.479,4.3,132.0,2.478,High
INC-03670,2024-07-11,China,Education,University-Campus,Phishing,Unknown,Social Engineering,Firewall,11570,176295,3.949,20.7,33.4,0.536,Medium
INC-03671,2024-07-13,UK,Healthcare,Cloud-DC,DDoS,Cybercriminal,Misconfiguration,Encryption,64308,70,0.001,1.8,3.9,0.2,Low
INC-03672,2024-07-14,Brazil,IT & Telecom,Corporate-LAN,DDoS,Unknown,Misconfiguration,MFA,37118,102,0.002,0.6,18.8,0.243,Low
INC-03673,2024-07-14,France,Finance,Banking-Core,Malware,Unknown,Unpatched Software,VPN,1518,6236,0.073,25.8,23.8,0.545,Medium
INC-03674,2024-07-14,USA,Education,University-Campus,Phishing,Cybercriminal,Social Engineering,VPN,4305,31907,0.574,10.2,24.6,0.329,Low
INC-03675,2024-07-15,Japan,Healthcare,Corporate-LAN,Malware,Unknown,Social Engineering,VPN,1548,7182,0.194,30.1,107.8,0.745,Medium
INC-03676,2024-07-15,France,Energy,IoT-Grid,SQL Injection,Cybercriminal,Unpatched Software,VPN,2267,284090,6.021,74.0,67.3,1.586,High
INC-03677,2024-07-15,Germany,IT & Telecom,Cloud-DC,Ransomware,Cybercriminal,Weak Passwords,Antivirus,11868,6586,0.145,7.0,20.7,1.693,High
INC-03678,2024-07-15,Brazil,Retail,Corporate-LAN,Man-in-the-Middle,Nation-State,Misconfiguration,Firewall,3134,101087,2.175,93.9,79.2,0.967,Medium
INC-03679,2024-07-15,India,Healthcare,Corporate-LAN,Ransomware,Cybercriminal,Social Engineering,AI-based IDS,23023,13564,0.175,,50.9,2.151,High
INC-03680,2024-07-16,China,Energy,IoT-Grid,Ransomware,Cybercriminal,Unpatched Software,Firewall,2004,8008,0.153,78.6,199.9,4.505,High
INC-03681,2024-07-16,USA,Finance,Cloud-DC,Credential Stuffing,Cybercriminal,Weak Passwords,Antivirus,5668,66362,1.963,11.2,31.5,0.914,Medium
INC-03682,2024-07-17,Germany,Finance,Banking-Core,Credential Stuffing,Cybercriminal,Weak Passwords,Antivirus,15621,265519,5.813,28.7,26.9,1.299,Medium
INC-03683,2024-07-17,India,Finance,Corporate-LAN,Insider Threat,Insider,Excess Privileges,Encryption,881,7561,0.087,129.7,89.0,1.105,Medium
INC-03684,2024-07-17,Germany,IT & Telecom,Cloud-DC,Malware,Nation-State,Social Engineering,MFA,8127,7972,0.197,14.7,22.4,0.422,Low
INC-03685,2024-07-19,India,Healthcare,Corporate-LAN,Phishing,Cybercriminal,Social Engineering,AI-based IDS,2558,242403,5.113,15.3,132.2,2.682,High
INC-03686,2024-07-19,Germany,Energy,IoT-Grid,Ransomware,Cybercriminal,Social Engineering,VPN,3137,7057,0.093,3.5,218.8,4.154,High
INC-03687,2024-07-19,India,Energy,Corporate-LAN,Malware,Unknown,Unpatched Software,MFA,715,25355,0.333,11.3,15.5,0.465,Low
INC-03688,2024-07-19,Japan,Healthcare,IoT-Grid,DDoS,Hacktivist,Unpatched Software,Firewall,630,775,0.018,0.1,9.1,0.309,Low
INC-03689,2024-07-19,India,Government,Cloud-DC,Ransomware,Cybercriminal,Unpatched Software,Firewall,1486,1425,0.021,3.7,55.4,1.232,Medium
INC-03690,2024-07-19,UK,Healthcare,Corporate-LAN,Ransomware,Cybercriminal,Unpatched Software,MFA,7445,5537,0.138,6.3,86.3,2.379,High
INC-03691,2024-07-20,Brazil,Finance,Cloud-DC,Phishing,Unknown,Social Engineering,Firewall,641,41660,0.819,61.8,39.5,0.525,Medium
INC-03692,2024-07-20,Germany,Healthcare,Corporate-LAN,Ransomware,Cybercriminal,Unpatched Software,VPN,5340,235730,4.581,5.4,61.4,2.497,High
INC-03693,2024-07-20,USA,Government,Corporate-LAN,Phishing,Cybercriminal,Social Engineering,AI-based IDS,2165,1645,0.019,7.4,94.8,0.965,Medium
INC-03694,2024-07-21,USA,Government,Corporate-LAN,Zero-Day Exploit,Nation-State,Zero-Day,Firewall,1920,3637,0.087,101.6,106.9,0.728,Medium
INC-03695,2024-07-21,USA,IT & Telecom,Cloud-DC,DDoS,Hacktivist,Unpatched Software,Antivirus,28677,118,0.003,1.4,113.9,1.246,Medium
INC-03696,2024-07-21,USA,Government,Corporate-LAN,Malware,Unknown,Unpatched Software,Firewall,768,12511,0.166,14.1,40.4,0.411,Low
INC-03697,2024-07-22,Brazil,Energy,Corporate-LAN,Zero-Day Exploit,Cybercriminal,Zero-Day,Encryption,10061,69585,0.809,44.3,174.1,1.678,High
INC-03698,2024-07-22,France,Energy,IoT-Grid,Ransomware,Cybercriminal,Social Engineering,MFA,7121,155289,1.697,4.4,39.5,2.523,High
INC-03699,2024-07-22,Australia,Healthcare,Cloud-DC,Insider Threat,Insider,Misconfiguration,MFA,198,157376,4.541,14.2,100.6,1.907,High
INC-03700,2024-07-24,USA,Finance,Banking-Core,Ransomware,Cybercriminal,Social Engineering,VPN,3494,79269,1.83,9.4,56.6,2.908,High
INC-03701,2024-07-25,Brazil,Retail,Cloud-DC,Credential Stuffing,Cybercriminal,Weak Passwords,AI-based IDS,955,42608,0.88,4.6,49.3,0.6,Medium
INC-03702,2024-07-26,India,Healthcare,Cloud-DC,SQL Injection,Unknown,Unpatched Software,VPN,16403,27345,0.579,13.5,51.8,0.485,Low
INC-03703,2024-07-26,Japan,IT & Telecom,Cloud-DC,Zero-Day Exploit,Hacktivist,Zero-Day,Firewall,5246,27133,0.357,14.0,30.7,0.407,Low
INC-03704,2024-07-27,USA,Government,Corporate-LAN,Insider Threat,Insider,Excess Privileges,Firewall,158,37732,0.379,63.0,70.3,0.85,Medium
INC-03705,2024-07-27,India,Retail,Corporate-LAN,Insider Threat,Insider,Excess Privileges,Encryption,287,171502,2.557,66.4,83.2,1.237,Medium
INC-03706,2024-07-27,India,Government,Cloud-DC,Malware,Cybercriminal,Unpatched Software,VPN,12453,1492,0.038,6.1,23.7,0.331,Low
INC-03707,2024-07-28,Australia,Finance,Cloud-DC,Phishing,Cybercriminal,Social Engineering,MFA,864,21597,0.495,15.0,28.0,0.648,Medium
INC-03708,2024-07-28,Germany,Government,Corporate-LAN,Man-in-the-Middle,Unknown,Weak Passwords,MFA,2230,21846,0.37,38.0,81.6,0.665,Medium
INC-03709,2024-07-28,India,Education,University-Campus,Phishing,Cybercriminal,Social Engineering,Firewall,2920,453272,8.289,278.6,148.1,2.178,High
INC-03710,2024-07-28,Russia,IT & Telecom,Cloud-DC,DDoS,Hacktivist,Unpatched Software,Firewall,3994,372,0.01,1.0,9.0,0.162,Low
INC-03711,2024-07-28,Brazil,Energy,IoT-Grid,Zero-Day Exploit,Cybercriminal,Zero-Day,Firewall,750,44832,1.326,103.3,94.7,1.095,Medium
INC-03712,2024-08-01,China,Healthcare,IoT-Grid,Phishing,Cybercriminal,Weak Passwords,Antivirus,209,2987,0.082,17.5,25.8,0.423,Low
INC-03713,2024-08-01,India,Government,Cloud-DC,Zero-Day Exploit,Unknown,Zero-Day,AI-based IDS,6969,38431,0.507,57.8,69.1,0.796,Medium
INC-03714,2024-08-01,USA,Energy,IoT-Grid,Ransomware,Cybercriminal,Weak Passwords,Encryption,5443,72146,1.857,,80.4,4.35,High
INC-03715,2024-08-02,USA,Retail,Corporate-LAN,Credential Stuffing,Cybercriminal,Weak Passwords,AI-based IDS,2218,24042,0.475,22.9,27.7,0.391,Low
INC-03716,2024-08-03,Australia,Energy,IoT-Grid,Malware,Cybercriminal,Social Engineering,Antivirus,7660,82063,2.416,3.8,37.5,0.776,Medium
INC-03717,2024-08-03,UK,IT & Telecom,Cloud-DC,Malware,Cybercriminal,Social Engineering,VPN,9686,17382,0.179,83.0,61.0,0.347,Low
INC-03718,2024-08-03,USA,Education,University-Campus,Phishing,Unknown,Social Engineering,Firewall,5074,1740,0.029,32.7,38.2,0.447,Low
INC-03719,2024-08-03,Brazil,IT & Telecom,Corporate-LAN,Ransomware,Unknown,Social Engineering,Antivirus,9232,8452,0.203,18.1,165.8,2.379,High
INC-03720,2024-08-04,India,Energy,IoT-Grid,DDoS,Nation-State,Misconfiguration,Antivirus,3618,602,0.012,1.2,7.5,0.208,Low
INC-03721,2024-08-06,Japan,Finance,Corporate-LAN,Credential Stuffing,,Weak Passwords,Firewall,2354,1857742,35.389,44.7,56.1,11.487,Critical
INC-03722,2024-08-07,Japan,Retail,Cloud-DC,Phishing,Nation-State,Social Engineering,VPN,4293,1710,0.043,17.5,47.6,0.542,Medium
INC-03723,2024-08-08,UK,Government,Corporate-LAN,Phishing,Nation-State,Weak Passwords,VPN,4805,4898,0.073,15.4,13.0,0.266,Low
INC-03724,2024-08-08,France,Healthcare,Cloud-DC,Ransomware,Cybercriminal,Unpatched Software,AI-based IDS,5186,52149,0.56,6.6,283.7,3.618,High
INC-03725,2024-08-08,Brazil,Healthcare,Corporate-LAN,Phishing,Cybercriminal,Social Engineering,AI-based IDS,169,10239,0.139,2.8,73.8,0.694,Medium
INC-03726,2024-08-08,UK,Finance,Cloud-DC,Credential Stuffing,Cybercriminal,Weak Passwords,Antivirus,11787,14748,0.246,6.6,156.0,1.787,High
INC-03727,2024-08-09,China,Finance,Banking-Core,Man-in-the-Middle,Nation-State,Misconfiguration,Encryption,4341,34368,0.748,6.9,25.9,0.448,Low
INC-03728,2024-08-09,India,Healthcare,Corporate-LAN,SQL Injection,Unknown,Unpatched Software,Encryption,640,15132,0.368,74.5,94.9,1.145,Medium
INC-03729,2024-08-09,Japan,Healthcare,Cloud-DC,Ransomware,Cybercriminal,Unpatched Software,AI-based IDS,146,484249,10.511,3.1,97.7,2.661,High
INC-03730,2024-08-09,USA,Healthcare,Corporate-LAN,Ransomware,Unknown,Weak Passwords,Antivirus,19097,8607,0.194,2.1,18.7,2.189,High
INC-03731,2024-08-09,UK,Healthcare,Corporate-LAN,Insider Threat,Insider,Excess Privileges,Firewall,211,12443,0.264,132.2,134.3,1.44,Medium
INC-03732,2024-08-10,China,Retail,Cloud-DC,SQL Injection,Hacktivist,Unpatched Software,MFA,2375,41650,0.999,24.6,92.4,1.343,Medium
INC-03733,2024-08-10,China,Education,University-Campus,Ransomware,Unknown,Social Engineering,Antivirus,4580,99180,2.53,59.6,92.0,2.457,High
INC-03734,2024-08-10,USA,IT & Telecom,Cloud-DC,Ransomware,Cybercriminal,Social Engineering,MFA,1544,85470,1.951,19.9,169.5,3.395,High
INC-03735,2024-08-10,France,Finance,Banking-Core,Ransomware,Cybercriminal,Weak Passwords,Firewall,48512,30749,0.36,10.9,80.2,2.969,High
INC-03736,2024-08-11,Germany,Retail,Cloud-DC,Malware,Cybercriminal,Social Engineering,AI-based IDS,590,13441,0.142,4.5,54.1,0.643,Medium
INC-03737,2024-08-11,UK,Finance,Banking-Core,DDoS,Nation-State,Misconfiguration,MFA,1700,69,0.001,0.4,18.8,0.345,Low
INC-03738,2024-08-11,USA,Finance,Banking-Core,SQL Injection,Unknown,Unpatched Software,VPN,4094,90153,1.997,5.8,63.6,0.85,Medium
INC-03739,2024-08-12,USA,Healthcare,IoT-Grid,Ransomware,Cybercriminal,Unpatched Software,Antivirus,26469,79559,1.17,9.9,84.2,2.182,High
INC-03740,2024-08-12,UK,Education,University-Campus,SQL Injection,Unknown,Misconfiguration,MFA,3928,98007,2.612,590.7,320.0,1.612,High
INC-03741,2024-08-13,India,Education,University-Campus,Ransomware,Cybercriminal,Weak Passwords,Firewall,11185,2470,0.064,18.5,99.3,1.514,High
INC-03742,2024-08-13,USA,Energy,Corporate-LAN,Zero-Day Exploit,Nation-State,Zero-Day,Encryption,7097,10833,0.267,101.4,164.6,1.458,Medium
INC-03743,2024-08-13,Russia,Finance,Corporate-LAN,Ransomware,,Unpatched Software,Firewall,37347,17699,0.393,4.1,102.8,2.714,High
INC-03744,2024-08-14,Japan,Education,University-Campus,DDoS,Hacktivist,Unpatched Software,Firewall,1089,71,0.002,0.2,6.5,0.113,Low
INC-03745,2024-08-14,Japan,Government,Corporate-LAN,Phishing,Cybercriminal,Social Engineering,MFA,1563,125033,2.015,19.2,36.6,0.682,Medium
INC-03746,2024-08-15,Brazil,Healthcare,IoT-Grid,Phishing,Nation-State,Social Engineering,Firewall,347,3959,0.103,2.8,16.7,0.217,Low
INC-03747,2024-08-16,USA,Healthcare,Corporate-LAN,Phishing,Cybercriminal,Social Engineering,Antivirus,1450,9967,0.283,8.7,21.1,0.557,Medium
INC-03748,2024-08-16,Brazil,Education,University-Campus,DDoS,Hacktivist,Misconfiguration,Encryption,3109,739,0.016,0.3,9.5,0.125,Low
INC-03749,2024-08-16,Germany,Education,University-Campus,Ransomware,Unknown,Weak Passwords,Antivirus,6102,12134,0.348,10.7,46.7,1.212,Medium
INC-03750,2024-08-16,India,Government,Corporate-LAN,Zero-Day Exploit,Cybercriminal,Zero-Day,VPN,101,4454,0.066,196.7,357.3,3.191,High
INC-03751,2024-08-17,India,Retail,Cloud-DC,Ransomware,Cybercriminal,Unpatched Software,MFA,2853,33872,0.434,10.1,66.9,2.403,High
INC-03752,2024-08-17,Brazil,Finance,Banking-Core,SQL Injection,Hacktivist,Misconfiguration,Firewall,18778,3653,0.095,40.9,37.5,0.581,Medium
INC-03753,2024-08-17,China,Finance,Banking-Core,Credential Stuffing,Cybercriminal,Weak Passwords,Firewall,6247,35592,1.04,57.4,63.0,0.889,Medium
INC-03754,2024-08-17,USA,Healthcare,Cloud-DC,Malware,Nation-State,Unpatched Software,Firewall,990,136329,1.785,8.2,27.7,1.119,Medium
INC-03755,2024-08-17,UK,Education,Cloud-DC,Phishing,Cybercriminal,Social Engineering,VPN,689,23846,0.245,19.4,49.5,0.268,Low
INC-03756,2024-08-18,Australia,Finance,Corporate-LAN,SQL Injection,Hacktivist,Unpatched Software,Encryption,21500,59805,1.432,2.4,38.2,0.951,Medium
INC-03757,2024-08-18,China,IT & Telecom,Corporate-LAN,Insider Threat,Cybercriminal,Excess Privileges,MFA,632,14773,0.198,21.9,26.6,0.311,Low
INC-03758,2024-08-18,Germany,IT & Telecom,Cloud-DC,Zero-Day Exploit,Hacktivist,Zero-Day,AI-based IDS,15653,22671,0.675,43.5,102.1,0.573,Medium
INC-03759,2024-08-18,USA,Finance,Banking-Core,Man-in-the-Middle,Cybercriminal,Misconfiguration,Antivirus,1953,29814,0.644,109.2,72.5,0.65,Medium
INC-03760,2024-08-19,China,Healthcare,Corporate-LAN,Ransomware,Cybercriminal,Unpatched Software,Antivirus,29176,335136,4.939,1.2,283.0,6.064,Critical
INC-03761,2024-08-20,USA,Education,University-Campus,Phishing,Nation-State,Social Engineering,Antivirus,637,22593,0.287,16.6,23.0,0.374,Low
INC-03762,2024-08-21,Russia,Retail,Cloud-DC,Credential Stuffing,Cybercriminal,Weak Passwords,Firewall,46798,141958,1.592,5.3,68.6,2.12,High
INC-03763,2024-08-21,UK,Healthcare,Corporate-LAN,Malware,Nation-State,Weak Passwords,Firewall,779,210645,4.77,10.5,51.6,2.026,High
INC-03764,2024-08-22,France,Retail,Corporate-LAN,Phishing,Cybercriminal,Social Engineering,MFA,747,251478,7.371,14.9,12.5,0.865,Medium
INC-03765,2024-08-22,Brazil,Finance,Cloud-DC,Phishing,Cybercriminal,Social Engineering,Firewall,14186,9977,0.186,3.9,18.1,0.339,Low
INC-03766,2024-08-23,Germany,Government,Cloud-DC,DDoS,Cybercriminal,Misconfiguration,Firewall,10367,75,0.002,0.2,8.2,0.172,Low
INC-03767,2024-08-23,Australia,Retail,Cloud-DC,Insider Threat,Insider,Excess Privileges,Firewall,1544,31402,0.882,79.0,79.4,0.749,Medium
INC-03768,2024-08-23,Germany,Finance,Banking-Core,Malware,Cybercriminal,Social Engineering,Antivirus,4838,2022,0.036,9.5,53.2,0.875,Medium
INC-03769,2024-08-23,France,Finance,Corporate-LAN,Phishing,Cybercriminal,Social Engineering,AI-based IDS,1807,321589,7.293,1.6,23.5,2.023,High
INC-03770,2024-08-24,China,Finance,Cloud-DC,Credential Stuffing,Cybercriminal,Weak Passwords,Firewall,2961,20748,0.394,18.1,29.5,0.712,Medium
INC-03771,2024-08-25,Japan,Finance,Cloud-DC,Malware,Cybercriminal,Social Engineering,Firewall,12685,35786,0.607,114.0,137.2,2.236,High
INC-03772,2024-08-25,USA,Government,Cloud-DC,Man-in-the-Middle,Cybercriminal,Misconfiguration,MFA,1338,432611,12.221,162.5,124.5,2.992,High
INC-03773,2024-08-25,France,IT & Telecom,Corporate-LAN,DDoS,Cybercriminal,Misconfiguration,Firewall,560623,528,0.009,1.8,9.1,0.575,Medium
INC-03774,2024-08-25,India,Finance,Banking-Core,Credential Stuffing,Cybercriminal,Weak Passwords,Encryption,21275,2374857,34.19,10.6,36.5,16.555,Critical
INC-03775,2024-08-26,UK,Education,University-Campus,Insider Threat,Insider,Excess Privileges,AI-based IDS,966,79173,0.829,38.9,78.5,0.403,Low
INC-03776,2024-08-26,India,Retail,Cloud-DC,SQL Injection,Cybercriminal,Unpatched Software,Firewall,3058,14246,0.279,9.9,35.7,0.461,Low
INC-03777,2024-08-26,China,IT & Telecom,Corporate-LAN,Phishing,Cybercriminal,Social Engineering,AI-based IDS,8628,171838,2.122,12.2,35.1,1.558,High
INC-03778,2024-08-26,USA,Education,Cloud-DC,Malware,Cybercriminal,Unpatched Software,Antivirus,3412,6423,0.08,92.7,102.6,0.682,Medium
INC-03779,2024-08-27,USA,Healthcare,Corporate-LAN,Ransomware,Nation-State,Unpatched Software,AI-based IDS,2106,84724,1.023,6.5,21.4,3.571,High
INC-03780,2024-08-27,Germany,Government,Corporate-LAN,SQL Injection,Cybercriminal,Unpatched Software,Firewall,1799,15846,0.165,,43.6,0.425,Low
INC-03781,2024-08-27,UK,Finance,Cloud-DC,DDoS,Hacktivist,Unpatched Software,Antivirus,50770,842,0.019,1.8,18.8,0.59,Medium
INC-03782,2024-08-27,India,Education,University-Campus,DDoS,Nation-State,Unpatched Software,MFA,15605,100,0.001,4.9,7.2,0.106,Low
INC-03783,2024-08-27,Germany,IT & Telecom,Cloud-DC,Man-in-the-Middle,Cybercriminal,Unpatched Software,MFA,2753,10476,0.309,9.4,63.2,0.514,Medium
INC-03784,2024-08-27,Australia,Energy,IoT-Grid,Zero-Day Exploit,Nation-State,Zero-Day,Firewall,913,16356,0.43,9.4,69.5,0.611,Medium
INC-03785,2024-08-28,India,Education,University-Campus,Phishing,Nation-State,Weak Passwords,MFA,193,74453,1.323,23.7,15.1,0.268,Low
INC-03786,2024-08-28,India,Government,Corporate-LAN,Man-in-the-Middle,Cybercriminal,Misconfiguration,Firewall,23244,16441,0.445,15.1,51.3,0.615,Medium
INC-03787,2024-08-28,Japan,Healthcare,Corporate-LAN,Malware,Nation-State,Social Engineering,Encryption,3337,14315,0.423,22.3,35.9,0.779,Medium
INC-03788,2024-08-28,USA,IT & Telecom,Corporate-LAN,Phishing,Cybercriminal,Social Engineering,Antivirus,2332,1047698,14.801,41.0,30.9,4.645,Critical
INC-03789,2024-08-28,India,Retail,Corporate-LAN,Man-in-the-Middle,Cybercriminal,Misconfiguration,Antivirus,215,14577,0.353,29.5,50.5,0.685,Medium
INC-03790,2024-09-01,Japan,Finance,Cloud-DC,Credential Stuffing,Cybercriminal,Weak Passwords,Antivirus,2162,14724,0.18,24.9,89.6,0.884,Medium
INC-03791,2024-09-01,UK,Retail,Corporate-LAN,SQL Injection,Unknown,Misconfiguration,Encryption,16317,46152,1.117,6.7,34.9,0.48,Low
INC-03792,2024-09-01,China,Education,Cloud-DC,Ransomware,Nation-State,Social Engineering,Firewall,6330,105354,2.065,39.8,104.3,1.947,High
INC-03793,2024-09-02,Germany,Healthcare,Corporate-LAN,DDoS,Nation-State,Unpatched Software,Antivirus,75611,164,0.003,1.9,24.8,0.434,Low
INC-03794,2024-09-02,Russia,Education,University-Campus,DDoS,Hacktivist,Unpatched Software,AI-based IDS,11835,1120,0.02,0.6,3.7,0.174,Low
INC-03795,2024-09-04,USA,Energy,Corporate-LAN,Zero-Day Exploit,Cybercriminal,Zero-Day,Firewall,1024,6279,0.136,142.5,136.9,1.284,Medium
INC-03796,2024-09-04,USA,Government,Cloud-DC,Ransomware,Unknown,Weak Passwords,Encryption,2779,92498,2.769,9.1,37.6,2.109,High
INC-03797,2024-09-04,Brazil,Government,Corporate-LAN,Phishing,Nation-State,Social Engineering,MFA,23051,13222,0.211,19.7,21.5,0.355,Low
INC-03798,2024-09-04,India,Retail,Cloud-DC,Credential Stuffing,Cybercriminal,Weak Passwords,Firewall,123,16462,0.489,24.9,56.3,0.491,Low
INC-03799,2024-09-05,Germany,Energy,IoT-Grid,Malware,Unknown,Social Engineering,Encryption,12921,59328,1.579,20.5,55.8,0.808,Medium
INC-03800,2024-09-05,USA,IT & Telecom,Cloud-DC,Ransomware,Unknown,Social Engineering,Antivirus,1131,5116,0.109,14.7,77.5,2.291,High
INC-03801,2024-09-05,France,Education,University-Campus,Phishing,Cybercriminal,Social Engineering,Encryption,7500,2832,0.041,9.4,25.2,0.238,Low
INC-03802,2024-09-05,USA,Finance,Banking-Core,DDoS,Cybercriminal,Misconfiguration,MFA,1744,39,0.001,0.4,9.0,0.32,Low
INC-03803,2024-09-05,China,Retail,Cloud-DC,SQL Injection,Hacktivist,Misconfiguration,VPN,2678,9362,0.254,10.4,38.2,0.485,Low
INC-03804,2024-09-07,Japan,Education,University-Campus,SQL Injection,Cybercriminal,Misconfiguration,MFA,9473,48528,0.765,36.3,161.8,1.22,Medium
INC-03805,2024-09-07,USA,Retail,Corporate-LAN,SQL Injection,Cybercriminal,Unpatched Software,VPN,1191,5656,0.07,48.7,77.5,0.545,Medium
INC-03806,2024-09-07,France,Education,University-Campus,Phishing,Cybercriminal,Social Engineering,AI-based IDS,3447,52216,1.501,12.6,67.9,0.412,Low
INC-03807,2024-09-08,India,Healthcare,Corporate-LAN,Phishing,Nation-State,Social Engineering,Antivirus,324,30553,0.394,,16.1,0.782,Medium
INC-03808,2024-09-08,Germany,Healthcare,Cloud-DC,SQL Injection,Unknown,Unpatched Software,AI-based IDS,43370,137849,3.53,1.6,25.9,2.558,High
INC-03809,2024-09-08,India,Retail,Cloud-DC,Ransomware,Cybercriminal,Social Engineering,Antivirus,5400,65364,1.186,25.0,59.4,1.969,High
INC-03810,2024-09-09,USA,Healthcare,Cloud-DC,DDoS,Cybercriminal,Unpatched Software,MFA,6856,385,0.01,,14.7,0.276,Low
INC-03811,2024-09-09,Japan,Government,Corporate-LAN,DDoS,Nation-State,Misconfiguration,Antivirus,56116,1586,0.02,0.7,12.2,0.34,Low
INC-03812,2024-09-09,Russia,Finance,Banking-Core,Malware,Cybercriminal,Unpatched Software,Antivirus,1864,3992,0.077,11.8,22.9,0.352,Low
INC-03813,2024-09-09,UK,Energy,IoT-Grid,Zero-Day Exploit,Nation-State,Zero-Day,Antivirus,1198,11108,0.13,27.4,97.1,0.856,Medium
INC-03814,2024-09-09,China,Retail,Cloud-DC,Ransomware,Cybercriminal,Social Engineering,Antivirus,906,38532,0.422,7.3,81.7,1.913,High
INC-03815,2024-09-09,UK,Education,University-Campus,Ransomware,Cybercriminal,Weak Passwords,MFA,4223,28549,0.568,4.2,75.0,1.417,Medium
INC-03816,2024-09-10,USA,Government,Corporate-LAN,Man-in-the-Middle,Unknown,Unpatched Software,MFA,5184,16255,0.246,128.1,107.3,0.855,Medium
INC-03817,2024-09-11,Brazil,Finance,Banking-Core,Credential Stuffing,Unknown,Weak Passwords,Firewall,5758,14757,0.148,14.4,16.9,0.429,Low
INC-03818,2024-09-12,India,Education,University-Campus,Phishing,Cybercriminal,Weak Passwords,Firewall,11395,2284,0.05,7.6,10.8,0.095,Low
INC-03819,2024-09-12,UK,Education,University-Campus,SQL Injection,Cybercriminal,Misconfiguration,Antivirus,63476,25428,0.485,42.4,70.8,0.612,Medium
INC-03820,2024-09-12,USA,Healthcare,Corporate-LAN,Insider Threat,Insider,Excess Privileges,Antivirus,1738,19573,0.443,91.8,61.5,0.829,Medium
INC-03821,2024-09-13,France,Energy,Corporate-LAN,Malware,Unknown,Unpatched Software,Firewall,1854,4450,0.082,48.0,55.6,0.465,Low
INC-03822,2024-09-13,USA,Education,University-Campus,Malware,Hacktivist,Social Engineering,Firewall,68,12387,0.295,47.4,35.8,0.254,Low
INC-03823,2024-09-14,France,Government,Corporate-LAN,Malware,Cybercriminal,Unpatched Software,Firewall,4034,954,0.013,17.9,73.4,0.534,Medium
INC-03824,2024-09-14,Russia,IT & Telecom,Cloud-DC,Phishing,Cybercriminal,Social Engineering,Firewall,838,45835,1.325,29.5,35.3,0.652,Medium
INC-03825,2024-09-15,France,Finance,Banking-Core,Ransomware,Nation-State,Unpatched Software,AI-based IDS,2330,18461,0.395,3.5,74.8,1.84,High
INC-03826,2024-09-15,China,Finance,Banking-Core,Phishing,Nation-State,Social Engineering,AI-based IDS,10944,10115,0.252,5.1,8.0,0.321,Low
INC-03827,2024-09-16,Japan,Retail,Corporate-LAN,SQL Injection,Cybercriminal,Unpatched Software,AI-based IDS,10163,25329,0.573,12.4,94.5,0.837,Medium
INC-03828,2024-09-16,Japan,Finance,Cloud-DC,Phishing,Cybercriminal,Weak Passwords,MFA,1362,100802,1.099,3.2,9.8,0.987,Medium
INC-03829,2024-09-17,Australia,Retail,Cloud-DC,SQL Injection,Cybercriminal,Misconfiguration,Firewall,1638,51461,0.58,8.2,49.6,0.674,Medium
INC-03830,2024-09-17,Japan,IT & Telecom,Cloud-DC,DDoS,Cybercriminal,Unpatched Software,AI-based IDS,630,40,0.0,0.5,13.0,0.331,Low
INC-03831,2024-09-18,Australia,Retail,Cloud-DC,Man-in-the-Middle,Nation-State,Misconfiguration,AI-based IDS,2125,33978,0.539,5.3,56.3,0.292,Low
INC-03832,2024-09-18,Germany,Education,Cloud-DC,Ransomware,Cybercriminal,Unpatched Software,VPN,1271,176140,2.843,12.6,49.7,1.797,High
INC-03833,2024-09-19,India,Government,Cloud-DC,DDoS,Hacktivist,Misconfiguration,MFA,6924,22,0.0,1.5,8.9,0.139,Low
INC-03834,2024-09-20,Russia,Healthcare,IoT-Grid,Phishing,Cybercriminal,Social Engineering,MFA,2452,22757,0.596,44.4,46.0,0.614,Medium
INC-03835,2024-09-20,Australia,Healthcare,Corporate-LAN,Phishing,Cybercriminal,Unpatched Software,AI-based IDS,347,168845,3.016,3.9,16.4,1.355,Medium
INC-03836,2024-09-20,USA,IT & Telecom,Corporate-LAN,Zero-Day Exploit,Nation-State,Zero-Day,MFA,2977,10059,0.152,,229.1,2.025,High
INC-03837,2024-09-20,Japan,Government,Corporate-LAN,Phishing,Cybercriminal,Social Engineering,Encryption,2169,4410,0.064,8.9,52.3,0.728,Medium
INC-03838,2024-09-21,Australia,IT & Telecom,Corporate-LAN,Phishing,Cybercriminal,Social Engineering,AI-based IDS,35,1664,0.05,14.8,45.4,0.433,Low
INC-03839,2024-09-21,Russia,Government,Corporate-LAN,Credential Stuffing,Cybercriminal,Weak Passwords,Encryption,14654,9679,0.209,44.9,53.2,0.486,Low
INC-03840,2024-09-23,India,Finance,Corporate-LAN,Credential Stuffing,Cybercriminal,Misconfiguration,AI-based IDS,1482,30474,0.459,8.9,27.6,0.538,Medium
INC-03841,2024-09-24,France,Government,Corporate-LAN,Zero-Day Exploit,Nation-State,Zero-Day,Firewall,3017,1192,0.027,29.8,157.0,1.13,Medium
INC-03842,2024-09-24,Australia,IT & Telecom,Corporate-LAN,Ransomware,Unknown,Unpatched Software,Antivirus,416,120598,1.354,13.4,67.8,3.525,High
INC-03843,2024-09-25,India,Finance,Corporate-LAN,DDoS,Cybercriminal,Unpatched Software,Firewall,4130,3525,0.088,0.7,11.2,0.219,Low
INC-03844,2024-09-25,USA,Energy,Corporate-LAN,Ransomware,Cybercriminal,Unpatched Software,Encryption,268,6942,0.184,12.2,94.7,2.152,High
INC-03845,2024-09-25,Brazil,Energy,Corporate-LAN,DDoS,Cybercriminal,Misconfiguration,Encryption,15264,404,0.011,2.7,15.8,0.242,Low
INC-03846,2024-09-25,China,Government,Cloud-DC,Zero-Day Exploit,Cybercriminal,Zero-Day,Encryption,2878,43936,1.11,50.5,62.2,0.853,Medium
INC-03847,2024-09-27,Germany,Finance,Banking-Core,Phishing,Unknown,Social Engineering,VPN,480,200923,3.579,27.4,25.3,1.662,High
INC-03848,2024-09-27,India,Energy,IoT-Grid,Ransomware,Cybercriminal,Unpatched Software,Antivirus,5062,339425,6.462,6.4,151.9,4.89,High
INC-03849,2024-09-28,USA,IT & Telecom,Corporate-LAN,Phishing,Cybercriminal,Social Engineering,AI-based IDS,796,46943,1.226,5.4,12.1,0.454,Low
INC-03850,2024-10-01,Japan,Education,University-Campus,SQL Injection,Unknown,Unpatched Software,AI-based IDS,12717,51812,0.847,22.8,45.6,0.453,Low
INC-03851,2024-10-01,India,IT & Telecom,Cloud-DC,SQL Injection,Cybercriminal,Unpatched Software,Antivirus,8963,3336314,56.116,7.9,64.8,9.632,Critical
INC-03852,2024-10-02,Germany,Government,Corporate-LAN,Insider Threat,Insider,Excess Privileges,VPN,70,20758,0.248,29.0,30.9,0.613,Medium
INC-03853,2024-10-03,Japan,Finance,Corporate-LAN,Phishing,Cybercriminal,Social Engineering,Antivirus,3681,52181,0.77,61.5,61.4,1.244,Medium
INC-03854,2024-10-04,Brazil,IT & Telecom,Cloud-DC,Ransomware,Cybercriminal,Social Engineering,Antivirus,2749,78103,1.784,21.7,192.6,3.245,High
INC-03855,2024-10-04,Japan,Finance,Banking-Core,DDoS,Nation-State,Unpatched Software,AI-based IDS,19126,222,0.003,1.9,13.6,0.358,Low
INC-03856,2024-10-04,USA,Retail,Corporate-LAN,Credential Stuffing,Cybercriminal,Weak Passwords,Antivirus,835,24094,0.516,97.0,114.9,0.911,Medium
INC-03857,2024-10-04,Japan,Finance,Cloud-DC,Ransomware,Cybercriminal,Unpatched Software,Antivirus,7125,376711,9.651,5.0,116.8,3.52,High
INC-03858,2024-10-04,USA,IT & Telecom,Corporate-LAN,Malware,Cybercriminal,Unpatched Software,Antivirus,741,1347,0.028,89.5,59.7,0.572,Medium
INC-03859,2024-10-04,India,Finance,Banking-Core,Ransomware,Nation-State,Weak Passwords,VPN,1657,25728,0.483,4.8,76.6,2.974,High
INC-03860,2024-10-05,Australia,Government,Cloud-DC,DDoS,Hacktivist,Unpatched Software,Firewall,3468,1082,0.017,1.1,14.3,0.245,Low
INC-03861,2024-10-05,UK,Healthcare,Corporate-LAN,Insider Threat,Insider,Excess Privileges,Antivirus,346,14148,0.235,204.0,196.4,1.857,High
INC-03862,2024-10-05,USA,Retail,Cloud-DC,SQL Injection,Cybercriminal,Misconfiguration,MFA,423,52598,1.424,10.1,20.9,0.434,Low
INC-03863,2024-10-05,China,Healthcare,Corporate-LAN,Phishing,Nation-State,Social Engineering,Encryption,334,55674,1.209,69.1,80.9,0.987,Medium
INC-03864,2024-10-05,Brazil,Healthcare,Corporate-LAN,Zero-Day Exploit,Cybercriminal,Zero-Day,Firewall,7385,49180,0.701,60.9,102.5,1.398,Medium
INC-03865,2024-10-05,China,Finance,Corporate-LAN,DDoS,Hacktivist,Misconfiguration,Encryption,7097,4224,0.058,4.4,4.0,0.275,Low
INC-03866,2024-10-06,France,Retail,Corporate-LAN,Credential Stuffing,Cybercriminal,Weak Passwords,Firewall,2871,126366,2.585,19.8,32.8,1.484,Medium
INC-03867,2024-10-06,France,Healthcare,Corporate-LAN,Insider Threat,Insider,Misconfiguration,MFA,140,8452,0.168,180.8,131.4,1.334,Medium
INC-03868,2024-10-06,USA,Retail,Corporate-LAN,Zero-Day Exploit,Nation-State,Zero-Day,AI-based IDS,2669,1315,0.013,38.7,124.7,0.822,Medium
INC-03869,2024-10-07,China,Finance,Cloud-DC,Man-in-the-Middle,Nation-State,Misconfiguration,MFA,3573,2866,0.033,77.8,89.4,1.066,Medium
INC-03870,2024-10-08,India,Government,Corporate-LAN,Insider Threat,Insider,Excess Privileges,AI-based IDS,477,1116,0.018,24.4,94.3,0.91,Medium
INC-03871,2024-10-08,UK,Healthcare,Corporate-LAN,Phishing,Cybercriminal,Social Engineering,MFA,3328,6718,0.19,9.7,34.3,0.687,Medium
INC-03872,2024-10-08,Brazil,Finance,Banking-Core,Phishing,Cybercriminal,Social Engineering,VPN,585,11393,0.181,,28.2,0.629,Medium
INC-03873,2024-10-09,USA,Retail,Cloud-DC,SQL Injection,Cybercriminal,Unpatched Software,AI-based IDS,1853,4731414,54.297,3.0,109.2,16.703,Critical
INC-03874,2024-10-09,Brazil,Retail,Cloud-DC,SQL Injection,Cybercriminal,Misconfiguration,MFA,1923,65334,1.415,50.3,87.5,0.799,Medium
INC-03875,2024-10-09,USA,Retail,Corporate-LAN,Credential Stuffing,Cybercriminal,Weak Passwords,Firewall,2050,8355,0.111,17.5,29.0,0.255,Low
INC-03876,2024-10-10,UK,Education,University-Campus,Phishing,Cybercriminal,Social Engineering,AI-based IDS,595,29776,0.722,2.2,27.5,0.382,Low
INC-03877,2024-10-11,USA,IT & Telecom,Corporate-LAN,SQL Injection,Hacktivist,Unpatched Software,Antivirus,600,92842,1.228,20.8,15.3,0.579,Medium
INC-03878,2024-10-11,Japan,IT & Telecom,Cloud-DC,Phishing,Cybercriminal,Unpatched Software,Firewall,723,56561,1.657,8.0,41.5,0.66,Medium
INC-03879,2024-10-12,China,IT & Telecom,Corporate-LAN,Ransomware,Cybercriminal,Unpatched Software,VPN,835,9302,0.256,2.5,122.1,2.437,High
INC-03880,2024-10-12,India,Healthcare,Corporate-LAN,Phishing,Cybercriminal,Social Engineering,VPN,3187,8035,0.142,26.8,29.7,0.506,Medium
INC-03881,2024-10-12,France,Government,Cloud-DC,DDoS,Hacktivist,Misconfiguration,VPN,5386,694,0.015,1.5,13.2,0.253,Low
INC-03882,2024-10-13,USA,Retail,Cloud-DC,SQL Injection,Cybercriminal,Misconfiguration,Firewall,5386,97794,1.07,29.7,33.4,0.567,Medium
INC-03883,2024-10-13,China,Finance,Banking-Core,Credential Stuffing,Nation-State,Weak Passwords,Firewall,869,16690,0.253,,29.4,0.664,Medium
INC-03884,2024-10-13,India,Energy,Corporate-LAN,Malware,Cybercriminal,Unpatched Software,Firewall,6909,19547,0.545,21.6,59.5,0.728,Medium
INC-03885,2024-10-13,China,IT & Telecom,Cloud-DC,Man-in-the-Middle,Cybercriminal,Misconfiguration,MFA,845,58682,1.674,33.4,62.4,0.852,Medium
INC-03886,2024-10-13,Russia,Energy,Corporate-LAN,Malware,Unknown,Social Engineering,Firewall,712,31852,0.909,20.8,181.9,1.887,High
INC-03887,2024-10-13,Japan,IT & Telecom,Cloud-DC,DDoS,Cybercriminal,Misconfiguration,AI-based IDS,25292,642,0.012,1.3,16.0,0.296,Low
INC-03888,2024-10-14,China,Energy,IoT-Grid,Ransomware,Cybercriminal,Social Engineering,Antivirus,4993,132995,2.611,23.9,75.8,3.718,High
INC-03889,2024-10-15,UK,Government,Corporate-LAN,Man-in-the-Middle,Cybercriminal,Unpatched Software,AI-based IDS,673,74515,2.208,6.5,50.5,1.01,Medium
INC-03890,2024-10-15,USA,Retail,Cloud-DC,Phishing,Nation-State,Social Engineering,Firewall,375,46259,0.75,9.9,23.8,0.362,Low
INC-03891,2024-10-16,France,IT & Telecom,Corporate-LAN,Malware,Cybercriminal,Weak Passwords,Encryption,7022,12048,0.255,39.4,45.4,0.392,Low
INC-03892,2024-10-16,Brazil,Healthcare,Cloud-DC,Ransomware,Cybercriminal,Weak Passwords,MFA,3787,31464,0.64,12.8,126.8,1.388,Medium
INC-03893,2024-10-17,Brazil,Government,Corporate-LAN,Phishing,Cybercriminal,Social Engineering,Antivirus,1084,717959,16.174,15.0,25.9,5.789,Critical
INC-03894,2024-10-18,Japan,Finance,Cloud-DC,Ransomware,Cybercriminal,Weak Passwords,Encryption,13443,6833,0.178,8.3,140.7,3.008,High
INC-03895,2024-10-18,USA,Education,University-Campus,SQL Injection,Cybercriminal,Misconfiguration,MFA,6791,740803,11.44,3.8,22.6,1.857,High
INC-03896,2024-10-19,Germany,IT & Telecom,Cloud-DC,Malware,Cybercriminal,Social Engineering,Encryption,7991,4182,0.059,7.9,26.9,0.376,Low
INC-03897,2024-10-19,UK,Education,Cloud-DC,DDoS,Cybercriminal,Misconfiguration,AI-based IDS,2284,134,0.004,0.6,6.6,0.115,Low
INC-03898,2024-10-22,Brazil,Retail,Corporate-LAN,Phishing,Cybercriminal,Social Engineering,AI-based IDS,490,195814,5.858,4.4,32.9,1.17,Medium
INC-03899,2024-10-22,China,Energy,Corporate-LAN,Ransomware,Cybercriminal,Unpatched Software,Firewall,2934,1851,0.051,9.1,58.6,2.723,High
INC-03900,2024-10-22,USA,Energy,IoT-Grid,Phishing,Cybercriminal,Social Engineering,AI-based IDS,927,5545,0.1,6.8,10.1,0.161,Low
INC-03901,2024-10-22,India,Government,Corporate-LAN,Phishing,Nation-State,Social Engineering,Firewall,3131,56927,0.966,11.5,11.2,0.71,Medium
INC-03902,2024-10-23,UK,Government,Cloud-DC,Ransomware,Hacktivist,Social Engineering,Antivirus,8522,24431,0.685,13.0,42.4,2.101,High
INC-03903,2024-10-23,Germany,Healthcare,Corporate-LAN,SQL Injection,Unknown,Misconfiguration,MFA,1486,53866,0.629,15.0,22.6,0.598,Medium
INC-03904,2024-10-23,Australia,Finance,Cloud-DC,Phishing,Hacktivist,Social Engineering,Encryption,1045,37293,1.051,1.2,11.6,0.561,Medium
INC-03905,2024-10-24,India,Healthcare,Corporate-LAN,Ransomware,Cybercriminal,Unpatched Software,Antivirus,158766,3965,0.088,10.2,77.7,2.254,High
INC-03906,2024-10-24,UK,Healthcare,Cloud-DC,Phishing,Cybercriminal,Social Engineering,Antivirus,1708,36422,1.059,28.2,98.0,1.11,Medium
INC-03907,2024-10-25,USA,Retail,Cloud-DC,DDoS,Cybercriminal,Misconfiguration,Encryption,23783,127,0.003,1.2,9.1,0.178,Low
INC-03908,2024-10-25,Brazil,Healthcare,Cloud-DC,Ransomware,Cybercriminal,Weak Passwords,Firewall,1939,252251,6.265,2.6,54.1,3.259,High
INC-03909,2024-10-25,Japan,Finance,Banking-Core,Man-in-the-Middle,Nation-State,Unpatched Software,Antivirus,1843,2385,0.044,70.4,49.3,1.073,Medium
INC-03910,2024-10-26,USA,Retail,Cloud-DC,Credential Stuffing,Cybercriminal,Weak Passwords,Antivirus,2838,34479,0.727,15.8,25.4,0.356,Low
INC-03911,2024-10-26,USA,Healthcare,IoT-Grid,Ransomware,Cybercriminal,Unpatched Software,AI-based IDS,6085,6041,0.145,16.5,195.7,3.197,High
INC-03912,2024-10-27,Germany,IT & Telecom,Cloud-DC,Phishing,Cybercriminal,Social Engineering,Firewall,1605,6183,0.1,18.9,19.2,0.283,Low
INC-03913,2024-10-28,Russia,Healthcare,Cloud-DC,Credential Stuffing,Hacktivist,Weak Passwords,Encryption,3157,27874,0.674,71.0,78.1,1.339,Medium
INC-03914,2024-10-28,Australia,Retail,Cloud-DC,SQL Injection,Hacktivist,Misconfiguration,Firewall,1792,126270,2.868,23.8,69.1,0.802,Medium
INC-03915,2024-10-28,Brazil,Education,Cloud-DC,Phishing,Unknown,Social Engineering,Antivirus,2060,29612,0.455,8.5,108.8,0.704,Medium
INC-03916,2024-10-28,Germany,Healthcare,Corporate-LAN,Phishing,Unknown,Social Engineering,MFA,1719,10870,0.187,13.5,30.1,0.702,Medium
INC-03917,2024-10-28,Russia,Retail,Corporate-LAN,Malware,Cybercriminal,Social Engineering,Firewall,3710,5986,0.124,99.7,90.5,0.332,Low
INC-03918,2024-11-02,USA,Finance,Banking-Core,Credential Stuffing,Cybercriminal,Weak Passwords,Antivirus,18323,34178,0.644,15.6,64.0,0.902,Medium
INC-03919,2024-11-02,Russia,IT & Telecom,Cloud-DC,Insider Threat,Insider,Excess Privileges,AI-based IDS,37,19214,0.234,40.3,116.9,0.735,Medium
INC-03920,2024-11-02,UK,Energy,IoT-Grid,Phishing,Cybercriminal,Social Engineering,Firewall,316,3893,0.059,21.9,20.2,0.377,Low
INC-03921,2024-11-03,Japan,Education,University-Campus,SQL Injection,Hacktivist,Unpatched Software,Encryption,892,324845,4.611,208.0,125.5,1.686,High
INC-03922,2024-11-03,USA,Finance,Banking-Core,Insider Threat,Insider,Excess Privileges,Antivirus,106,28336,0.708,141.9,124.7,1.454,Medium
INC-03923,2024-11-03,UK,Finance,Cloud-DC,SQL Injection,Cybercriminal,Unpatched Software,Antivirus,2097,147622,2.773,3.9,16.0,1.053,Medium
INC-03924,2024-11-05,Japan,Healthcare,Corporate-LAN,Phishing,Unknown,Social Engineering,Firewall,331,4299,0.105,4.9,15.7,0.367,Low
INC-03925,2024-11-05,UK,Government,Corporate-LAN,Zero-Day Exploit,Nation-State,Zero-Day,Firewall,1058,8962,0.186,33.3,61.3,0.587,Medium
INC-03926,2024-11-05,UK,Retail,Cloud-DC,Credential Stuffing,Cybercriminal,Weak Passwords,Firewall,429,4661,0.104,32.1,41.8,0.565,Medium
INC-03927,2024-11-05,USA,Healthcare,Corporate-LAN,Man-in-the-Middle,Cybercriminal,Misconfiguration,VPN,2471,10224,0.242,51.7,63.1,0.775,Medium
INC-03928,2024-11-06,USA,Government,Corporate-LAN,Phishing,Nation-State,Social Engineering,AI-based IDS,8090,12057,0.131,7.4,29.1,0.451,Low
INC-03929,2024-11-06,Japan,Energy,IoT-Grid,Phishing,Nation-State,Social Engineering,Antivirus,7004,9221,0.142,14.9,14.8,0.375,Low
INC-03930,2024-11-07,USA,Government,Cloud-DC,DDoS,Hacktivist,Misconfiguration,AI-based IDS,26442,1114,0.017,0.9,22.5,0.308,Low
INC-03931,2024-11-09,Brazil,Government,Cloud-DC,DDoS,Hacktivist,Misconfiguration,MFA,7359,232,0.002,0.7,7.1,0.277,Low
INC-03932,2024-11-09,Germany,Healthcare,Corporate-LAN,Credential Stuffing,Cybercriminal,Misconfiguration,AI-based IDS,4258,53911,0.779,4.2,25.0,0.756,Medium
INC-03933,2024-11-09,USA,Government,Corporate-LAN,Man-in-the-Middle,Cybercriminal,Misconfiguration,MFA,3297,35191,0.645,118.0,84.2,1.06,Medium
INC-03934,2024-11-09,Brazil,Retail,Cloud-DC,Malware,Nation-State,Unpatched Software,Firewall,3472,5446,0.07,21.0,27.6,0.194,Low
INC-03935,2024-11-10,Germany,Healthcare,Corporate-LAN,Ransomware,Cybercriminal,Unpatched Software,Antivirus,2542,143033,1.986,5.4,160.8,4.448,High
INC-03936,2024-11-10,India,IT & Telecom,Cloud-DC,Ransomware,Cybercriminal,Unpatched Software,MFA,4940,84623,1.215,13.0,140.1,1.551,High
INC-03937,2024-11-10,USA,Healthcare,Corporate-LAN,Zero-Day Exploit,Nation-State,Zero-Day,MFA,1155,107554,1.636,51.2,71.4,1.594,High
INC-03938,2024-11-11,India,Healthcare,Corporate-LAN,Ransomware,Cybercriminal,Unpatched Software,Encryption,7278,98644,2.485,14.6,134.7,4.81,High
INC-03939,2024-11-11,Brazil,Retail,Cloud-DC,Ransomware,Cybercriminal,Social Engineering,Antivirus,7609,63777,1.255,3.8,81.7,2.409,High
INC-03940,2024-11-11,Japan,Finance,Banking-Core,Ransomware,Unknown,Unpatched Software,Firewall,11323,462278,6.896,13.5,33.9,6.026,Critical
INC-03941,2024-11-11,USA,Finance,Cloud-DC,Man-in-the-Middle,Unknown,Unpatched Software,Antivirus,5051,74807,1.16,31.8,66.8,0.737,Medium
INC-03942,2024-11-11,India,IT & Telecom,Cloud-DC,Phishing,Unknown,Social Engineering,Antivirus,15105,2194,0.038,22.9,79.7,0.703,Medium
INC-03943,2024-11-12,Japan,IT & Telecom,Cloud-DC,Ransomware,Cybercriminal,Social Engineering,MFA,18038,20952,0.55,16.7,74.5,2.706,High
INC-03944,2024-11-13,Russia,Energy,Corporate-LAN,Zero-Day Exploit,Nation-State,Zero-Day,AI-based IDS,16699,141535,3.313,62.6,177.5,2.201,High
INC-03945,2024-11-13,Russia,Energy,Corporate-LAN,Insider Threat,Insider,Excess Privileges,Firewall,61,11559,0.132,232.0,159.6,1.897,High
INC-03946,2024-11-14,India,Healthcare,Corporate-LAN,Credential Stuffing,Cybercriminal,Weak Passwords,Firewall,942,18900,0.525,18.1,83.7,0.856,Medium
INC-03947,2024-11-14,Germany,Retail,Corporate-LAN,Malware,Cybercriminal,Social Engineering,Firewall,89,32958,0.811,21.4,46.6,0.38,Low
INC-03948,2024-11-15,Japan,Government,Corporate-LAN,Insider Threat,Cybercriminal,Excess Privileges,AI-based IDS,105,22098,0.376,157.9,127.1,1.085,Medium
INC-03949,2024-11-15,USA,Energy,IoT-Grid,Ransomware,Cybercriminal,Weak Passwords,MFA,8374,1360722,40.385,5.6,24.0,7.91,Critical
INC-03950,2024-11-15,Brazil,Healthcare,IoT-Grid,Ransomware,Cybercriminal,Social Engineering,VPN,1788,11179,0.306,16.4,68.2,1.772,High
INC-03951,2024-11-16,India,Healthcare,Corporate-LAN,Phishing,Cybercriminal,Social Engineering,Antivirus,5502,1595,0.04,7.8,29.4,0.605,Medium
INC-03952,2024-11-16,Brazil,IT & Telecom,Corporate-LAN,Phishing,Cybercriminal,Weak Passwords,Firewall,179,7310,0.078,4.6,16.8,0.303,Low
INC-03953,2024-11-17,Russia,Government,Cloud-DC,DDoS,Unknown,Misconfiguration,AI-based IDS,10351,13,0.0,0.9,4.1,0.164,Low
INC-03954,2024-11-17,USA,Government,Cloud-DC,DDoS,Hacktivist,Misconfiguration,Firewall,91995,48,0.001,1.0,5.1,0.285,Low
INC-03955,2024-11-18,Russia,IT & Telecom,Cloud-DC,Ransomware,Cybercriminal,Unpatched Software,Firewall,2187,14969,0.294,17.1,158.6,1.688,High
INC-03956,2024-11-19,Japan,Healthcare,Cloud-DC,Malware,Cybercriminal,Social Engineering,Antivirus,1683,190368,3.598,18.1,51.8,0.891,Medium
INC-03957,2024-11-19,India,Healthcare,Corporate-LAN,Credential Stuffing,Unknown,Misconfiguration,VPN,2405,26961,0.534,7.2,70.1,0.826,Medium
INC-03958,2024-11-19,France,Finance,Banking-Core,Malware,Nation-State,Unpatched Software,Antivirus,10186,10767,0.147,18.2,29.4,0.565,Medium
INC-03959,2024-11-19,UK,Finance,Cloud-DC,Man-in-the-Middle,Nation-State,Unpatched Software,AI-based IDS,913,14717,0.428,5.1,37.0,0.576,Medium
INC-03960,2024-11-20,Germany,Finance,Corporate-LAN,Credential Stuffing,Cybercriminal,Weak Passwords,Antivirus,1803,3422,0.101,20.0,32.8,0.381,Low
INC-03961,2024-11-20,Germany,Healthcare,Cloud-DC,Zero-Day Exploit,Nation-State,Zero-Day,Firewall,346,2204,0.062,83.4,169.9,1.374,Medium
INC-03962,2024-11-21,Japan,Finance,Banking-Core,DDoS,Hacktivist,Misconfiguration,MFA,1136,4060,0.08,0.9,24.4,0.436,Low
INC-03963,2024-11-21,France,Finance,Cloud-DC,Insider Threat,Insider,Excess Privileges,AI-based IDS,188,347578,4.705,26.3,20.6,2.715,High
INC-03964,2024-11-22,USA,Education,Cloud-DC,Malware,Cybercriminal,Social Engineering,MFA,9868,4413,0.105,2.4,67.4,0.373,Low
INC-03965,2024-11-22,Australia,IT & Telecom,Cloud-DC,Man-in-the-Middle,Unknown,Misconfiguration,MFA,9163,3209,0.034,106.4,73.2,1.02,Medium
INC-03966,2024-11-22,Brazil,Education,Cloud-DC,Phishing,Nation-State,Weak Passwords,Firewall,186,45007,1.211,29.1,44.5,0.46,Low
INC-03967,2024-11-22,Germany,IT & Telecom,Cloud-DC,Malware,Cybercriminal,Social Engineering,MFA,3385,3156,0.037,18.1,44.9,0.445,Low
INC-03968,2024-11-24,USA,Retail,Cloud-DC,Ransomware,Cybercriminal,Weak Passwords,Encryption,1683,19216,0.524,8.5,289.5,3.747,High
INC-03969,2024-11-24,USA,Healthcare,Corporate-LAN,Ransomware,Cybercriminal,Unpatched Software,AI-based IDS,12934,15142,0.425,3.4,41.2,2.793,High
INC-03970,2024-11-24,Australia,Healthcare,Corporate-LAN,Phishing,Cybercriminal,Social Engineering,Firewall,1149,8323,0.224,5.3,45.3,0.535,Medium
INC-03971,2024-11-24,Brazil,Finance,Corporate-LAN,Malware,Cybercriminal,Social Engineering,Antivirus,1094,2668,0.041,24.4,45.5,0.736,Medium
INC-03972,2024-11-25,India,Finance,Corporate-LAN,DDoS,Hacktivist,Misconfiguration,Encryption,136955,314,0.005,1.2,25.6,0.498,Low
INC-03973,2024-11-25,India,IT & Telecom,Cloud-DC,DDoS,Hacktivist,Unpatched Software,MFA,2029,660,0.017,1.0,5.3,0.251,Low
INC-03974,2024-11-26,India,Energy,IoT-Grid,Zero-Day Exploit,Nation-State,Zero-Day,Firewall,17920,20521,0.259,11.8,69.3,0.567,Medium
INC-03975,2024-11-26,Australia,Government,Corporate-LAN,Phishing,Cybercriminal,Social Engineering,Antivirus,3625,7908,0.209,4.7,35.6,0.79,Medium
INC-03976,2024-11-27,India,Healthcare,IoT-Grid,SQL Injection,Unknown,Unpatched Software,Firewall,5747,6834,0.075,54.1,104.9,1.316,Medium
INC-03977,2024-11-27,UK,Government,Corporate-LAN,Ransomware,Unknown,Unpatched Software,Encryption,493,5299,0.139,6.2,145.3,1.787,High
INC-03978,2024-11-28,USA,Education,University-Campus,DDoS,Hacktivist,Unpatched Software,Encryption,9190,2653,0.064,1.5,9.0,0.127,Low
INC-03979,2024-11-28,Germany,Healthcare,IoT-Grid,Credential Stuffing,Cybercriminal,Weak Passwords,AI-based IDS,10002,2511,0.059,32.5,53.5,1.124,Medium
INC-03980,2024-11-28,China,Government,Cloud-DC,Zero-Day Exploit,Nation-State,Zero-Day,Encryption,585,52021,0.831,154.8,135.2,1.764,High
INC-03981,2024-12-01,Russia,IT & Telecom,Cloud-DC,Credential Stuffing,Cybercriminal,Weak Passwords,Firewall,4644,504175,15.072,15.2,66.7,2.523,High
INC-03982,2024-12-01,Germany,Retail,Cloud-DC,SQL Injection,Cybercriminal,Unpatched Software,MFA,4413,31150,0.403,20.9,33.4,0.338,Low
INC-03983,2024-12-02,China,Finance,Cloud-DC,Insider Threat,Insider,Excess Privileges,Firewall,154,2349,0.069,84.6,52.6,0.896,Medium
INC-03984,2024-12-03,China,Education,University-Campus,DDoS,Cybercriminal,Unpatched Software,Antivirus,7778,57,0.001,0.3,4.0,0.139,Low
INC-03985,2024-12-03,India,Education,University-Campus,Malware,Unknown,Social Engineering,VPN,20379,31278,0.563,23.0,68.5,0.61,Medium
INC-03986,2024-12-03,India,Education,University-Campus,DDoS,Unknown,Misconfiguration,MFA,2346,1107,0.025,0.6,12.5,0.164,Low
INC-03987,2024-12-03,USA,Healthcare,Cloud-DC,Ransomware,Cybercriminal,Unpatched Software,MFA,83,6937,0.123,3.6,135.2,2.651,High
INC-03988,2024-12-04,USA,Finance,Cloud-DC,Insider Threat,Insider,Excess Privileges,MFA,431,27759,0.532,177.8,215.8,3.62,High
INC-03989,2024-12-04,UK,Education,Cloud-DC,Ransomware,Cybercriminal,Social Engineering,VPN,238,100284,2.14,4.9,29.5,1.061,Medium
INC-03990,2024-12-05,USA,Retail,Cloud-DC,SQL Injection,Hacktivist,Unpatched Software,Encryption,26409,153202,1.829,29.7,21.3,1.123,Medium
INC-03991,2024-12-05,Japan,Education,University-Campus,DDoS,Nation-State,Unpatched Software,Encryption,42073,278,0.006,0.8,8.1,0.181,Low
INC-03992,2024-12-05,India,Energy,Corporate-LAN,DDoS,Hacktivist,Misconfiguration,Firewall,21785,170,0.003,0.3,11.1,0.189,Low
INC-03993,2024-12-06,India,Energy,IoT-Grid,Ransomware,Cybercriminal,Social Engineering,Antivirus,3066,251101,6.504,6.1,172.0,3.488,High
INC-03994,2024-12-06,China,IT & Telecom,Cloud-DC,DDoS,Hacktivist,Unpatched Software,Antivirus,716,10776,0.223,0.7,4.7,0.316,Low
INC-03995,2024-12-06,Brazil,Finance,Cloud-DC,Ransomware,Cybercriminal,Unpatched Software,AI-based IDS,21041,252157,4.532,2.2,118.9,4.267,High
INC-03996,2024-12-07,Australia,Government,Corporate-LAN,DDoS,Cybercriminal,Misconfiguration,Antivirus,3937,327,0.007,1.2,21.8,0.289,Low
INC-03997,2024-12-08,India,Finance,Cloud-DC,Malware,Nation-State,Social Engineering,AI-based IDS,269,56265,1.169,9.8,35.6,0.818,Medium
INC-03998,2024-12-08,USA,Finance,Cloud-DC,Credential Stuffing,Cybercriminal,Misconfiguration,Antivirus,369,10019,0.267,37.1,43.4,0.418,Low
INC-03999,2024-12-11,India,IT & Telecom,Corporate-LAN,DDoS,,Misconfiguration,Firewall,52716,194,0.004,0.3,10.1,0.25,Low
INC-04000,2024-12-11,India,Healthcare,Cloud-DC,Phishing,Unknown,Weak Passwords,VPN,24,17272,0.424,141.1,111.7,1.618,High
INC-04001,2024-12-11,UK,Retail,Cloud-DC,Credential Stuffing,Unknown,Weak Passwords,Antivirus,1203,85168,2.32,39.2,82.6,1.027,Medium
INC-04002,2024-12-12,Brazil,Finance,Banking-Core,SQL Injection,Unknown,Unpatched Software,AI-based IDS,463,6978,0.117,3.4,22.7,0.458,Low
INC-04003,2024-12-12,China,Healthcare,Cloud-DC,Ransomware,Cybercriminal,Social Engineering,VPN,5466,2703,0.065,3.0,86.7,3.816,High
INC-04004,2024-12-13,USA,Retail,Cloud-DC,SQL Injection,Cybercriminal,Unpatched Software,MFA,51965,16431,0.485,23.7,45.9,0.531,Medium
INC-04005,2024-12-13,China,Government,Cloud-DC,Phishing,Nation-State,Social Engineering,Encryption,2904,9246,0.209,31.9,46.6,0.576,Medium
INC-04006,2024-12-14,USA,Government,Cloud-DC,DDoS,Unknown,Unpatched Software,MFA,41910,2601,0.04,,5.6,0.172,Low
INC-04007,2024-12-14,UK,Retail,Corporate-LAN,Malware,Cybercriminal,Social Engineering,Antivirus,258,5727,0.122,16.4,32.8,0.297,Low
INC-04008,2024-12-15,India,Finance,Banking-Core,Phishing,Unknown,Social Engineering,Antivirus,3242,11455,0.15,17.6,34.9,0.524,Medium
INC-04009,2024-12-16,UK,Education,University-Campus,Phishing,Cybercriminal,Social Engineering,Antivirus,553,51557,1.524,59.1,52.9,0.5,Low
INC-04010,2024-12-16,Japan,Government,Corporate-LAN,Phishing,Nation-State,Social Engineering,VPN,1118,244126,6.717,7.1,22.0,1.341,Medium
INC-04011,2024-12-17,Brazil,Energy,Corporate-LAN,Ransomware,Cybercriminal,Unpatched Software,AI-based IDS,8398,7433,0.171,2.1,43.6,1.552,High
INC-04012,2024-12-17,Japan,Government,Cloud-DC,Zero-Day Exploit,Nation-State,Zero-Day,Firewall,24529,2741,0.055,80.5,128.7,1.73,High
INC-04013,2024-12-17,India,Government,Corporate-LAN,Insider Threat,Insider,Misconfiguration,Firewall,1382,97562,2.536,313.6,184.7,2.089,High
INC-04014,2024-12-17,Russia,Retail,Cloud-DC,Ransomware,Cybercriminal,Social Engineering,VPN,9830,4115,0.077,10.7,95.9,3.395,High
INC-04015,2024-12-17,USA,Retail,Corporate-LAN,Credential Stuffing,Cybercriminal,Weak Passwords,Firewall,258,4703,0.063,35.6,84.8,0.78,Medium
INC-04016,2024-12-19,USA,Government,Corporate-LAN,Malware,Cybercriminal,Social Engineering,VPN,6030,56872,1.376,34.2,45.8,0.504,Medium
INC-04017,2024-12-19,Germany,Finance,Banking-Core,Malware,Cybercriminal,Social Engineering,AI-based IDS,7317,72272,1.811,26.5,59.9,1.187,Medium
INC-04018,2024-12-20,Brazil,Education,University-Campus,DDoS,Hacktivist,Misconfiguration,Antivirus,9238,41,0.001,1.0,9.2,0.231,Low
INC-04019,2024-12-20,India,Government,Corporate-LAN,Malware,Nation-State,Social Engineering,AI-based IDS,235,112973,2.189,4.2,18.3,0.965,Medium
INC-04020,2024-12-20,China,Healthcare,Corporate-LAN,Ransomware,Nation-State,Weak Passwords,Antivirus,9625,58681,0.91,5.0,115.8,2.409,High
INC-04021,2024-12-21,India,Finance,Banking-Core,Credential Stuffing,Cybercriminal,Weak Passwords,Firewall,24946,1940,0.022,20.7,49.7,0.598,Medium
INC-04022,2024-12-21,USA,Education,University-Campus,Man-in-the-Middle,Nation-State,Misconfiguration,VPN,6817,1025,0.017,63.9,79.9,0.41,Low
INC-04023,2024-12-21,UK,Healthcare,IoT-Grid,Ransomware,Cybercriminal,Weak Passwords,Firewall,362,150769,3.553,2.2,54.6,3.794,High
INC-04024,2024-12-22,USA,Energy,IoT-Grid,DDoS,Nation-State,Unpatched Software,Firewall,15690,2783,0.034,1.1,6.6,0.288,Low
INC-04025,2024-12-22,China,IT & Telecom,Cloud-DC,Ransomware,Cybercriminal,Unpatched Software,Encryption,1108,46586,1.253,15.4,56.2,1.775,High
INC-04026,2024-12-23,Russia,Government,Corporate-LAN,Zero-Day Exploit,Nation-State,Zero-Day,Antivirus,7187,1509,0.024,381.2,356.2,2.791,High
INC-04027,2024-12-23,USA,Education,University-Campus,SQL Injection,Cybercriminal,Misconfiguration,VPN,2682,17627,0.389,12.8,40.0,0.205,Low
INC-04028,2024-12-24,Russia,Education,University-Campus,SQL Injection,Cybercriminal,Misconfiguration,Firewall,4631,19191,0.476,55.2,90.9,0.482,Low
INC-04029,2024-12-24,Germany,IT & Telecom,Cloud-DC,DDoS,Cybercriminal,Unpatched Software,VPN,14529,86,0.001,0.9,2.4,0.164,Low
INC-04030,2024-12-25,Russia,Healthcare,Cloud-DC,Insider Threat,Insider,Weak Passwords,AI-based IDS,254,8150,0.153,18.7,27.1,0.463,Low
INC-04031,2024-12-25,USA,Energy,IoT-Grid,Ransomware,Cybercriminal,Social Engineering,Firewall,10637,6618,0.114,6.0,110.5,1.905,High
INC-04032,2024-12-25,Japan,Finance,Cloud-DC,Phishing,Cybercriminal,Social Engineering,MFA,223,19775,0.58,17.5,58.4,1.304,Medium
INC-04033,2024-12-25,India,Healthcare,Corporate-LAN,Phishing,Cybercriminal,Social Engineering,Antivirus,603,86703,1.24,25.5,24.8,0.701,Medium
INC-04034,2024-12-25,Australia,Education,University-Campus,Phishing,Cybercriminal,Social Engineering,VPN,95786,489782,14.207,42.8,74.1,1.404,Medium
INC-04035,2024-12-25,Russia,Healthcare,IoT-Grid,SQL Injection,Hacktivist,Misconfiguration,Encryption,1206,56609,1.541,13.2,29.8,0.735,Medium
INC-04036,2024-12-26,USA,Government,Cloud-DC,Phishing,Unknown,Social Engineering,Firewall,4030,12346,0.145,14.0,33.2,0.432,Low
INC-04037,2024-12-26,Russia,Energy,IoT-Grid,Malware,Cybercriminal,Social Engineering,AI-based IDS,998,43126,1.229,5.1,93.9,1.36,Medium
INC-04038,2024-12-26,Germany,Finance,Banking-Core,Credential Stuffing,Cybercriminal,Weak Passwords,Firewall,7718,22091,0.424,17.3,64.5,0.848,Medium
INC-04039,2024-12-27,USA,Retail,Cloud-DC,SQL Injection,Hacktivist,Misconfiguration,VPN,388,457329,5.692,45.1,85.1,2.087,High
INC-04040,2024-12-27,India,Government,Cloud-DC,Ransomware,Cybercriminal,Unpatched Software,Encryption,34656,113180,1.471,6.5,89.6,2.069,High
INC-04041,2024-12-28,USA,Finance,Banking-Core,DDoS,Nation-State,Unpatched Software,VPN,32363,209,0.006,0.3,5.6,0.323,Low
INC-04042,2024-12-28,UK,Finance,Banking-Core,Phishing,Hacktivist,Social Engineering,Firewall,347,18802,0.378,24.3,42.1,0.941,Medium
INC-04043,2025-01-01,India,Finance,Cloud-DC,DDoS,Hacktivist,Unpatched Software,MFA,537,12806,0.242,2.6,13.5,0.462,Low
INC-04044,2025-01-02,China,Retail,Cloud-DC,Credential Stuffing,Unknown,Weak Passwords,Firewall,5603,2141,0.064,34.5,207.4,0.941,Medium
INC-04045,2025-01-02,India,IT & Telecom,Cloud-DC,Ransomware,Unknown,Unpatched Software,AI-based IDS,1668,2312,0.065,4.0,58.5,2.569,High
INC-04046,2025-01-02,USA,Finance,Banking-Core,Ransomware,Cybercriminal,Social Engineering,VPN,1767,216505,4.927,17.2,129.3,3.643,High
INC-04047,2025-01-03,China,Finance,Banking-Core,Malware,Nation-State,Unpatched Software,Firewall,1145,1058990,22.876,19.9,102.9,9.452,Critical
INC-04048,2025-01-03,USA,Retail,Cloud-DC,SQL Injection,Cybercriminal,Misconfiguration,VPN,18498,169686,3.699,43.0,76.4,1.067,Medium
INC-04049,2025-01-03,China,Healthcare,Corporate-LAN,Phishing,Nation-State,Social Engineering,VPN,1306,90250,1.371,9.8,28.7,0.878,Medium
INC-04050,2025-01-04,Germany,IT & Telecom,Cloud-DC,Ransomware,Cybercriminal,Social Engineering,Antivirus,54622,99640,2.383,4.6,52.5,1.515,High
INC-04051,2025-01-05,USA,Healthcare,Corporate-LAN,Phishing,Cybercriminal,Social Engineering,Antivirus,6024,59711,1.645,6.6,76.6,0.68,Medium
INC-04052,2025-01-05,India,Finance,Banking-Core,SQL Injection,Cybercriminal,Unpatched Software,VPN,18603,53957,1.334,55.4,48.5,1.156,Medium
INC-04053,2025-01-05,Germany,Retail,Cloud-DC,Phishing,Hacktivist,Unpatched Software,VPN,125099,123603,3.535,8.9,27.9,0.851,Medium
INC-04054,2025-01-06,UK,Government,Corporate-LAN,DDoS,Nation-State,Misconfiguration,MFA,2070,560,0.01,1.0,7.8,0.253,Low
INC-04055,2025-01-06,USA,Energy,IoT-Grid,Phishing,Nation-State,Social Engineering,VPN,866,9128,0.196,17.4,135.1,1.504,High
INC-04056,2025-01-07,Russia,Healthcare,IoT-Grid,Ransomware,Nation-State,Unpatched Software,Encryption,2383,9791,0.272,2.4,442.6,3.071,High
INC-04057,2025-01-07,Japan,Retail,Cloud-DC,Insider Threat,Insider,Misconfiguration,Antivirus,273,77050,1.268,51.7,49.7,0.894,Medium
INC-04058,2025-01-07,India,Energy,IoT-Grid,Phishing,Cybercriminal,Social Engineering,Firewall,218,11469,0.15,27.7,47.6,0.869,Medium
INC-04059,2025-01-07,China,IT & Telecom,Cloud-DC,SQL Injection,Cybercriminal,Misconfiguration,Antivirus,217,7747,0.143,29.5,28.2,0.311,Low
INC-04060,2025-01-08,France,Healthcare,Corporate-LAN,Phishing,Cybercriminal,Social Engineering,Firewall,28553,7984,0.125,6.9,19.1,0.282,Low
INC-04061,2025-01-08,Russia,IT & Telecom,Cloud-DC,DDoS,Cybercriminal,Unpatched Software,Firewall,127523,886,0.017,0.2,13.4,0.522,Medium
INC-04062,2025-01-08,India,Finance,Corporate-LAN,Malware,Cybercriminal,Weak Passwords,MFA,631,40412,0.595,14.3,45.3,0.73,Medium
INC-04063,2025-01-08,UK,Finance,Cloud-DC,SQL Injection,Hacktivist,Unpatched Software,Firewall,15183,153445,2.645,7.4,31.4,2.305,High
INC-04064,2025-01-08,France,Retail,Cloud-DC,Malware,Nation-State,Social Engineering,MFA,771,8755,0.162,9.1,30.7,0.498,Low
INC-04065,2025-01-09,Russia,Government,Cloud-DC,Malware,Unknown,Unpatched Software,Firewall,44441,39739,1.143,16.2,47.1,0.454,Low
INC-04066,2025-01-09,UK,Healthcare,Cloud-DC,Ransomware,Cybercriminal,Social Engineering,Firewall,119,19360,0.256,6.1,77.7,2.692,High
INC-04067,2025-01-10,USA,Energy,Corporate-LAN,Phishing,Nation-State,Social Engineering,Firewall,32048,36564,0.742,19.4,28.2,0.578,Medium
INC-04068,2025-01-10,France,Government,Cloud-DC,Malware,Nation-State,Social Engineering,MFA,21254,40877,0.583,2.4,19.6,0.542,Medium
INC-04069,2025-01-11,UK,Healthcare,Corporate-LAN,Malware,Nation-State,Social Engineering,Firewall,21499,110384,3.142,14.3,20.1,0.773,Medium
INC-04070,2025-01-12,USA,IT & Telecom,Cloud-DC,Ransomware,Cybercriminal,Unpatched Software,VPN,5611,60597,1.711,6.8,29.1,2.163,High
INC-04071,2025-01-12,France,Healthcare,IoT-Grid,SQL Injection,Unknown,Misconfiguration,MFA,5691,41811,0.743,29.8,40.7,0.843,Medium
INC-04072,2025-01-12,France,Government,Corporate-LAN,SQL Injection,Hacktivist,Unpatched Software,VPN,46568,14886,0.357,135.9,110.3,1.639,High
INC-04073,2025-01-12,Japan,Education,University-Campus,Malware,Cybercriminal,Unpatched Software,Encryption,482,24953,0.734,15.5,64.0,0.395,Low
INC-04074,2025-01-12,USA,Education,University-Campus,Ransomware,Hacktivist,Unpatched Software,Firewall,4314,52188,1.243,4.8,103.1,2.142,High
INC-04075,2025-01-12,Germany,Energy,IoT-Grid,Ransomware,Cybercriminal,Social Engineering,AI-based IDS,3633,14943,0.383,2.4,102.4,3.424,High
INC-04076,2025-01-13,India,Finance,Cloud-DC,Ransomware,Cybercriminal,Unpatched Software,AI-based IDS,6373,75059,1.721,5.9,167.6,3.041,High
INC-04077,2025-01-13,France,Education,University-Campus,Phishing,Nation-State,Social Engineering,MFA,3794,28224,0.449,,110.1,0.718,Medium
INC-04078,2025-01-13,USA,Retail,Cloud-DC,Ransomware,Cybercriminal,Weak Passwords,Firewall,14858,40115,1.147,7.0,111.5,2.843,High
INC-04079,2025-01-13,Australia,Finance,Banking-Core,Ransomware,Unknown,Social Engineering,Antivirus,16642,3115,0.089,10.7,120.0,2.991,High
INC-04080,2025-01-13,USA,IT & Telecom,Cloud-DC,SQL Injection,Unknown,Unpatched Software,Encryption,557,35458,0.994,40.2,48.3,0.653,Medium
INC-04081,2025-01-14,USA,Finance,Banking-Core,DDoS,Cybercriminal,Unpatched Software,VPN,3001,720,0.021,3.6,18.2,0.519,Medium
INC-04082,2025-01-14,UK,Retail,Cloud-DC,Credential Stuffing,Cybercriminal,Weak Passwords,Firewall,1319,7722,0.165,24.7,30.0,0.443,Low
INC-04083,2025-01-14,Japan,Healthcare,Corporate-LAN,Phishing,Unknown,Social Engineering,MFA,10276,7528,0.153,7.4,57.0,1.056,Medium
INC-04084,2025-01-15,USA,Healthcare,Corporate-LAN,Ransomware,Cybercriminal,Unpatched Software,Antivirus,1053,2413,0.025,3.3,73.1,2.738,High
INC-04085,2025-01-15,France,Healthcare,Corporate-LAN,Insider Threat,Insider,Excess Privileges,AI-based IDS,158,175,0.005,21.7,50.1,0.722,Medium
INC-04086,2025-01-15,Brazil,IT & Telecom,Cloud-DC,DDoS,Hacktivist,Misconfiguration,Antivirus,15322,892,0.024,2.0,10.2,0.203,Low
INC-04087,2025-01-15,France,Government,Cloud-DC,DDoS,Nation-State,Misconfiguration,Firewall,38496,1628,0.035,1.7,5.6,0.281,Low
INC-04088,2025-01-16,Brazil,Finance,Banking-Core,Phishing,Cybercriminal,Social Engineering,VPN,4975,96522,1.696,21.3,33.0,1.214,Medium
INC-04089,2025-01-16,Japan,Retail,Cloud-DC,SQL Injection,Nation-State,Misconfiguration,AI-based IDS,472,9305,0.133,11.4,66.3,0.483,Low
INC-04090,2025-01-16,China,Retail,Cloud-DC,Credential Stuffing,Cybercriminal,Weak Passwords,Firewall,2131,14973,0.409,18.2,25.6,0.244,Low
INC-04091,2025-01-16,India,Government,Cloud-DC,Malware,Unknown,Unpatched Software,Firewall,9804,1632,0.037,17.5,36.0,0.588,Medium
INC-04092,2025-01-16,India,Energy,IoT-Grid,Zero-Day Exploit,Nation-State,Zero-Day,Firewall,54535,47625,1.331,200.0,191.4,1.682,High
INC-04093,2025-01-16,Russia,Education,University-Campus,Phishing,Cybercriminal,Weak Passwords,AI-based IDS,7286,2081031,50.332,33.9,42.3,6.505,Critical
INC-04094,2025-01-16,India,Finance,Banking-Core,Phishing,Cybercriminal,Social Engineering,Antivirus,1547,69402,1.65,,30.4,0.738,Medium
INC-04095,2025-01-17,India,Government,Cloud-DC,Malware,Unknown,Social Engineering,AI-based IDS,3380,85235,1.805,15.5,43.7,0.419,Low
INC-04096,2025-01-17,Australia,Finance,Banking-Core,SQL Injection,Cybercriminal,Misconfiguration,AI-based IDS,17772,36783,0.684,4.0,20.3,0.429,Low
INC-04097,2025-01-18,Japan,Government,Corporate-LAN,Zero-Day Exploit,Unknown,Zero-Day,AI-based IDS,8458,15053,0.181,22.9,164.2,0.802,Medium
INC-04098,2025-01-19,UK,Government,Corporate-LAN,Phishing,Cybercriminal,Weak Passwords,Firewall,83336,5053,0.118,33.8,78.7,1.268,Medium
INC-04099,2025-01-19,Russia,Healthcare,Cloud-DC,Ransomware,Nation-State,Social Engineering,MFA,3040,29645,0.308,2.8,109.2,2.337,High
INC-04100,2025-01-19,Russia,Energy,IoT-Grid,Malware,Nation-State,Unpatched Software,Encryption,1286,2544,0.07,21.7,69.3,0.459,Low
INC-04101,2025-01-19,USA,Healthcare,IoT-Grid,Ransomware,Cybercriminal,Unpatched Software,Antivirus,3009,74180,1.507,19.7,286.5,3.662,High
INC-04102,2025-01-20,India,Finance,Banking-Core,Credential Stuffing,Cybercriminal,Weak Passwords,AI-based IDS,35034,150184,3.037,3.4,47.8,1.27,Medium
INC-04103,2025-01-20,USA,Government,Cloud-DC,SQL Injection,Unknown,Misconfiguration,AI-based IDS,107,6725,0.122,6.4,9.5,0.159,Low
INC-04104,2025-01-20,India,Healthcare,IoT-Grid,Ransomware,Cybercriminal,Social Engineering,MFA,27465,5684,0.1,16.7,185.3,3.41,High
INC-04105,2025-01-20,India,Government,Corporate-LAN,Man-in-the-Middle,Unknown,Unpatched Software,MFA,22033,3542,0.038,94.2,62.4,0.435,Low
INC-04106,2025-01-21,France,Healthcare,Cloud-DC,Malware,Cybercriminal,Unpatched Software,VPN,3167,11646,0.183,12.3,52.8,0.698,Medium
INC-04107,2025-01-21,USA,Healthcare,Corporate-LAN,Insider Threat,Insider,Excess Privileges,AI-based IDS,371,63903,1.502,23.9,63.9,0.833,Medium
INC-04108,2025-01-21,India,Government,Corporate-LAN,Ransomware,Unknown,Social Engineering,Encryption,119380,95029,1.469,7.8,28.5,2.338,High
INC-04109,2025-01-21,USA,Energy,IoT-Grid,DDoS,,Misconfiguration,VPN,10941,23,0.001,0.8,14.9,0.378,Low
INC-04110,2025-01-23,Japan,Government,Corporate-LAN,SQL Injection,Cybercriminal,Unpatched Software,VPN,700,1534911,29.919,53.5,54.2,4.435,Critical
INC-04111,2025-01-23,Germany,Finance,Banking-Core,Insider Threat,Insider,Excess Privileges,VPN,909,11919,0.258,200.5,171.8,1.723,High
INC-04112,2025-01-23,Brazil,IT & Telecom,Corporate-LAN,SQL Injection,Cybercriminal,Misconfiguration,Antivirus,1598,3806,0.048,19.5,64.2,0.66,Medium
INC-04113,2025-01-24,India,Energy,Corporate-LAN,Ransomware,Cybercriminal,Unpatched Software,Firewall,14369,47804,0.888,63.9,87.3,2.911,High
INC-04114,2025-01-24,USA,Finance,Banking-Core,Ransomware,Cybercriminal,Social Engineering,Firewall,7738,32840,0.862,6.7,68.5,2.853,High
INC-04115,2025-01-24,Russia,Finance,Cloud-DC,DDoS,Hacktivist,Unpatched Software,MFA,17835,1762,0.019,,7.4,0.348,Low
INC-04116,2025-01-24,France,Education,Cloud-DC,Phishing,Cybercriminal,Social Engineering,Firewall,2993,9514,0.136,24.4,25.9,0.196,Low
INC-04117,2025-01-25,India,Education,University-Campus,DDoS,Hacktivist,Misconfiguration,Firewall,5855,87,0.002,1.4,18.9,0.214,Low
INC-04118,2025-01-25,Brazil,IT & Telecom,Cloud-DC,Credential Stuffing,Unknown,Weak Passwords,AI-based IDS,15676,18144,0.387,15.0,115.5,1.169,Medium
INC-04119,2025-01-25,UK,Finance,Banking-Core,Phishing,Cybercriminal,Social Engineering,Antivirus,168,19465,0.319,31.5,20.7,0.408,Low
INC-04120,2025-01-26,India,Healthcare,IoT-Grid,Ransomware,Cybercriminal,Weak Passwords,MFA,17084,29244,0.382,3.2,186.5,2.891,High
INC-04121,2025-01-26,India,IT & Telecom,Corporate-LAN,Zero-Day Exploit,Cybercriminal,Zero-Day,MFA,1026,66956,1.056,46.0,72.7,1.2,Medium
INC-04122,2025-01-26,France,Government,Corporate-LAN,Malware,Cybercriminal,Unpatched Software,Antivirus,3334,4607,0.101,6.3,45.5,0.556,Medium
INC-04123,2025-01-26,China,IT & Telecom,Corporate-LAN,Phishing,Nation-State,Social Engineering,Firewall,74920,7123,0.119,33.1,49.8,0.667,Medium
INC-04124,2025-01-26,USA,IT & Telecom,Cloud-DC,Ransomware,Cybercriminal,Unpatched Software,AI-based IDS,2838,48582,1.425,0.4,146.6,1.669,High
INC-04125,2025-01-27,USA,IT & Telecom,Cloud-DC,Ransomware,Cybercriminal,Social Engineering,Antivirus,2497,23882,0.45,6.4,184.5,3.369,High
INC-04126,2025-01-27,USA,Energy,IoT-Grid,DDoS,Hacktivist,Misconfiguration,VPN,2469,110,0.001,0.3,10.1,0.319,Low
INC-04127,2025-01-27,UK,Finance,Banking-Core,DDoS,Nation-State,Misconfiguration,MFA,17181,94,0.001,0.9,5.1,0.224,Low
INC-04128,2025-01-27,India,IT & Telecom,Cloud-DC,Phishing,Cybercriminal,Social Engineering,MFA,865,6448,0.153,32.3,24.4,0.325,Low
INC-04129,2025-01-27,Germany,Energy,IoT-Grid,Zero-Day Exploit,Nation-State,Zero-Day,AI-based IDS,30921,24633,0.656,51.3,211.2,2.192,High
INC-04130,2025-01-28,India,Healthcare,IoT-Grid,SQL Injection,Cybercriminal,Misconfiguration,MFA,11847,68906,0.834,8.3,12.6,0.823,Medium
INC-04131,2025-01-28,France,Finance,Corporate-LAN,Phishing,Cybercriminal,Weak Passwords,Antivirus,7721,11861,0.247,20.8,19.4,0.545,Medium
INC-04132,2025-01-28,China,Healthcare,Corporate-LAN,Ransomware,Cybercriminal,Unpatched Software,Antivirus,750,3464,0.082,3.1,295.4,6.142,Critical
INC-04133,2025-01-28,Russia,IT & Telecom,Cloud-DC,DDoS,Nation-State,Misconfiguration,AI-based IDS,247166,112,0.002,0.6,4.0,0.434,Low
INC-04134,2025-02-01,USA,Healthcare,Corporate-LAN,Zero-Day Exploit,Nation-State,Zero-Day,Antivirus,488,4519,0.109,102.6,114.8,1.012,Medium
INC-04135,2025-02-01,Russia,Finance,Banking-Core,Credential Stuffing,Hacktivist,Misconfiguration,Firewall,6933,233514,5.296,2.7,24.7,2.252,High
INC-04136,2025-02-01,Japan,IT & Telecom,Cloud-DC,SQL Injection,Hacktivist,Misconfiguration,MFA,10545,27701,0.554,14.4,48.9,0.49,Low
INC-04137,2025-02-01,Germany,IT & Telecom,Cloud-DC,Zero-Day Exploit,Nation-State,Zero-Day,AI-based IDS,25024,961,0.023,46.9,51.2,0.646,Medium
INC-04138,2025-02-01,USA,Retail,Cloud-DC,SQL Injection,Unknown,Misconfiguration,Firewall,8208,41421,0.503,6.8,57.8,0.702,Medium
INC-04139,2025-02-02,India,Retail,Cloud-DC,SQL Injection,Hacktivist,Misconfiguration,Encryption,259,8520,0.241,28.2,54.0,0.522,Medium
INC-04140,2025-02-02,India,Government,Corporate-LAN,Insider Threat,Insider,Excess Privileges,Firewall,293,10927,0.23,22.5,35.8,0.477,Low
INC-04141,2025-02-03,Australia,Finance,Banking-Core,Ransomware,Cybercriminal,Weak Passwords,Firewall,26225,17028,0.29,5.6,138.0,4.319,High
INC-04142,2025-02-03,Japan,Healthcare,Corporate-LAN,Ransomware,Cybercriminal,Unpatched Software,AI-based IDS,6567,166803,3.629,5.6,231.9,4.099,High
INC-04143,2025-02-04,USA,Government,Corporate-LAN,Man-in-the-Middle,Nation-State,Misconfiguration,Encryption,595,13948,0.24,298.2,167.7,1.231,Medium
INC-04144,2025-02-04,USA,Education,University-Campus,Phishing,Cybercriminal,Social Engineering,Firewall,845,2410,0.072,,21.9,0.209,Low
INC-04145,2025-02-04,Japan,Energy,IoT-Grid,Malware,Nation-State,Social Engineering,Firewall,9355,130056,1.699,18.3,130.4,1.989,High
INC-04146,2025-02-04,USA,IT & Telecom,Cloud-DC,Ransomware,Unknown,Weak Passwords,Antivirus,1534,29335,0.312,59.3,266.1,2.273,High
INC-04147,2025-02-04,Brazil,Education,University-Campus,DDoS,Nation-State,Misconfiguration,Firewall,3719,85,0.001,0.7,19.1,0.166,Low
INC-04148,2025-02-05,USA,Education,Cloud-DC,SQL Injection,Cybercriminal,Misconfiguration,Firewall,5338,4035,0.074,14.4,40.0,0.18,Low
INC-04149,2025-02-05,UK,IT & Telecom,Corporate-LAN,Zero-Day Exploit,Cybercriminal,Zero-Day,MFA,10905,3716,0.054,104.7,152.3,1.233,Medium
INC-04150,2025-02-05,Japan,Government,Corporate-LAN,Zero-Day Exploit,Unknown,Zero-Day,AI-based IDS,2252,139962,2.479,52.7,55.0,1.273,Medium
INC-04151,2025-02-05,Russia,Education,Cloud-DC,Phishing,Cybercriminal,Social Engineering,Encryption,2063,2684,0.03,40.1,29.7,0.331,Low
INC-04152,2025-02-05,China,Government,Corporate-LAN,DDoS,Hacktivist,Misconfiguration,Firewall,12232,177,0.005,1.3,15.2,0.341,Low
INC-04153,2025-02-05,Australia,Healthcare,Cloud-DC,Ransomware,Cybercriminal,Unpatched Software,Firewall,3079,193481,2.54,7.8,78.1,3.005,High
INC-04154,2025-02-05,India,Retail,Corporate-LAN,SQL Injection,Cybercriminal,Misconfiguration,Firewall,746,52403,0.694,97.7,75.9,0.745,Medium
INC-04155,2025-02-05,Australia,Government,Corporate-LAN,DDoS,Hacktivist,Unpatched Software,MFA,61474,124,0.002,0.8,6.9,0.295,Low
INC-04156,2025-02-05,Germany,Finance,Banking-Core,Credential Stuffing,Cybercriminal,Weak Passwords,Firewall,506,404051,5.573,26.2,103.1,3.508,High
INC-04157,2025-02-06,Germany,Healthcare,Corporate-LAN,Malware,Nation-State,Social Engineering,AI-based IDS,1494,30716,0.893,9.9,25.6,0.856,Medium
INC-04158,2025-02-07,USA,IT & Telecom,Cloud-DC,DDoS,Cybercriminal,Misconfiguration,Firewall,16776,655,0.016,0.4,13.7,0.268,Low
INC-04159,2025-02-07,India,Education,University-Campus,SQL Injection,Hacktivist,Misconfiguration,Encryption,3502,6347,0.081,7.5,17.8,0.19,Low
INC-04160,2025-02-08,China,Government,Cloud-DC,DDoS,Nation-State,Misconfiguration,Encryption,4270,316,0.003,2.8,13.9,0.232,Low
INC-04161,2025-02-08,Germany,Finance,Cloud-DC,DDoS,Hacktivist,Unpatched Software,MFA,42884,390,0.008,1.1,9.0,0.467,Low
INC-04162,2025-02-08,Russia,Finance,Banking-Core,DDoS,Cybercriminal,Misconfiguration,Antivirus,12535,76,0.001,,12.4,0.274,Low
INC-04163,2025-02-09,USA,Finance,Banking-Core,Credential Stuffing,Hacktivist,Weak Passwords,Firewall,2422,6619,0.124,11.0,31.5,0.781,Medium
INC-04164,2025-02-09,USA,Government,Corporate-LAN,Phishing,Hacktivist,Social Engineering,VPN,428,228442,6.071,22.8,59.4,1.932,High
INC-04165,2025-02-09,Germany,Government,Corporate-LAN,DDoS,Cybercriminal,Unpatched Software,Antivirus,87503,32,0.0,1.1,3.4,0.203,Low
INC-04166,2025-02-10,India,IT & Telecom,Cloud-DC,Phishing,Cybercriminal,Social Engineering,Antivirus,37072,19140,0.199,29.9,39.2,0.594,Medium
INC-04167,2025-02-10,UK,Finance,Cloud-DC,DDoS,Cybercriminal,Misconfiguration,MFA,2038,25,0.001,1.0,12.6,0.423,Low
INC-04168,2025-02-10,USA,Energy,IoT-Grid,Ransomware,,Unpatched Software,VPN,25527,4123,0.117,13.8,62.4,1.88,High
INC-04169,2025-02-12,Germany,Retail,Corporate-LAN,SQL Injection,Hacktivist,Unpatched Software,Antivirus,5032,92029,1.603,19.1,22.9,0.662,Medium
INC-04170,2025-02-12,Japan,Healthcare,Cloud-DC,Malware,Nation-State,Social Engineering,AI-based IDS,2676,22057,0.435,4.6,41.2,0.643,Medium
INC-04171,2025-02-13,USA,Retail,Cloud-DC,Ransomware,Unknown,Weak Passwords,Firewall,3025,230473,4.965,7.0,36.2,2.946,High
INC-04172,2025-02-13,USA,Healthcare,Cloud-DC,Phishing,Cybercriminal,Social Engineering,Encryption,3390,5528,0.125,43.2,37.4,0.576,Medium
INC-04173,2025-02-14,USA,Retail,Cloud-DC,SQL Injection,Unknown,Misconfiguration,VPN,7551,23608,0.456,64.5,39.6,0.335,Low
INC-04174,2025-02-14,France,Healthcare,Corporate-LAN,Insider Threat,Insider,Weak Passwords,VPN,500,52739,0.905,,65.8,0.954,Medium
INC-04175,2025-02-14,India,Finance,Banking-Core,SQL Injection,Hacktivist,Unpatched Software,Antivirus,16829,20750,0.392,4.4,13.9,0.397,Low
INC-04176,2025-02-14,France,Retail,Cloud-DC,Credential Stuffing,Cybercriminal,Weak Passwords,AI-based IDS,18859,109655,1.112,19.2,45.0,1.076,Medium
INC-04177,2025-02-15,USA,Education,Cloud-DC,DDoS,Hacktivist,Misconfiguration,MFA,2534,329,0.008,0.7,4.5,0.132,Low
INC-04178,2025-02-16,India,Finance,Banking-Core,Credential Stuffing,Cybercriminal,Weak Passwords,Antivirus,3609,4880,0.144,202.3,118.9,1.339,Medium
INC-04179,2025-02-16,Japan,Energy,Corporate-LAN,Phishing,Hacktivist,Social Engineering,AI-based IDS,1732,115927,2.341,8.3,37.8,1.402,Medium
INC-04180,2025-02-17,India,IT & Telecom,Cloud-DC,SQL Injection,Hacktivist,Unpatched Software,Firewall,4847,39219,0.823,4.5,31.4,0.365,Low
INC-04181,2025-02-17,Japan,Education,University-Campus,Phishing,Cybercriminal,Social Engineering,VPN,1673,46345,1.095,22.4,80.4,0.493,Low
INC-04182,2025-02-17,Australia,Retail,Cloud-DC,Insider Threat,Insider,Misconfiguration,MFA,497,97558,2.65,36.5,52.6,0.844,Medium
INC-04183,2025-02-18,Australia,Education,University-Campus,DDoS,Hacktivist,Misconfiguration,MFA,8682,372,0.007,0.3,10.3,0.185,Low
INC-04184,2025-02-18,USA,Finance,Banking-Core,Malware,Nation-State,Unpatched Software,Encryption,1225,15371,0.434,17.6,64.8,0.867,Medium
INC-04185,2025-02-18,UK,Retail,Corporate-LAN,Credential Stuffing,Cybercriminal,Weak Passwords,VPN,6580,11525,0.254,10.3,83.6,0.712,Medium
INC-04186,2025-02-19,Japan,Healthcare,Cloud-DC,DDoS,Cybercriminal,Unpatched Software,MFA,1243,318,0.008,2.3,14.2,0.382,Low
INC-04187,2025-02-19,Japan,Finance,Banking-Core,Insider Threat,Insider,Misconfiguration,Antivirus,293,25759,0.374,81.1,71.7,0.91,Medium
INC-04188,2025-02-20,France,Government,Cloud-DC,Phishing,Cybercriminal,Weak Passwords,Antivirus,656,905769,26.175,7.8,17.7,5.633,Critical
INC-04189,2025-02-20,USA,Finance,Banking-Core,Credential Stuffing,Cybercriminal,Weak Passwords,VPN,5540,40366,1.186,26.4,62.5,1.003,Medium
INC-04190,2025-02-21,India,Retail,Corporate-LAN,Ransomware,Cybercriminal,Unpatched Software,Antivirus,8521,6240,0.129,12.2,58.8,1.617,High
INC-04191,2025-02-21,UK,Education,University-Campus,DDoS,Cybercriminal,Unpatched Software,Firewall,5779,555,0.015,1.2,13.8,0.155,Low
INC-04192,2025-02-22,Germany,Retail,Corporate-LAN,SQL Injection,Cybercriminal,Unpatched Software,MFA,594,113207,3.062,5.3,45.9,1.256,Medium
INC-04193,2025-02-23,USA,Finance,Cloud-DC,Phishing,Cybercriminal,Social Engineering,Antivirus,41481,166598,1.936,26.2,33.9,1.062,Medium
INC-04194,2025-02-24,Germany,Education,Cloud-DC,Ransomware,Cybercriminal,Social Engineering,MFA,8499,14377,0.257,4.9,67.9,1.676,High
INC-04195,2025-02-24,UK,IT & Telecom,Cloud-DC,Ransomware,Cybercriminal,Weak Passwords,AI-based IDS,772,11068,0.293,9.6,123.5,1.759,High
INC-04196,2025-02-24,Australia,Healthcare,Cloud-DC,Malware,Cybercriminal,Social Engineering,Encryption,11471,2035,0.028,29.8,102.1,1.571,High
INC-04197,2025-02-24,China,Finance,Banking-Core,Phishing,Nation-State,Social Engineering,AI-based IDS,84,77281,2.288,41.8,106.0,1.365,Medium
INC-04198,2025-02-25,USA,IT & Telecom,Cloud-DC,Ransomware,Cybercriminal,Social Engineering,Firewall,7017,22235,0.428,6.5,91.6,1.506,High
INC-04199,2025-02-25,France,Healthcare,Corporate-LAN,Insider Threat,Insider,Misconfiguration,Firewall,558,441715,12.782,,54.1,4.289,High
INC-04200,2025-02-25,USA,Healthcare,Corporate-LAN,Malware,Hacktivist,Unpatched Software,MFA,1462,65609,0.978,67.9,117.1,1.97,High
INC-04201,2025-02-25,Japan,Retail,Corporate-LAN,Man-in-the-Middle,Unknown,Misconfiguration,AI-based IDS,51949,52205,1.271,23.1,96.3,0.607,Medium
INC-04202,2025-02-26,Russia,IT & Telecom,Corporate-LAN,Credential Stuffing,Cybercriminal,Weak Passwords,VPN,14830,707969,16.314,33.3,39.1,3.776,High
INC-04203,2025-02-26,Russia,Healthcare,Cloud-DC,Ransomware,Cybercriminal,Unpatched Software,Antivirus,5183,496858,9.139,10.4,60.2,5.735,Critical
INC-04204,2025-02-26,Brazil,Government,Corporate-LAN,Phishing,Cybercriminal,Social Engineering,MFA,31869,10990,0.247,25.5,31.1,0.484,Low
INC-04205,2025-02-26,UK,Healthcare,Corporate-LAN,Ransomware,Unknown,Social Engineering,Antivirus,3194,69679,1.564,3.9,51.7,1.821,High
INC-04206,2025-02-26,France,Healthcare,Corporate-LAN,Zero-Day Exploit,Nation-State,Zero-Day,VPN,1961,185602,2.071,51.7,89.7,1.495,Medium
INC-04207,2025-02-26,Japan,Finance,Banking-Core,SQL Injection,Unknown,Unpatched Software,Antivirus,254,153364,3.44,11.8,83.4,1.86,High
INC-04208,2025-02-27,Germany,Finance,Banking-Core,DDoS,Hacktivist,Misconfiguration,AI-based IDS,5510,384,0.008,1.2,3.0,0.207,Low
INC-04209,2025-02-27,Australia,Finance,Banking-Core,Credential Stuffing,Cybercriminal,Weak Passwords,Encryption,9013,48531,0.849,,52.9,0.674,Medium
INC-04210,2025-02-27,Russia,Retail,Corporate-LAN,Credential Stuffing,Cybercriminal,Weak Passwords,VPN,2240,108377,3.169,83.4,63.5,0.944,Medium
INC-04211,2025-02-28,USA,Finance,Banking-Core,Phishing,Unknown,Unpatched Software,Encryption,5191,100494,2.401,40.3,46.5,0.749,Medium
INC-04212,2025-03-01,Japan,Healthcare,Cloud-DC,Malware,Cybercriminal,Social Engineering,AI-based IDS,1136,386055,5.167,9.5,24.5,2.731,High
INC-04213,2025-03-01,India,IT & Telecom,Cloud-DC,SQL Injection,Hacktivist,Unpatched Software,VPN,4033,89880,1.979,48.6,47.5,0.7,Medium
INC-04214,2025-03-01,Brazil,Retail,Corporate-LAN,Credential Stuffing,Cybercriminal,Weak Passwords,Firewall,4381,2157,0.045,24.7,45.1,0.285,Low
INC-04215,2025-03-01,Australia,IT & Telecom,Cloud-DC,SQL Injection,Cybercriminal,Misconfiguration,MFA,1023,39233,1.074,18.6,43.0,0.72,Medium
INC-04216,2025-03-01,India,IT & Telecom,Corporate-LAN,Credential Stuffing,Cybercriminal,Weak Passwords,Firewall,1261,19691,0.444,,79.6,1.001,Medium
INC-04217,2025-03-01,USA,Healthcare,Corporate-LAN,Ransomware,Cybercriminal,Weak Passwords,Firewall,677,49126,0.954,2.6,88.0,2.681,High
INC-04218,2025-03-02,India,Retail,Corporate-LAN,Credential Stuffing,Cybercriminal,Weak Passwords,Firewall,3747,4447,0.085,6.5,18.0,0.196,Low
INC-04219,2025-03-02,USA,Government,Corporate-LAN,Insider Threat,Insider,Excess Privileges,MFA,37,630023,11.368,95.1,79.3,5.26,Critical
INC-04220,2025-03-03,Germany,IT & Telecom,Cloud-DC,SQL Injection,Cybercriminal,Misconfiguration,Firewall,244,59956,0.884,121.9,73.6,0.772,Medium
INC-04221,2025-03-03,Germany,Government,Corporate-LAN,Malware,Nation-State,Weak Passwords,Firewall,3995,8502,0.133,25.3,30.0,0.431,Low
INC-04222,2025-03-03,India,Government,Cloud-DC,Ransomware,Cybercriminal,Unpatched Software,Encryption,1070,38853,0.418,7.9,45.3,1.8,High
INC-04223,2025-03-03,Russia,Finance,Banking-Core,Phishing,Cybercriminal,Social Engineering,Firewall,2720,10907,0.187,37.1,56.8,0.713,Medium
INC-04224,2025-03-03,Australia,Healthcare,Corporate-LAN,Phishing,Unknown,Social Engineering,Firewall,4078,13953,0.369,14.5,34.1,0.479,Low
INC-04225,2025-03-04,USA,Finance,Cloud-DC,Man-in-the-Middle,Nation-State,Misconfiguration,MFA,1184,1392,0.014,105.0,135.4,1.081,Medium
INC-04226,2025-03-04,Brazil,Energy,Corporate-LAN,Zero-Day Exploit,Nation-State,Zero-Day,Encryption,24182,30546,0.662,53.4,72.3,0.799,Medium
INC-04227,2025-03-04,Brazil,Healthcare,Corporate-LAN,Phishing,Cybercriminal,Social Engineering,MFA,1827,9450,0.207,24.4,67.6,1.037,Medium
INC-04228,2025-03-05,USA,Healthcare,Cloud-DC,SQL Injection,Hacktivist,Misconfiguration,Encryption,8285,36323,0.521,52.6,48.3,0.66,Medium
INC-04229,2025-03-06,India,Retail,Corporate-LAN,Phishing,Cybercriminal,Social Engineering,AI-based IDS,655,14110,0.293,4.1,9.3,0.195,Low
INC-04230,2025-03-07,Germany,Healthcare,Corporate-LAN,Phishing,Cybercriminal,Social Engineering,MFA,1855,79867,1.439,48.9,75.3,1.39,Medium
INC-04231,2025-03-08,Russia,Healthcare,Cloud-DC,Malware,Unknown,Social Engineering,MFA,16211,2002,0.035,18.2,123.2,2.042,High
INC-04232,2025-03-08,Brazil,Finance,Banking-Core,Ransomware,Cybercriminal,Weak Passwords,Firewall,66207,107004,2.449,3.6,38.5,3.149,High
INC-04233,2025-03-08,USA,Healthcare,Cloud-DC,Phishing,Unknown,Social Engineering,Encryption,741,615187,17.907,51.6,114.6,2.934,High
INC-04234,2025-03-08,India,Healthcare,Cloud-DC,Ransomware,Cybercriminal,Unpatched Software,AI-based IDS,4186,12828,0.269,3.6,119.7,2.828,High
INC-04235,2025-03-09,Russia,Finance,Cloud-DC,Zero-Day Exploit,Nation-State,Zero-Day,AI-based IDS,2774,16784,0.352,77.7,59.0,0.85,Medium
INC-04236,2025-03-09,China,Finance,Banking-Core,Phishing,Cybercriminal,Social Engineering,MFA,329,13287,0.328,20.2,54.7,0.647,Medium
INC-04237,2025-03-09,China,Finance,Banking-Core,SQL Injection,Cybercriminal,Misconfiguration,Antivirus,1308,35037,0.585,120.2,77.1,1.191,Medium
INC-04238,2025-03-10,Australia,Healthcare,Corporate-LAN,Phishing,Cybercriminal,Social Engineering,VPN,2158,6267,0.074,4.5,22.7,0.424,Low
INC-04239,2025-03-10,UK,Finance,Banking-Core,Phishing,Nation-State,Social Engineering,MFA,19583,3605,0.108,14.0,66.4,0.811,Medium
INC-04240,2025-03-10,India,Healthcare,Corporate-LAN,Malware,Unknown,Social Engineering,AI-based IDS,1431,103604,2.021,13.6,16.2,1.024,Medium
INC-04241,2025-03-10,India,Government,Cloud-DC,DDoS,Hacktivist,Unpatched Software,VPN,21290,374,0.005,1.3,31.9,0.273,Low
INC-04242,2025-03-11,Brazil,Government,Corporate-LAN,Zero-Day Exploit,Cybercriminal,Zero-Day,MFA,1375,136107,3.493,33.6,64.4,0.858,Medium
INC-04243,2025-03-11,USA,IT & Telecom,Cloud-DC,Ransomware,Cybercriminal,Social Engineering,Firewall,1140,35314,0.999,15.9,46.1,2.649,High
INC-04244,2025-03-11,France,IT & Telecom,Cloud-DC,Credential Stuffing,Cybercriminal,Weak Passwords,Firewall,3501,17991,0.257,66.2,54.8,0.762,Medium
INC-04245,2025-03-12,USA,Healthcare,Corporate-LAN,SQL Injection,Unknown,Unpatched Software,Firewall,24735,2962,0.085,18.1,41.7,0.464,Low
INC-04246,2025-03-13,France,Healthcare,Corporate-LAN,Ransomware,Cybercriminal,Unpatched Software,MFA,3755,3252,0.084,6.8,134.2,2.102,High
INC-04247,2025-03-13,USA,Healthcare,Cloud-DC,Phishing,Cybercriminal,Social Engineering,Firewall,1178,15590,0.2,16.2,24.3,0.526,Medium
INC-04248,2025-03-13,France,Energy,IoT-Grid,Zero-Day Exploit,Nation-State,Zero-Day,Firewall,24778,49583,0.576,43.9,138.5,2.359,High
INC-04249,2025-03-14,India,Government,Corporate-LAN,Credential Stuffing,Hacktivist,Weak Passwords,AI-based IDS,161,40850,0.532,12.6,61.0,0.916,Medium
INC-04250,2025-03-14,Australia,Government,Cloud-DC,Zero-Day Exploit,Nation-State,Zero-Day,Firewall,23965,20138,0.341,149.1,173.9,2.054,High
INC-04251,2025-03-14,Japan,Retail,Corporate-LAN,Credential Stuffing,Cybercriminal,Weak Passwords,AI-based IDS,813,385961,3.87,6.8,47.3,1.71,High
INC-04252,2025-03-15,Australia,Education,University-Campus,Ransomware,Unknown,Social Engineering,Antivirus,6118,37404,0.942,10.2,143.7,1.658,High
INC-04253,2025-03-15,Germany,Government,Cloud-DC,Zero-Day Exploit,Nation-State,Zero-Day,Antivirus,75985,15256,0.394,60.0,158.0,1.536,High
INC-04254,2025-03-15,France,Healthcare,Corporate-LAN,Phishing,Unknown,Social Engineering,Encryption,2902,2857,0.063,32.9,35.6,0.466,Low
INC-04255,2025-03-15,UK,Education,University-Campus,Phishing,Cybercriminal,Social Engineering,Antivirus,1814,3036,0.048,5.8,47.3,0.476,Low
INC-04256,2025-03-15,Russia,Healthcare,Cloud-DC,Phishing,Cybercriminal,Social Engineering,AI-based IDS,1741,19268,0.523,3.7,32.0,0.386,Low
INC-04257,2025-03-16,China,Finance,Banking-Core,Ransomware,Cybercriminal,Social Engineering,Firewall,13201,23129,0.394,4.4,54.2,2.204,High
INC-04258,2025-03-16,Brazil,Government,Cloud-DC,Zero-Day Exploit,Nation-State,Zero-Day,Antivirus,2211,1732,0.021,86.2,91.4,1.044,Medium
INC-04259,2025-03-16,India,Healthcare,Cloud-DC,Phishing,Nation-State,Social Engineering,Firewall,666,97852,2.859,22.1,28.2,0.658,Medium
INC-04260,2025-03-17,USA,Finance,Banking-Core,Ransomware,Unknown,Weak Passwords,AI-based IDS,5394,540773,9.678,4.5,113.7,7.134,Critical
INC-04261,2025-03-17,USA,Education,University-Campus,DDoS,Nation-State,Unpatched Software,VPN,3696,659,0.019,0.7,31.3,0.407,Low
INC-04262,2025-03-17,USA,Energy,IoT-Grid,Malware,Cybercriminal,Unpatched Software,AI-based IDS,2601,172364,2.95,8.8,30.2,1.131,Medium
INC-04263,2025-03-17,France,Education,University-Campus,Phishing,Cybercriminal,Social Engineering,Firewall,6290,7527,0.11,10.5,18.2,0.166,Low
INC-04264,2025-03-17,Japan,Education,University-Campus,Ransomware,Cybercriminal,Social Engineering,Encryption,2182,59218,0.947,31.9,202.5,2.033,High
INC-04265,2025-03-17,France,Retail,Corporate-LAN,SQL Injection,Unknown,Misconfiguration,Encryption,2915,141839,1.573,29.1,124.0,1.52,High
INC-04266,2025-03-18,China,Energy,IoT-Grid,Phishing,Cybercriminal,Unpatched Software,Firewall,2263,86815,1.317,57.3,159.5,1.181,Medium
INC-04267,2025-03-18,USA,Retail,Corporate-LAN,Ransomware,Cybercriminal,Unpatched Software,MFA,14206,24234,0.417,9.8,135.2,2.14,High
INC-04268,2025-03-19,USA,IT & Telecom,Corporate-LAN,Phishing,Cybercriminal,Social Engineering,Antivirus,5822,165130,3.647,14.8,69.5,1.392,Medium
INC-04269,2025-03-19,USA,Finance,Cloud-DC,Credential Stuffing,Cybercriminal,Weak Passwords,Antivirus,4116,15373,0.382,,45.5,0.732,Medium
INC-04270,2025-03-20,USA,IT & Telecom,Cloud-DC,SQL Injection,Cybercriminal,Unpatched Software,MFA,8997,833,0.011,18.4,79.7,0.81,Medium
INC-04271,2025-03-20,USA,Finance,Banking-Core,Phishing,Cybercriminal,Social Engineering,AI-based IDS,5291,9141,0.181,4.9,25.5,0.552,Medium
INC-04272,2025-03-20,USA,Retail,Corporate-LAN,DDoS,Cybercriminal,Misconfiguration,Encryption,35115,2300,0.05,1.5,5.3,0.251,Low
INC-04273,2025-03-20,USA,Government,Cloud-DC,Insider Threat,Insider,Misconfiguration,Antivirus,18,368676,5.208,160.0,115.9,1.604,High
INC-04274,2025-03-20,Germany,Healthcare,IoT-Grid,DDoS,Nation-State,Unpatched Software,AI-based IDS,955,45,0.001,0.1,18.6,0.397,Low
INC-04275,2025-03-21,France,Retail,Cloud-DC,Phishing,Cybercriminal,Social Engineering,Firewall,532,119080,2.321,20.4,88.3,1.079,Medium
INC-04276,2025-03-21,UK,Healthcare,Cloud-DC,Malware,Unknown,Social Engineering,MFA,530,32441,0.75,23.9,58.5,0.801,Medium
INC-04277,2025-03-21,USA,Government,Cloud-DC,DDoS,Unknown,Unpatched Software,Firewall,6525,863,0.019,0.6,15.4,0.24,Low
INC-04278,2025-03-23,Australia,Government,Cloud-DC,DDoS,Nation-State,Misconfiguration,Firewall,3962,341,0.008,1.4,14.3,0.178,Low
INC-04279,2025-03-23,France,Education,University-Campus,Malware,Nation-State,Unpatched Software,Antivirus,18845,11184,0.289,18.6,91.6,0.685,Medium
INC-04280,2025-03-24,France,Government,Corporate-LAN,Man-in-the-Middle,Cybercriminal,Unpatched Software,MFA,4173,6278,0.119,39.8,84.7,0.579,Medium
INC-04281,2025-03-24,Germany,IT & Telecom,Corporate-LAN,SQL Injection,Unknown,Unpatched Software,Antivirus,1171,494161,6.922,8.8,47.8,3.013,High
INC-04282,2025-03-24,Japan,Healthcare,Cloud-DC,Ransomware,Nation-State,Weak Passwords,Firewall,10227,328800,7.471,2.5,121.1,1.975,High
INC-04283,2025-03-24,Germany,IT & Telecom,Corporate-LAN,DDoS,Unknown,Misconfiguration,Firewall,6075,892,0.02,3.1,24.7,0.264,Low
INC-04284,2025-03-25,Australia,Finance,Cloud-DC,Credential Stuffing,Cybercriminal,Misconfiguration,Firewall,261,41704,0.44,23.0,37.0,0.656,Medium
INC-04285,2025-03-25,Australia,Finance,Banking-Core,Zero-Day Exploit,Nation-State,Zero-Day,Antivirus,41018,7031,0.096,67.2,131.1,1.262,Medium
INC-04286,2025-03-25,USA,IT & Telecom,Cloud-DC,Zero-Day Exploit,Cybercriminal,Zero-Day,Antivirus,10116,230167,6.437,46.9,383.0,3.287,High
INC-04287,2025-03-26,Australia,Energy,IoT-Grid,Ransomware,Cybercriminal,Social Engineering,MFA,2619,75867,1.746,4.6,29.3,2.254,High
INC-04288,2025-03-26,USA,Government,Corporate-LAN,Man-in-the-Middle,Cybercriminal,Unpatched Software,Firewall,1817,41271,0.721,32.2,88.4,0.644,Medium
INC-04289,2025-03-27,USA,Healthcare,Cloud-DC,Ransomware,Cybercriminal,Social Engineering,Firewall,6255,176195,3.368,4.1,32.6,3.744,High
INC-04290,2025-03-27,Japan,Retail,Corporate-LAN,Credential Stuffing,Cybercriminal,Weak Passwords,VPN,1994,6175,0.109,35.2,43.3,0.588,Medium
INC-04291,2025-03-28,USA,Finance,Cloud-DC,Credential Stuffing,Cybercriminal,Weak Passwords,Firewall,222,1015724,12.743,49.4,37.2,5.562,Critical
INC-04292,2025-03-28,UK,Finance,Banking-Core,Malware,Cybercriminal,Social Engineering,Firewall,1914,120703,3.233,17.0,44.1,0.85,Medium
INC-04293,2025-03-28,Japan,Government,Corporate-LAN,Ransomware,Cybercriminal,Weak Passwords,Antivirus,2777,31391,0.701,78.9,68.4,2.396,High
INC-04294,2025-03-28,China,Finance,Banking-Core,Phishing,Cybercriminal,Social Engineering,Firewall,672,27398,0.605,23.4,41.6,0.634,Medium
INC-04295,2025-03-28,Brazil,IT & Telecom,Cloud-DC,Ransomware,Cybercriminal,Unpatched Software,Firewall,2172,675305,11.03,11.3,193.7,3.634,High
INC-04296,2025-04-01,USA,Government,Corporate-LAN,Phishing,Cybercriminal,Social Engineering,MFA,617,122863,1.311,27.9,40.8,1.44,Medium
INC-04297,2025-04-01,USA,Retail,Cloud-DC,Man-in-the-Middle,Cybercriminal,Unpatched Software,Antivirus,1646,30263,0.556,35.6,51.1,0.474,Low
INC-04298,2025-04-01,China,IT & Telecom,Cloud-DC,Insider Threat,Insider,Excess Privileges,AI-based IDS,5395,1980,0.038,67.4,54.8,0.71,Medium
INC-04299,2025-04-01,France,Government,Corporate-LAN,Phishing,Nation-State,Social Engineering,Encryption,1027,58580,1.551,15.7,28.3,0.798,Medium
INC-04300,2025-04-01,USA,Energy,Corporate-LAN,Phishing,Unknown,Social Engineering,Firewall,1152,6383,0.123,115.9,79.5,1.137,Medium
INC-04301,2025-04-01,USA,Education,University-Campus,Phishing,Unknown,Social Engineering,Antivirus,2270,2096,0.042,14.6,18.3,0.303,Low
INC-04302,2025-04-01,India,Retail,Corporate-LAN,SQL Injection,Cybercriminal,Misconfiguration,AI-based IDS,649,23643,0.376,5.0,91.0,1.024,Medium
INC-04303,2025-04-02,Brazil,Healthcare,Corporate-LAN,Ransomware,Nation-State,Unpatched Software,Firewall,4859,18212,0.403,9.4,76.0,2.073,High
INC-04304,2025-04-02,Germany,Energy,IoT-Grid,Ransomware,Cybercriminal,Social Engineering,Antivirus,313,31210,0.817,1.8,79.6,2.317,High
INC-04305,2025-04-02,USA,Energy,IoT-Grid,Ransomware,Cybercriminal,Weak Passwords,MFA,4210,19861,0.38,2.5,141.1,2.668,High
INC-04306,2025-04-02,UK,Finance,Banking-Core,Insider Threat,Insider,Excess Privileges,MFA,2531,5600,0.141,96.9,79.4,0.948,Medium
INC-04307,2025-04-03,China,IT & Telecom,Cloud-DC,SQL Injection,Cybercriminal,Unpatched Software,Antivirus,9963,71278,1.588,51.5,66.6,0.83,Medium
INC-04308,2025-04-04,UK,Retail,Corporate-LAN,DDoS,Hacktivist,Misconfiguration,Firewall,17081,88,0.002,0.4,3.1,0.129,Low
INC-04309,2025-04-04,France,Education,University-Campus,Credential Stuffing,Cybercriminal,Weak Passwords,AI-based IDS,4768,39936,0.919,6.5,50.2,0.442,Low
INC-04310,2025-04-04,India,Government,Corporate-LAN,Zero-Day Exploit,Nation-State,Zero-Day,Encryption,1571,29384,0.404,45.3,104.0,1.25,Medium
INC-04311,2025-04-05,USA,Energy,IoT-Grid,Phishing,Cybercriminal,Weak Passwords,Antivirus,373,10027,0.123,33.0,63.6,0.414,Low
INC-04312,2025-04-05,UK,Finance,Cloud-DC,Ransomware,Cybercriminal,Unpatched Software,Antivirus,9249,26909,0.525,37.0,202.8,4.669,High
INC-04313,2025-04-05,USA,Healthcare,Corporate-LAN,Ransomware,Cybercriminal,Unpatched Software,Firewall,371,47530,1.162,11.1,249.9,4.552,High
INC-04314,2025-04-06,USA,Energy,IoT-Grid,Phishing,Cybercriminal,Weak Passwords,AI-based IDS,29475,34356,0.642,3.2,36.6,0.66,Medium
INC-04315,2025-04-06,USA,Finance,Banking-Core,Credential Stuffing,Cybercriminal,Weak Passwords,AI-based IDS,468,50453,0.812,11.4,40.5,0.83,Medium
INC-04316,2025-04-06,Germany,IT & Telecom,Cloud-DC,Man-in-the-Middle,Cybercriminal,Misconfiguration,Firewall,80,28450,0.294,44.6,33.3,0.397,Low
INC-04317,2025-04-07,Japan,Finance,Corporate-LAN,Credential Stuffing,Unknown,Weak Passwords,AI-based IDS,2140,11092,0.32,6.5,36.2,0.46,Low
INC-04318,2025-04-07,Russia,IT & Telecom,Cloud-DC,DDoS,Hacktivist,Misconfiguration,Firewall,188782,2297,0.035,,8.5,0.348,Low
INC-04319,2025-04-08,USA,Government,Cloud-DC,Zero-Day Exploit,Nation-State,Zero-Day,Firewall,17883,23942,0.448,111.4,157.7,1.199,Medium
INC-04320,2025-04-08,China,Finance,Cloud-DC,DDoS,Cybercriminal,Misconfiguration,Antivirus,67058,97,0.002,4.7,8.9,0.382,Low
INC-04321,2025-04-08,China,Energy,Corporate-LAN,Ransomware,Cybercriminal,Unpatched Software,Antivirus,10036,600292,8.174,9.4,75.2,4.486,High
INC-04322,2025-04-09,Germany,Government,Corporate-LAN,Zero-Day Exploit,Cybercriminal,Zero-Day,Encryption,1211,35497,0.67,410.1,321.2,1.665,High
INC-04323,2025-04-09,USA,Retail,Cloud-DC,Credential Stuffing,Cybercriminal,Weak Passwords,Firewall,499,4562,0.123,109.7,80.1,0.632,Medium
INC-04324,2025-04-09,Australia,Government,Cloud-DC,DDoS,,Misconfiguration,Antivirus,10868,3293,0.081,2.4,17.0,0.272,Low
INC-04325,2025-04-09,Japan,Retail,Cloud-DC,Credential Stuffing,Cybercriminal,Weak Passwords,Encryption,2577,33493,0.573,5.6,22.3,0.56,Medium
INC-04326,2025-04-09,India,Finance,Banking-Core,Ransomware,Cybercriminal,Weak Passwords,Encryption,5732,16736,0.45,14.3,80.4,1.525,High
INC-04327,2025-04-10,India,Energy,IoT-Grid,Ransomware,Cybercriminal,Unpatched Software,Antivirus,910,27662,0.406,5.4,187.6,2.822,High
INC-04328,2025-04-10,UK,IT & Telecom,Cloud-DC,DDoS,Cybercriminal,Unpatched Software,VPN,20388,702,0.014,1.7,11.4,0.333,Low
INC-04329,2025-04-11,UK,Energy,IoT-Grid,Malware,Cybercriminal,Social Engineering,MFA,10077,26411,0.475,4.7,112.1,1.04,Medium
INC-04330,2025-04-11,USA,Energy,IoT-Grid,Malware,Nation-State,Unpatched Software,MFA,27680,11967,0.271,15.7,50.8,0.829,Medium
INC-04331,2025-04-11,Russia,Finance,Banking-Core,DDoS,Cybercriminal,Unpatched Software,VPN,52997,761,0.015,1.5,31.2,0.469,Low
INC-04332,2025-04-11,USA,IT & Telecom,Cloud-DC,DDoS,Nation-State,Unpatched Software,Antivirus,8533,77,0.002,0.9,35.1,0.442,Low
INC-04333,2025-04-12,India,Energy,Corporate-LAN,Malware,Nation-State,Unpatched Software,Firewall,575,78052,0.785,10.6,41.7,1.259,Medium
INC-04334,2025-04-12,Brazil,Retail,Cloud-DC,Credential Stuffing,Cybercriminal,Weak Passwords,Antivirus,145,2255,0.035,18.5,48.4,0.423,Low
INC-04335,2025-04-12,Japan,Finance,Banking-Core,Ransomware,Unknown,Unpatched Software,Firewall,2887,6276,0.145,8.3,107.8,2.265,High
INC-04336,2025-04-14,France,Retail,Corporate-LAN,Credential Stuffing,Cybercriminal,Weak Passwords,Firewall,837,895967,21.077,4.2,80.2,3.518,High
INC-04337,2025-04-15,Brazil,Finance,Corporate-LAN,Man-in-the-Middle,Unknown,Misconfiguration,AI-based IDS,470,3751,0.099,14.6,41.4,0.33,Low
INC-04338,2025-04-15,Japan,Retail,Corporate-LAN,Credential Stuffing,Cybercriminal,Misconfiguration,VPN,4089,157062,1.926,25.2,68.4,1.208,Medium
INC-04339,2025-04-16,USA,Finance,Banking-Core,Malware,Nation-State,Social Engineering,Firewall,587,135330,1.814,20.6,115.2,2.473,High
INC-04340,2025-04-16,Australia,IT & Telecom,Corporate-LAN,Zero-Day Exploit,Nation-State,Zero-Day,MFA,3694,66263,1.8,14.9,340.6,1.902,High
INC-04341,2025-04-17,USA,Finance,Corporate-LAN,Insider Threat,Insider,Weak Passwords,Firewall,269,68343,1.017,47.2,42.5,0.948,Medium
INC-04342,2025-04-17,India,Education,University-Campus,DDoS,Nation-State,Misconfiguration,MFA,7153,35,0.001,1.9,29.8,0.364,Low
INC-04343,2025-04-17,Japan,IT & Telecom,Cloud-DC,Ransomware,Cybercriminal,Social Engineering,VPN,721,23536,0.438,10.2,221.2,2.239,High
INC-04344,2025-04-17,China,IT & Telecom,Cloud-DC,Ransomware,Cybercriminal,Unpatched Software,Firewall,10218,68141,1.109,8.9,139.3,1.418,Medium
INC-04345,2025-04-18,Germany,Healthcare,IoT-Grid,Insider Threat,Insider,Excess Privileges,MFA,602,84548,1.992,49.2,62.6,1.148,Medium
INC-04346,2025-04-18,UK,Retail,Cloud-DC,Credential Stuffing,Cybercriminal,Weak Passwords,VPN,15568,282719,3.739,45.0,37.6,1.722,High
INC-04347,2025-04-18,Japan,Healthcare,Corporate-LAN,Ransomware,Cybercriminal,Social Engineering,MFA,1915,23917,0.396,19.5,82.6,2.328,High
INC-04348,2025-04-18,Russia,Government,Cloud-DC,Phishing,Unknown,Social Engineering,VPN,721,46522,0.543,11.2,18.3,0.603,Medium
INC-04349,2025-04-19,Brazil,Education,University-Campus,Phishing,Nation-State,Social Engineering,MFA,5008,1680780,30.822,10.5,17.2,5.938,Critical
INC-04350,2025-04-19,India,Retail,Cloud-DC,Phishing,Cybercriminal,Weak Passwords,Encryption,2157,167014,3.913,64.8,46.0,1.15,Medium
INC-04351,2025-04-20,Germany,Retail,Cloud-DC,Credential Stuffing,Cybercriminal,Weak Passwords,VPN,702,2391,0.036,13.8,123.7,0.569,Medium
INC-04352,2025-04-20,India,Healthcare,Corporate-LAN,SQL Injection,Cybercriminal,Unpatched Software,Firewall,12085,537021,14.586,18.7,57.6,2.622,High
INC-04353,2025-04-20,France,Healthcare,Cloud-DC,DDoS,Hacktivist,Unpatched Software,Firewall,3176,181,0.005,0.3,8.3,0.278,Low
INC-04354,2025-04-21,Japan,Education,University-Campus,Phishing,Cybercriminal,Social Engineering,MFA,870,19635,0.411,60.0,47.9,0.324,Low
INC-04355,2025-04-21,USA,IT & Telecom,Cloud-DC,DDoS,Cybercriminal,Unpatched Software,Antivirus,24115,1108,0.028,0.5,11.0,0.178,Low
INC-04356,2025-04-21,USA,Government,Corporate-LAN,Ransomware,Cybercriminal,Unpatched Software,MFA,3050,62934,1.405,5.4,332.3,3.989,High
INC-04357,2025-04-21,UK,Finance,Corporate-LAN,Ransomware,Cybercriminal,Social Engineering,MFA,8928,224253,4.047,7.6,41.3,4.293,High
INC-04358,2025-04-22,India,IT & Telecom,Cloud-DC,DDoS,Hacktivist,Misconfiguration,Antivirus,527,354,0.004,2.9,25.0,0.351,Low
INC-04359,2025-04-22,India,Education,University-Campus,Credential Stuffing,Cybercriminal,Weak Passwords,Firewall,666,61716,0.914,18.2,90.9,0.685,Medium
INC-04360,2025-04-22,France,IT & Telecom,Cloud-DC,Man-in-the-Middle,Cybercriminal,Weak Passwords,Firewall,3403,10382,0.291,76.5,48.8,0.49,Low
INC-04361,2025-04-23,USA,IT & Telecom,Cloud-DC,DDoS,Hacktivist,Misconfiguration,Firewall,1459,448,0.007,0.4,4.2,0.17,Low
INC-04362,2025-04-23,Russia,Healthcare,Corporate-LAN,Malware,Cybercriminal,Social Engineering,Encryption,12622,11786,0.129,5.2,31.8,0.535,Medium
INC-04363,2025-04-23,Russia,Energy,IoT-Grid,Ransomware,Unknown,Social Engineering,Firewall,288,8348,0.222,73.6,100.2,2.005,High
INC-04364,2025-04-23,USA,Government,Cloud-DC,Phishing,Hacktivist,Unpatched Software,VPN,1868,71872,1.697,28.9,34.4,0.879,Medium
INC-04365,2025-04-24,India,Finance,Banking-Core,Ransomware,Cybercriminal,Unpatched Software,Firewall,701,1511,0.031,19.0,95.7,3.99,High
INC-04366,2025-04-24,UK,Finance,Banking-Core,Phishing,Nation-State,Social Engineering,MFA,793,175407,2.837,26.3,32.9,1.82,High
INC-04367,2025-04-24,India,Government,Corporate-LAN,DDoS,Hacktivist,Unpatched Software,MFA,7626,422,0.005,0.7,16.3,0.229,Low
INC-04368,2025-04-24,Japan,Finance,Banking-Core,Insider Threat,Insider,Excess Privileges,Antivirus,138,11457,0.311,6.3,121.8,1.082,Medium
INC-04369,2025-04-25,UK,Retail,Cloud-DC,Phishing,Hacktivist,Social Engineering,VPN,29383,47074,1.097,35.7,53.9,0.438,Low
INC-04370,2025-04-25,UK,Finance,Banking-Core,Man-in-the-Middle,Nation-State,Misconfiguration,MFA,195,66195,1.256,33.5,75.9,1.616,High
INC-04371,2025-04-25,UK,Energy,IoT-Grid,Malware,Cybercriminal,Unpatched Software,Encryption,6359,29468,0.783,40.5,50.6,0.568,Medium
INC-04372,2025-04-26,UK,Energy,IoT-Grid,Malware,Nation-State,Social Engineering,Antivirus,984,3477,0.073,84.2,68.5,0.672,Medium
INC-04373,2025-04-27,Russia,Government,Cloud-DC,Insider Threat,Cybercriminal,Misconfiguration,Firewall,31,65340,1.312,215.2,127.8,0.957,Medium
INC-04374,2025-04-27,USA,Government,Corporate-LAN,Insider Threat,Insider,Weak Passwords,Antivirus,1304,79268,1.533,149.5,95.6,1.084,Medium
INC-04375,2025-04-27,USA,Finance,Corporate-LAN,DDoS,Unknown,Unpatched Software,MFA,191835,141,0.003,1.1,11.5,0.524,Medium
INC-04376,2025-04-28,USA,Healthcare,Cloud-DC,Phishing,Unknown,Social Engineering,MFA,713,38914,0.917,129.9,116.2,1.054,Medium
INC-04377,2025-04-28,India,Government,Corporate-LAN,Malware,Unknown,Unpatched Software,Encryption,557,23613,0.521,28.8,27.7,0.501,Medium
INC-04378,2025-05-01,China,Government,Cloud-DC,SQL Injection,Hacktivist,Unpatched Software,MFA,2477,326706,4.188,35.0,45.2,1.674,High
INC-04379,2025-05-01,Australia,Government,Cloud-DC,Zero-Day Exploit,Nation-State,Zero-Day,VPN,2085,2260,0.053,14.7,188.3,1.743,High
INC-04380,2025-05-02,USA,IT & Telecom,Cloud-DC,Phishing,Cybercriminal,Social Engineering,Firewall,651,84710,1.924,11.2,56.6,0.795,Medium
INC-04381,2025-05-02,Brazil,Retail,Corporate-LAN,Credential Stuffing,Cybercriminal,Weak Passwords,AI-based IDS,1375,138204,3.233,23.4,31.9,0.792,Medium
INC-04382,2025-05-03,Germany,Healthcare,Cloud-DC,Phishing,Nation-State,Social Engineering,MFA,4469,69164,1.328,98.7,91.0,0.976,Medium
INC-04383,2025-05-03,USA,Healthcare,Cloud-DC,Ransomware,Cybercriminal,Social Engineering,Encryption,3992,28530,0.65,12.7,45.7,3.293,High
INC-04384,2025-05-03,India,Healthcare,Corporate-LAN,Phishing,Cybercriminal,Social Engineering,Firewall,1439,19809,0.417,13.8,25.6,0.629,Medium
INC-04385,2025-05-03,USA,Education,University-Campus,DDoS,Cybercriminal,Unpatched Software,MFA,7391,6552,0.178,0.3,3.1,0.143,Low
INC-04386,2025-05-03,China,Retail,Cloud-DC,SQL Injection,Cybercriminal,Unpatched Software,Antivirus,8300,21295,0.577,9.9,74.3,1.007,Medium
INC-04387,2025-05-03,USA,Healthcare,Cloud-DC,Phishing,Cybercriminal,Social Engineering,AI-based IDS,946,164203,4.715,0.8,22.1,1.118,Medium
INC-04388,2025-05-03,China,Healthcare,Cloud-DC,Phishing,Unknown,Unpatched Software,Antivirus,5213,5404,0.078,36.8,24.1,0.283,Low
INC-04389,2025-05-04,USA,Retail,Cloud-DC,SQL Injection,Cybercriminal,Misconfiguration,Encryption,452,247554,6.378,11.5,26.6,1.198,Medium
INC-04390,2025-05-04,USA,Healthcare,IoT-Grid,Ransomware,Cybercriminal,Unpatched Software,MFA,6523,27572,0.687,27.0,58.0,4.306,High
INC-04391,2025-05-04,France,Education,University-Campus,Phishing,Cybercriminal,Social Engineering,MFA,47221,12301,0.167,4.4,14.6,0.264,Low
INC-04392,2025-05-05,Germany,Education,Cloud-DC,Phishing,Nation-State,Social Engineering,Antivirus,421,70304,0.787,6.2,28.3,0.601,Medium
INC-04393,2025-05-06,Japan,Education,University-Campus,Phishing,Unknown,Social Engineering,Encryption,2368,1020709,11.991,18.2,21.0,1.746,Critical
INC-04394,2025-05-06,USA,IT & Telecom,Cloud-DC,SQL Injection,Hacktivist,Misconfiguration,Antivirus,581,15390,0.234,8.3,29.2,0.426,Low
INC-04395,2025-05-08,UK,Healthcare,Cloud-DC,Ransomware,Cybercriminal,Social Engineering,AI-based IDS,2615,41539,0.838,2.3,79.3,3.793,High
INC-04396,2025-05-08,Russia,IT & Telecom,Corporate-LAN,DDoS,Cybercriminal,Unpatched Software,Antivirus,39580,39,0.001,0.6,5.7,0.229,Low
INC-04397,2025-05-09,USA,Finance,Banking-Core,Credential Stuffing,Unknown,Weak Passwords,AI-based IDS,1868,82210,1.911,28.6,24.6,0.562,Medium
INC-04398,2025-05-09,USA,Energy,IoT-Grid,Malware,Cybercriminal,Unpatched Software,VPN,223,3595,0.039,10.1,52.4,0.675,Medium
INC-04399,2025-05-09,Germany,IT & Telecom,Cloud-DC,DDoS,Hacktivist,Misconfiguration,Firewall,1714,19,0.001,0.2,4.7,0.171,Low
INC-04400,2025-05-09,USA,IT & Telecom,Corporate-LAN,Zero-Day Exploit,Nation-State,Zero-Day,Firewall,4108,14960,0.319,29.4,102.4,1.226,Medium
INC-04401,2025-05-10,Germany,Energy,Corporate-LAN,DDoS,Hacktivist,Misconfiguration,VPN,14723,2413,0.038,1.4,8.7,0.375,Low
INC-04402,2025-05-10,Australia,Finance,Banking-Core,DDoS,Hacktivist,Unpatched Software,VPN,21583,67,0.001,0.5,5.9,0.276,Low
INC-04403,2025-05-11,India,Finance,Banking-Core,DDoS,Hacktivist,Misconfiguration,Firewall,1783,1885,0.053,1.3,11.3,0.272,Low
INC-04404,2025-05-11,USA,Education,University-Campus,Malware,Cybercriminal,Unpatched Software,VPN,2973,26485,0.623,17.5,35.0,0.251,Low
INC-04405,2025-05-11,USA,IT & Telecom,Corporate-LAN,Credential Stuffing,Unknown,Weak Passwords,Antivirus,6595,56416,1.597,15.5,27.4,0.964,Medium
INC-04406,2025-05-12,Germany,Government,Cloud-DC,Zero-Day Exploit,Nation-State,Zero-Day,MFA,25627,2070,0.026,85.1,117.3,0.764,Medium
INC-04407,2025-05-12,Germany,IT & Telecom,Corporate-LAN,Malware,Nation-State,Weak Passwords,AI-based IDS,407,17255,0.299,5.6,24.9,0.435,Low
INC-04408,2025-05-13,USA,Finance,Banking-Core,DDoS,Cybercriminal,Misconfiguration,Antivirus,11977,1070,0.022,0.9,25.9,0.506,Medium
INC-04409,2025-05-13,France,IT & Telecom,Cloud-DC,Malware,Nation-State,Unpatched Software,Encryption,415,331,0.009,17.8,49.0,0.355,Low
INC-04410,2025-05-14,USA,Healthcare,Corporate-LAN,Insider Threat,Insider,Excess Privileges,Firewall,714,82522,2.434,374.2,250.6,2.219,High
INC-04411,2025-05-14,Germany,Government,Corporate-LAN,Zero-Day Exploit,Unknown,Zero-Day,AI-based IDS,8112,66168,1.374,106.7,146.6,1.118,Medium
INC-04412,2025-05-14,Germany,Retail,Corporate-LAN,SQL Injection,Hacktivist,Misconfiguration,Firewall,1514,180371,3.477,58.6,61.5,1.649,High
INC-04413,2025-05-14,Brazil,Finance,Cloud-DC,Man-in-the-Middle,Unknown,Misconfiguration,Firewall,16246,6150,0.176,64.9,78.0,0.785,Medium
INC-04414,2025-05-15,Russia,Finance,Banking-Core,Phishing,Cybercriminal,Social Engineering,Firewall,6193,26323,0.654,22.6,19.9,0.7,Medium
INC-04415,2025-05-15,Japan,Government,Corporate-LAN,Phishing,Nation-State,Social Engineering,VPN,2329,66420,0.851,19.0,21.4,0.591,Medium
INC-04416,2025-05-15,Brazil,Healthcare,Corporate-LAN,Ransomware,Unknown,Unpatched Software,Firewall,2235,15591,0.284,4.7,169.3,4.62,High
INC-04417,2025-05-15,India,Education,University-Campus,Malware,Nation-State,Unpatched Software,Firewall,4619,20903,0.238,16.2,46.2,0.336,Low
INC-04418,2025-05-16,Russia,IT & Telecom,Cloud-DC,Phishing,Unknown,Social Engineering,Firewall,5104,2101,0.043,9.3,57.5,0.831,Medium
INC-04419,2025-05-16,UK,Finance,Banking-Core,SQL Injection,Hacktivist,Misconfiguration,MFA,1119,93806,1.761,17.6,159.7,1.999,High
INC-04420,2025-05-16,UK,Education,University-Campus,DDoS,Cybercriminal,Unpatched Software,MFA,11281,1811,0.028,1.4,15.8,0.204,Low
INC-04421,2025-05-16,Russia,Government,Cloud-DC,Malware,Nation-State,Unpatched Software,MFA,14607,7009,0.158,41.2,49.3,0.785,Medium
INC-04422,2025-05-16,India,Education,Cloud-DC,Malware,Unknown,Social Engineering,Encryption,6491,49752,1.351,72.5,114.4,0.416,Low
INC-04423,2025-05-16,USA,Finance,Cloud-DC,Ransomware,Cybercriminal,Weak Passwords,AI-based IDS,2695,5526,0.059,2.1,111.3,2.911,High
INC-04424,2025-05-17,UK,Government,Corporate-LAN,Ransomware,Cybercriminal,Unpatched Software,Firewall,26946,12680,0.272,8.9,23.6,2.079,High
INC-04425,2025-05-17,France,Finance,Banking-Core,Phishing,Unknown,Social Engineering,Firewall,2897,798,0.014,3.3,12.2,0.292,Low
INC-04426,2025-05-18,India,Government,Corporate-LAN,Ransomware,Cybercriminal,Social Engineering,AI-based IDS,832,6229,0.17,1.4,64.6,1.424,Medium
INC-04427,2025-05-18,Germany,Healthcare,Cloud-DC,Phishing,Hacktivist,Social Engineering,AI-based IDS,3805,1669,0.043,7.7,32.6,0.956,Medium
INC-04428,2025-05-19,Russia,Retail,Corporate-LAN,Insider Threat,Insider,Excess Privileges,MFA,1936,41945,0.881,91.6,50.3,0.639,Medium
INC-04429,2025-05-19,USA,Government,Cloud-DC,Credential Stuffing,Cybercriminal,Weak Passwords,Antivirus,9147,55558,1.53,15.5,30.8,0.528,Medium
INC-04430,2025-05-19,Germany,Energy,IoT-Grid,Malware,Cybercriminal,Social Engineering,Antivirus,1664,2762,0.079,65.1,64.4,0.713,Medium
INC-04431,2025-05-19,India,Retail,Corporate-LAN,Man-in-the-Middle,Unknown,Misconfiguration,AI-based IDS,2440,436495,11.456,6.5,177.2,3.97,High
INC-04432,2025-05-19,UK,IT & Telecom,Corporate-LAN,Phishing,Cybercriminal,Social Engineering,Firewall,5487,3179,0.086,18.3,46.4,0.739,Medium
INC-04433,2025-05-19,Brazil,Healthcare,Corporate-LAN,Phishing,Cybercriminal,Social Engineering,AI-based IDS,3692,23990,0.432,7.3,38.1,0.841,Medium
INC-04434,2025-05-20,USA,Government,Corporate-LAN,DDoS,Cybercriminal,Unpatched Software,VPN,2784,4902,0.084,1.0,11.6,0.395,Low
INC-04435,2025-05-20,USA,Finance,Corporate-LAN,SQL Injection,Unknown,Misconfiguration,MFA,565,121257,1.286,23.1,56.9,1.283,Medium
INC-04436,2025-05-20,China,Government,Cloud-DC,DDoS,Cybercriminal,Misconfiguration,Firewall,1624,405,0.006,0.7,6.0,0.307,Low
INC-04437,2025-05-21,India,Government,Corporate-LAN,Insider Threat,Insider,Excess Privileges,VPN,234,190876,3.593,191.7,145.1,1.748,High
INC-04438,2025-05-21,Japan,Education,University-Campus,Phishing,Cybercriminal,Social Engineering,AI-based IDS,613,10181,0.285,3.1,24.2,0.505,Medium
INC-04439,2025-05-23,Japan,Education,University-Campus,Insider Threat,Insider,Excess Privileges,Firewall,879,880973,13.348,63.9,50.1,2.379,High
INC-04440,2025-05-23,Japan,Government,Corporate-LAN,Zero-Day Exploit,Nation-State,Zero-Day,MFA,26399,5613,0.134,212.8,164.0,1.304,Medium
INC-04441,2025-05-23,India,Energy,IoT-Grid,Ransomware,Cybercriminal,Weak Passwords,Encryption,210,95244,2.478,4.1,28.9,2.479,High
INC-04442,2025-05-23,Australia,Healthcare,IoT-Grid,Ransomware,Cybercriminal,Social Engineering,AI-based IDS,450,1400,0.026,1.3,103.5,3.179,High
INC-04443,2025-05-24,Australia,IT & Telecom,Cloud-DC,SQL Injection,Cybercriminal,Unpatched Software,AI-based IDS,660,26449,0.714,5.4,37.2,0.39,Low
INC-04444,2025-05-24,Japan,Government,Cloud-DC,Insider Threat,Insider,Misconfiguration,AI-based IDS,228,30442,0.505,37.2,56.6,0.738,Medium
INC-04445,2025-05-24,UK,Retail,Corporate-LAN,Ransomware,Cybercriminal,Weak Passwords,Antivirus,2467,16012,0.479,5.6,155.3,2.693,High
INC-04446,2025-05-25,Germany,Healthcare,Corporate-LAN,Ransomware,Cybercriminal,Weak Passwords,Firewall,185,1853,0.021,16.1,24.5,1.806,High
INC-04447,2025-05-25,Germany,Finance,Banking-Core,Phishing,Cybercriminal,Social Engineering,Antivirus,32350,88656,1.326,14.2,14.2,0.926,Medium
INC-04448,2025-05-25,Australia,Government,Cloud-DC,Zero-Day Exploit,Cybercriminal,Zero-Day,Firewall,429,16976,0.4,69.3,45.1,0.854,Medium
INC-04449,2025-05-26,Australia,Energy,Corporate-LAN,DDoS,Hacktivist,Misconfiguration,Firewall,23950,325,0.008,2.8,40.3,0.371,Low
INC-04450,2025-05-26,USA,Healthcare,Corporate-LAN,Insider Threat,Insider,Weak Passwords,VPN,676,372604,5.095,47.2,80.6,1.916,High
INC-04451,2025-05-26,India,IT & Telecom,Cloud-DC,Credential Stuffing,Cybercriminal,Weak Passwords,VPN,718,18141,0.533,68.4,65.8,0.532,Medium
INC-04452,2025-05-26,Brazil,Retail,Corporate-LAN,Man-in-the-Middle,Cybercriminal,Misconfiguration,Encryption,16755,3990,0.097,39.3,35.8,0.439,Low
INC-04453,2025-05-27,Germany,Education,University-Campus,Phishing,Cybercriminal,Social Engineering,VPN,876,18982,0.325,17.4,34.5,0.265,Low
INC-04454,2025-05-27,Brazil,IT & Telecom,Corporate-LAN,Phishing,Nation-State,Social Engineering,AI-based IDS,1914,16910,0.43,16.2,17.3,0.539,Medium
INC-04455,2025-05-27,Russia,Healthcare,Corporate-LAN,Insider Threat,Insider,Excess Privileges,MFA,108,32080,0.461,69.5,56.0,0.641,Medium
INC-04456,2025-05-27,Russia,Finance,Banking-Core,DDoS,Hacktivist,Misconfiguration,VPN,45319,100,0.001,1.8,3.0,0.24,Low
INC-04457,2025-05-28,Brazil,IT & Telecom,Corporate-LAN,SQL Injection,Cybercriminal,Unpatched Software,Encryption,13006,128318,3.303,27.8,36.9,0.715,Medium
INC-04458,2025-05-28,France,Finance,Cloud-DC,Ransomware,Cybercriminal,Unpatched Software,AI-based IDS,832,175122,4.882,2.6,134.3,3.159,High
INC-04459,2025-05-28,Japan,Finance,Banking-Core,SQL Injection,Cybercriminal,Unpatched Software,VPN,1105,134660,2.869,44.7,61.8,0.662,Medium
INC-04460,2025-06-01,USA,Finance,Banking-Core,Phishing,Unknown,Social Engineering,MFA,605,73444,0.878,17.7,84.4,1.265,Medium
INC-04461,2025-06-01,India,Finance,Cloud-DC,Phishing,Unknown,Social Engineering,Firewall,3564,2114,0.03,3.0,103.9,0.82,Medium
INC-04462,2025-06-01,Japan,Healthcare,Corporate-LAN,Phishing,Cybercriminal,Social Engineering,MFA,799,307702,6.823,14.4,40.2,2.407,High
INC-04463,2025-06-01,Germany,Government,Cloud-DC,Malware,Nation-State,Unpatched Software,Antivirus,4964,32373,0.337,54.8,64.3,0.76,Medium
INC-04464,2025-06-02,Japan,Finance,Banking-Core,Credential Stuffing,Cybercriminal,Weak Passwords,VPN,4024,291247,5.674,11.9,40.3,2.14,High
INC-04465,2025-06-02,France,Finance,Banking-Core,DDoS,Hacktivist,Misconfiguration,AI-based IDS,3374,65,0.002,0.2,10.9,0.36,Low
INC-04466,2025-06-03,Japan,IT & Telecom,Corporate-LAN,Phishing,Unknown,Social Engineering,Encryption,547,159917,3.528,8.2,28.6,0.974,Medium
INC-04467,2025-06-03,Brazil,IT & Telecom,Corporate-LAN,Man-in-the-Middle,Nation-State,Misconfiguration,Encryption,17934,1191,0.024,52.0,41.0,0.393,Low
INC-04468,2025-06-03,USA,Government,Corporate-LAN,DDoS,Hacktivist,Misconfiguration,Antivirus,21736,819,0.022,0.4,15.1,0.29,Low
INC-04469,2025-06-04,Brazil,Education,Cloud-DC,Credential Stuffing,Cybercriminal,Weak Passwords,Firewall,924,1000534,25.866,26.8,38.1,3.865,Critical
INC-04470,2025-06-04,Germany,IT & Telecom,Cloud-DC,DDoS,Hacktivist,Unpatched Software,Antivirus,21438,5926,0.154,1.4,3.4,0.225,Low
INC-04471,2025-06-04,Germany,Energy,IoT-Grid,Malware,Cybercriminal,Unpatched Software,Antivirus,2914,10302,0.195,30.8,52.9,0.821,Medium
INC-04472,2025-06-04,India,Government,Corporate-LAN,Ransomware,Cybercriminal,Weak Passwords,Antivirus,19125,168970,2.941,3.1,117.3,2.495,High
INC-04473,2025-06-05,Russia,Finance,Banking-Core,Credential Stuffing,Cybercriminal,Weak Passwords,Antivirus,295,4687,0.075,22.2,29.5,0.46,Low
INC-04474,2025-06-06,Germany,Finance,Banking-Core,Insider Threat,Insider,Misconfiguration,Firewall,178,130219,3.322,371.1,243.0,2.272,High
INC-04475,2025-06-06,France,Education,University-Campus,Malware,Cybercriminal,Unpatched Software,Encryption,4790,9723,0.19,20.0,36.8,0.267,Low
INC-04476,2025-06-07,Brazil,Education,University-Campus,Phishing,Cybercriminal,Unpatched Software,Firewall,940,25749,0.359,23.8,26.9,0.29,Low
INC-04477,2025-06-07,USA,Finance,Banking-Core,Malware,Cybercriminal,Social Engineering,Firewall,3579,13874,0.371,59.2,55.2,0.487,Low
INC-04478,2025-06-07,Japan,Healthcare,Cloud-DC,Ransomware,Cybercriminal,Social Engineering,Encryption,4120,150828,3.499,7.7,291.3,4.255,High
INC-04479,2025-06-08,India,IT & Telecom,Cloud-DC,Ransomware,Cybercriminal,Weak Passwords,AI-based IDS,12163,3280,0.096,2.5,48.5,2.217,High
INC-04480,2025-06-08,India,IT & Telecom,Cloud-DC,Ransomware,Cybercriminal,Weak Passwords,MFA,4995,8401,0.169,12.2,33.9,1.9,High
INC-04481,2025-06-08,Australia,Healthcare,Corporate-LAN,Credential Stuffing,Cybercriminal,Weak Passwords,Firewall,3613,18511,0.43,26.6,79.9,0.909,Medium
INC-04482,2025-06-08,India,IT & Telecom,Cloud-DC,Insider Threat,Insider,Excess Privileges,Antivirus,5015,87366,0.999,45.7,47.7,1.148,Medium
INC-04483,2025-06-09,Japan,Retail,Corporate-LAN,SQL Injection,Hacktivist,Misconfiguration,VPN,781,288875,7.996,30.4,27.3,1.412,Medium
INC-04484,2025-06-09,Brazil,Healthcare,Corporate-LAN,Ransomware,Cybercriminal,Weak Passwords,Antivirus,19270,92552,1.85,14.1,62.7,1.203,Medium
INC-04485,2025-06-09,Japan,Government,Cloud-DC,Insider Threat,Insider,Excess Privileges,Firewall,83,461656,10.047,44.4,43.2,2.306,High
INC-04486,2025-06-09,UK,Finance,Banking-Core,Phishing,Hacktivist,Social Engineering,Firewall,2391,10095,0.159,189.7,103.0,0.762,Medium
INC-04487,2025-06-09,USA,Education,University-Campus,Phishing,Cybercriminal,Social Engineering,MFA,2959,13785,0.153,29.0,127.7,0.487,Low
INC-04488,2025-06-10,UK,Retail,Cloud-DC,Phishing,Unknown,Weak Passwords,Antivirus,934,5176,0.089,24.8,19.5,0.242,Low
INC-04489,2025-06-10,Brazil,Healthcare,Corporate-LAN,Phishing,Nation-State,Social Engineering,AI-based IDS,773,246508,6.021,6.0,17.4,1.766,High
INC-04490,2025-06-10,USA,Government,Corporate-LAN,Zero-Day Exploit,Cybercriminal,Zero-Day,Encryption,2252,8994,0.217,896.2,483.5,2.845,High
INC-04491,2025-06-10,India,Energy,Corporate-LAN,Ransomware,Cybercriminal,Weak Passwords,Antivirus,12028,36052,0.717,10.0,41.6,2.928,High
INC-04492,2025-06-11,China,Healthcare,Corporate-LAN,Phishing,Hacktivist,Social Engineering,Firewall,5648,48404,1.273,30.3,26.9,0.639,Medium
INC-04493,2025-06-12,USA,Finance,Banking-Core,Credential Stuffing,Cybercriminal,Weak Passwords,AI-based IDS,10803,8463,0.09,1.5,9.2,0.305,Low
INC-04494,2025-06-12,USA,Retail,Corporate-LAN,Malware,Nation-State,Unpatched Software,Antivirus,31462,32884,0.494,71.8,46.1,0.457,Low
INC-04495,2025-06-12,Japan,Education,University-Campus,Malware,Unknown,Social Engineering,MFA,12046,10321,0.179,60.5,62.2,0.415,Low
INC-04496,2025-06-12,China,Government,Corporate-LAN,DDoS,Hacktivist,Misconfiguration,MFA,3789,8464,0.145,1.4,10.8,0.264,Low
INC-04497,2025-06-13,USA,Retail,Cloud-DC,Credential Stuffing,Cybercriminal,Weak Passwords,VPN,1198,85911,2.268,17.8,53.3,0.791,Medium
INC-04498,2025-06-13,China,Government,Corporate-LAN,Phishing,Unknown,Weak Passwords,Firewall,713,16697,0.38,18.6,20.8,0.293,Low
INC-04499,2025-06-13,UK,Healthcare,Corporate-LAN,Credential Stuffing,Cybercriminal,Weak Passwords,AI-based IDS,1932,271380,4.16,9.0,26.8,1.535,High
INC-04500,2025-06-13,India,Finance,Cloud-DC,DDoS,Hacktivist,Misconfiguration,Antivirus,7552,1206,0.026,,13.2,0.16,Low
INC-04501,2025-06-13,India,Education,University-Campus,Zero-Day Exploit,Nation-State,Zero-Day,Antivirus,1033,2249,0.048,41.3,157.1,0.732,Medium
INC-04502,2025-06-14,France,Government,Corporate-LAN,Ransomware,Cybercriminal,Unpatched Software,AI-based IDS,5035,7426,0.16,11.6,61.7,1.234,Medium
INC-04503,2025-06-14,Brazil,Education,University-Campus,Phishing,Cybercriminal,Social Engineering,Encryption,2457,271247,5.081,16.7,72.1,1.093,Medium
INC-04504,2025-06-15,Brazil,Retail,Cloud-DC,SQL Injection,Nation-State,Unpatched Software,Antivirus,5460,644532,12.066,44.8,38.1,2.305,High
INC-04505,2025-06-15,India,Healthcare,IoT-Grid,Malware,Cybercriminal,Social Engineering,Encryption,17467,30058,0.896,7.5,30.5,0.593,Medium
INC-04506,2025-06-16,Russia,Education,University-Campus,Ransomware,Cybercriminal,Social Engineering,Firewall,161,210336,3.707,1.8,119.9,1.855,High
INC-04507,2025-06-16,USA,Finance,Cloud-DC,Ransomware,Cybercriminal,Unpatched Software,Firewall,5329,2672,0.077,4.9,34.4,2.517,High
INC-04508,2025-06-16,Australia,Finance,Banking-Core,Phishing,Cybercriminal,Social Engineering,Firewall,474,62158,1.446,21.9,21.7,0.817,Medium
INC-04509,2025-06-16,USA,Education,Cloud-DC,Phishing,Unknown,Unpatched Software,MFA,17213,3611,0.088,35.7,24.4,0.126,Low
INC-04510,2025-06-17,USA,Healthcare,Corporate-LAN,SQL Injection,Cybercriminal,Misconfiguration,MFA,1870,140193,2.579,18.0,18.8,1.194,Medium
INC-04511,2025-06-18,Brazil,Energy,IoT-Grid,Zero-Day Exploit,Hacktivist,Zero-Day,Antivirus,13972,56375,0.96,90.5,156.8,1.28,Medium
INC-04512,2025-06-18,Brazil,Energy,IoT-Grid,Zero-Day Exploit,Nation-State,Zero-Day,Antivirus,12694,32858,0.674,29.1,150.1,1.287,Medium
INC-04513,2025-06-19,USA,Government,Corporate-LAN,Ransomware,Unknown,Weak Passwords,AI-based IDS,662,1105236,32.929,5.4,254.7,7.11,Critical
INC-04514,2025-06-19,UK,Education,University-Campus,Ransomware,Cybercriminal,Unpatched Software,Encryption,111931,2108,0.027,12.8,68.4,1.136,Medium
INC-04515,2025-06-20,Australia,Finance,Banking-Core,Insider Threat,Insider,Excess Privileges,Firewall,251,21641,0.258,33.2,52.6,0.59,Medium
INC-04516,2025-06-21,UK,Energy,IoT-Grid,Ransomware,Cybercriminal,Unpatched Software,Firewall,1342,281351,4.276,12.1,133.9,2.639,High
INC-04517,2025-06-21,USA,Finance,Banking-Core,Insider Threat,Insider,Excess Privileges,VPN,45,122117,3.616,24.3,22.5,1.601,High
INC-04518,2025-06-22,USA,Energy,IoT-Grid,Malware,Nation-State,Unpatched Software,AI-based IDS,1618,104349,1.549,6.6,112.0,2.532,High
INC-04519,2025-06-22,Russia,Healthcare,Cloud-DC,SQL Injection,Cybercriminal,Misconfiguration,Antivirus,154,34811,0.502,26.9,77.6,1.088,Medium
INC-04520,2025-06-22,France,Finance,Banking-Core,Malware,Cybercriminal,Social Engineering,Firewall,10431,13554,0.15,55.2,38.9,0.717,Medium
INC-04521,2025-06-22,USA,Healthcare,Corporate-LAN,Phishing,Unknown,Social Engineering,Antivirus,30380,215445,3.032,9.6,12.9,1.418,Medium
INC-04522,2025-06-23,Brazil,Finance,Banking-Core,Man-in-the-Middle,Cybercriminal,Unpatched Software,Firewall,13743,69226,1.371,24.1,47.0,1.653,High
INC-04523,2025-06-24,India,Finance,Cloud-DC,Ransomware,Cybercriminal,Social Engineering,Firewall,5829,21442,0.416,10.3,68.9,2.139,High
INC-04524,2025-06-24,India,Finance,Banking-Core,Credential Stuffing,Unknown,Weak Passwords,Firewall,2433,35612,0.648,14.1,60.4,0.696,Medium
INC-04525,2025-06-24,UK,Government,Cloud-DC,Phishing,Cybercriminal,Social Engineering,Antivirus,6227,1000,0.025,19.6,31.1,0.47,Low
INC-04526,2025-06-24,Australia,Energy,IoT-Grid,Ransomware,Cybercriminal,Unpatched Software,Firewall,5290,109340,2.017,9.7,162.6,3.919,High
INC-04527,2025-06-24,France,Education,University-Campus,Phishing,Unknown,Weak Passwords,Firewall,848,54603,1.57,4.6,8.3,0.527,Medium
INC-04528,2025-06-25,India,Retail,Cloud-DC,SQL Injection,Cybercriminal,Unpatched Software,MFA,22115,1555,0.04,9.6,23.1,0.345,Low
INC-04529,2025-06-27,France,Government,Cloud-DC,Ransomware,Cybercriminal,Social Engineering,MFA,3045,71021,0.729,12.6,60.8,1.45,Medium
INC-04530,2025-06-27,India,IT & Telecom,Corporate-LAN,Insider Threat,Insider,Excess Privileges,Antivirus,930,18573,0.458,83.2,101.5,0.768,Medium
INC-04531,2025-06-27,China,Education,Cloud-DC,SQL Injection,Unknown,Misconfiguration,AI-based IDS,3854,310479,5.366,7.4,71.0,1.184,Medium
INC-04532,2025-06-27,UK,Retail,Corporate-LAN,SQL Injection,Hacktivist,Unpatched Software,MFA,1831,516550,8.779,17.8,65.0,2.051,High
INC-04533,2025-06-27,Russia,Energy,IoT-Grid,Malware,Cybercriminal,Social Engineering,AI-based IDS,3652,70522,1.718,5.7,68.6,1.086,Medium
INC-04534,2025-06-28,Russia,Finance,Banking-Core,DDoS,Nation-State,Misconfiguration,AI-based IDS,18410,6026,0.105,1.1,13.1,0.351,Low
INC-04535,2025-06-28,India,Government,Cloud-DC,DDoS,Hacktivist,Misconfiguration,MFA,55349,129,0.001,0.4,19.0,0.504,Medium
INC-04536,2025-06-28,UK,Healthcare,Corporate-LAN,Phishing,Cybercriminal,Social Engineering,Firewall,268,16061,0.328,10.7,58.7,0.899,Medium
INC-04537,2025-07-01,Japan,Energy,Corporate-LAN,Malware,Hacktivist,Social Engineering,Firewall,131,8945,0.111,44.2,53.5,0.768,Medium
INC-04538,2025-07-02,UK,Finance,Corporate-LAN,SQL Injection,Cybercriminal,Misconfiguration,MFA,1023,135736,3.198,67.4,61.2,1.567,High
INC-04539,2025-07-02,India,Finance,Banking-Core,Phishing,Hacktivist,Weak Passwords,Firewall,890,8580,0.142,16.7,18.4,0.537,Medium
INC-04540,2025-07-02,Germany,Healthcare,Corporate-LAN,Ransomware,Cybercriminal,Unpatched Software,Antivirus,1062,36127,0.621,8.1,25.4,2.562,High
INC-04541,2025-07-03,USA,Energy,IoT-Grid,Zero-Day Exploit,Nation-State,Zero-Day,Firewall,3825,658985,13.751,81.3,114.7,3.889,High
INC-04542,2025-07-03,USA,Education,Cloud-DC,Phishing,Cybercriminal,Social Engineering,Antivirus,999,9162,0.256,16.7,14.9,0.262,Low
INC-04543,2025-07-04,UK,Healthcare,Corporate-LAN,Ransomware,Cybercriminal,Weak Passwords,MFA,1770,6214,0.069,3.2,94.8,1.835,High
INC-04544,2025-07-04,India,Government,Corporate-LAN,DDoS,Nation-State,Unpatched Software,Firewall,79571,1491,0.03,0.4,20.0,0.255,Low
INC-04545,2025-07-04,France,Finance,Corporate-LAN,SQL Injection,Cybercriminal,Unpatched Software,Firewall,147,13596,0.313,27.0,55.8,0.592,Medium
INC-04546,2025-07-05,Russia,Retail,Cloud-DC,Ransomware,Cybercriminal,Social Engineering,Encryption,4795,1573,0.046,33.4,66.6,2.004,High
INC-04547,2025-07-05,UK,Healthcare,Cloud-DC,Ransomware,Nation-State,Unpatched Software,Antivirus,15423,108689,2.224,4.8,87.8,2.371,High
INC-04548,2025-07-05,India,Government,Corporate-LAN,DDoS,Hacktivist,Misconfiguration,MFA,44586,88,0.002,1.8,5.5,0.167,Low
INC-04549,2025-07-06,India,Education,University-Campus,Phishing,Cybercriminal,Social Engineering,VPN,3120,5058,0.087,4.3,16.3,0.164,Low
INC-04550,2025-07-06,India,Government,Cloud-DC,Zero-Day Exploit,Nation-State,Zero-Day,AI-based IDS,1305,14442,0.369,71.3,119.8,0.964,Medium
INC-04551,2025-07-06,USA,IT & Telecom,Corporate-LAN,Phishing,Cybercriminal,Social Engineering,Encryption,2008,13609,0.162,15.6,29.0,0.585,Medium
INC-04552,2025-07-06,France,Energy,IoT-Grid,DDoS,Hacktivist,Misconfiguration,AI-based IDS,14525,4299,0.128,2.2,5.6,0.288,Low
INC-04553,2025-07-07,Germany,Energy,IoT-Grid,Malware,Cybercriminal,Unpatched Software,Firewall,951,8187,0.235,148.4,137.1,0.616,Medium
INC-04554,2025-07-08,Russia,Government,Cloud-DC,Man-in-the-Middle,Cybercriminal,Misconfiguration,Firewall,1123,19987,0.502,228.9,194.9,1.884,High
INC-04555,2025-07-09,UK,Finance,Cloud-DC,Phishing,Cybercriminal,Social Engineering,VPN,2160,30806,0.453,30.7,30.4,0.892,Medium
INC-04556,2025-07-09,China,Government,Corporate-LAN,Malware,Unknown,Unpatched Software,MFA,9570,7876,0.154,12.7,64.4,0.747,Medium
INC-04557,2025-07-09,USA,Healthcare,Corporate-LAN,Ransomware,Cybercriminal,Unpatched Software,MFA,4803,22965,0.336,57.0,197.6,4.422,High
INC-04558,2025-07-09,USA,Retail,Cloud-DC,SQL Injection,Unknown,Unpatched Software,AI-based IDS,932,81474,1.148,18.1,112.2,1.198,Medium
INC-04559,2025-07-09,Brazil,IT & Telecom,Cloud-DC,Phishing,Cybercriminal,Weak Passwords,Antivirus,709,2169183,27.327,12.1,20.1,10.168,Critical
INC-04560,2025-07-09,USA,Retail,Cloud-DC,Phishing,Nation-State,Social Engineering,Encryption,6988,177206,4.183,5.5,29.4,0.649,Medium
INC-04561,2025-07-09,USA,Healthcare,IoT-Grid,Phishing,Cybercriminal,Social Engineering,MFA,1495,3064,0.036,94.8,85.5,0.992,Medium
INC-04562,2025-07-10,Russia,Retail,Corporate-LAN,Credential Stuffing,Unknown,Weak Passwords,Antivirus,1498,276154,2.879,36.9,68.4,1.678,High
INC-04563,2025-07-10,USA,Finance,Banking-Core,Phishing,Nation-State,Social Engineering,Encryption,33903,24856,0.459,,12.7,0.524,Medium
INC-04564,2025-07-10,USA,Finance,Banking-Core,Credential Stuffing,Cybercriminal,Weak Passwords,Antivirus,5743,4057,0.062,49.9,84.4,1.108,Medium
INC-04565,2025-07-11,Brazil,IT & Telecom,Cloud-DC,Zero-Day Exploit,Hacktivist,Zero-Day,Firewall,1693,131253,2.608,300.1,347.0,2.773,High
INC-04566,2025-07-11,China,Finance,Banking-Core,Ransomware,Cybercriminal,Unpatched Software,AI-based IDS,25187,132033,2.127,14.6,80.8,3.683,High
INC-04567,2025-07-11,Russia,Retail,Cloud-DC,SQL Injection,Cybercriminal,Misconfiguration,MFA,1552,38408,0.517,40.3,51.8,0.907,Medium
INC-04568,2025-07-12,Brazil,Education,University-Campus,Phishing,Unknown,Social Engineering,Antivirus,1263,396306,11.846,14.9,59.7,1.146,Medium
INC-04569,2025-07-13,Japan,Energy,Corporate-LAN,Ransomware,Cybercriminal,Weak Passwords,MFA,8584,69472,1.724,14.2,103.9,2.518,High
INC-04570,2025-07-14,India,IT & Telecom,Corporate-LAN,Malware,Cybercriminal,Social Engineering,Firewall,284,153093,2.85,14.6,20.0,1.095,Medium
INC-04571,2025-07-14,USA,IT & Telecom,Cloud-DC,Ransomware,Cybercriminal,Weak Passwords,Firewall,9012,30415,0.909,1.9,137.6,1.836,High
INC-04572,2025-07-14,USA,Government,Corporate-LAN,SQL Injection,Cybercriminal,Misconfiguration,AI-based IDS,94,6540,0.111,2.1,14.2,0.32,Low
INC-04573,2025-07-14,India,Finance,Banking-Core,Phishing,Cybercriminal,Social Engineering,Firewall,829,629599,13.505,11.0,24.0,2.665,High
INC-04574,2025-07-15,France,Healthcare,Corporate-LAN,Phishing,Nation-State,Social Engineering,Encryption,8006,76435,1.707,103.9,74.3,1.226,Medium
INC-04575,2025-07-15,Brazil,Healthcare,Corporate-LAN,Ransomware,Cybercriminal,Weak Passwords,MFA,687,2672,0.053,25.4,66.9,2.812,High
INC-04576,2025-07-16,France,Finance,Cloud-DC,SQL Injection,Cybercriminal,Misconfiguration,AI-based IDS,2875,303283,3.992,7.5,19.5,2.947,High
INC-04577,2025-07-16,Germany,IT & Telecom,Corporate-LAN,Malware,Cybercriminal,Unpatched Software,Encryption,5860,159171,2.019,2.8,38.2,0.953,Medium
INC-04578,2025-07-16,UK,IT & Telecom,Cloud-DC,Man-in-the-Middle,Nation-State,Misconfiguration,MFA,7501,10739,0.187,13.5,36.3,0.621,Medium
INC-04579,2025-07-16,Japan,Finance,Banking-Core,SQL Injection,Cybercriminal,Unpatched Software,MFA,1153,9177,0.163,11.4,34.6,0.702,Medium
INC-04580,2025-07-17,Russia,IT & Telecom,Cloud-DC,Ransomware,Cybercriminal,Social Engineering,Antivirus,1315,128243,2.731,7.2,76.5,4.411,High
INC-04581,2025-07-17,Germany,Government,Corporate-LAN,Insider Threat,Insider,Excess Privileges,Antivirus,536,34832,0.625,13.6,17.8,0.544,Medium
INC-04582,2025-07-17,Japan,Education,University-Campus,Credential Stuffing,Cybercriminal,Weak Passwords,AI-based IDS,8324,12820,0.23,8.1,40.8,0.354,Low
INC-04583,2025-07-17,USA,Education,University-Campus,Ransomware,Cybercriminal,Unpatched Software,Firewall,1000,1845971,43.311,2.6,91.0,7.405,Critical
INC-04584,2025-07-17,India,IT & Telecom,Cloud-DC,DDoS,Nation-State,Misconfiguration,VPN,61,11057,0.246,0.3,12.4,0.349,Low
INC-04585,2025-07-18,Japan,Healthcare,Cloud-DC,Man-in-the-Middle,Cybercriminal,Misconfiguration,Firewall,4442,87045,2.122,273.9,141.9,1.866,High
INC-04586,2025-07-19,Brazil,IT & Telecom,Corporate-LAN,Man-in-the-Middle,Cybercriminal,Misconfiguration,AI-based IDS,3339,116314,2.558,24.6,134.8,1.85,High
INC-04587,2025-07-19,France,Energy,IoT-Grid,Phishing,Nation-State,Social Engineering,Firewall,2169,64738,1.445,9.6,26.1,0.595,Medium
INC-04588,2025-07-19,India,Healthcare,Corporate-LAN,Credential Stuffing,Cybercriminal,Weak Passwords,Firewall,913,81805,2.329,15.3,72.7,1.752,High
INC-04589,2025-07-19,Japan,Finance,Banking-Core,Credential Stuffing,Cybercriminal,Weak Passwords,AI-based IDS,12921,1097,0.03,13.0,203.6,1.753,High
INC-04590,2025-07-19,Germany,Healthcare,Cloud-DC,Ransomware,Cybercriminal,Social Engineering,VPN,839,12958,0.355,11.4,59.4,2.123,High
INC-04591,2025-07-19,Russia,Education,University-Campus,DDoS,Hacktivist,Unpatched Software,Firewall,43165,1500,0.021,3.1,20.4,0.299,Low
INC-04592,2025-07-20,Germany,Retail,Cloud-DC,Credential Stuffing,Cybercriminal,Weak Passwords,Antivirus,398,6955,0.17,5.1,30.0,0.403,Low
INC-04593,2025-07-20,India,Government,Cloud-DC,DDoS,Hacktivist,Unpatched Software,Encryption,2546,6,0.0,0.2,16.5,0.314,Low
INC-04594,2025-07-20,China,Retail,Cloud-DC,Phishing,Unknown,Social Engineering,Antivirus,553,46358,0.555,3.3,67.2,0.639,Medium
INC-04595,2025-07-20,France,Retail,Corporate-LAN,SQL Injection,Cybercriminal,Unpatched Software,AI-based IDS,660,142718,2.108,10.0,46.1,0.986,Medium
INC-04596,2025-07-21,India,Healthcare,Cloud-DC,Phishing,Cybercriminal,Social Engineering,MFA,3343,14623,0.26,51.1,56.7,0.963,Medium
INC-04597,2025-07-22,India,Retail,Cloud-DC,SQL Injection,Hacktivist,Misconfiguration,VPN,46265,20526,0.258,16.4,53.6,0.674,Medium
INC-04598,2025-07-22,USA,Finance,Banking-Core,Phishing,Cybercriminal,Social Engineering,Firewall,1840,83839,2.185,13.0,24.5,1.133,Medium
INC-04599,2025-07-22,Japan,Finance,Corporate-LAN,Malware,Unknown,Unpatched Software,Antivirus,24838,3081,0.078,14.4,73.8,0.906,Medium
INC-04600,2025-07-22,Brazil,Education,University-Campus,Ransomware,Unknown,Social Engineering,Antivirus,308,319895,6.564,7.7,49.7,2.455,High
INC-04601,2025-07-23,India,Energy,IoT-Grid,Ransomware,Cybercriminal,Weak Passwords,Antivirus,906,55890,1.258,4.7,102.1,2.972,High
INC-04602,2025-07-23,USA,Finance,Banking-Core,Ransomware,Unknown,Unpatched Software,Antivirus,260,9300,0.209,6.3,130.2,4.054,High
INC-04603,2025-07-23,Brazil,Healthcare,IoT-Grid,Phishing,Cybercriminal,Social Engineering,AI-based IDS,2933,10573,0.257,35.6,31.2,0.348,Low
INC-04604,2025-07-23,Germany,Finance,Cloud-DC,Man-in-the-Middle,Cybercriminal,Misconfiguration,Antivirus,1554,2675,0.067,27.7,63.4,0.719,Medium
INC-04605,2025-07-23,France,Retail,Corporate-LAN,DDoS,Hacktivist,Unpatched Software,Antivirus,11863,826,0.022,1.3,23.8,0.277,Low
INC-04606,2025-07-24,UK,Government,Corporate-LAN,Zero-Day Exploit,Unknown,Zero-Day,Firewall,6270,105017,1.234,284.0,222.9,2.165,High
INC-04607,2025-07-24,France,Education,University-Campus,Ransomware,Cybercriminal,Social Engineering,Antivirus,325,265159,7.703,14.9,53.0,1.922,High
INC-04608,2025-07-25,USA,Energy,IoT-Grid,Phishing,Cybercriminal,Social Engineering,Encryption,12049,34537,0.47,58.6,36.9,0.736,Medium
INC-04609,2025-07-25,USA,Healthcare,Corporate-LAN,Insider Threat,Insider,Misconfiguration,Encryption,1200,4848,0.096,52.7,80.8,0.796,Medium
INC-04610,2025-07-25,India,Energy,IoT-Grid,Zero-Day Exploit,Nation-State,Zero-Day,MFA,66370,89612,2.087,13.5,154.0,1.175,Medium
INC-04611,2025-07-25,Russia,Government,Corporate-LAN,SQL Injection,Cybercriminal,Unpatched Software,Antivirus,1329,815312,14.777,9.9,32.8,4.649,High
INC-04612,2025-07-25,Russia,IT & Telecom,Cloud-DC,Ransomware,Cybercriminal,Unpatched Software,MFA,1697,39250,1.137,23.1,115.0,3.151,High
INC-04613,2025-07-26,Brazil,Healthcare,Corporate-LAN,Insider Threat,Insider,Excess Privileges,Encryption,145,24589,0.693,65.2,87.5,0.929,Medium
INC-04614,2025-07-26,Australia,Retail,Corporate-LAN,Man-in-the-Middle,Hacktivist,Misconfiguration,Firewall,820,87111,1.786,73.5,90.5,0.854,Medium
INC-04615,2025-07-26,UK,Healthcare,IoT-Grid,Phishing,Unknown,Social Engineering,MFA,425,40071,0.438,9.9,60.5,0.999,Medium
INC-04616,2025-07-26,USA,Healthcare,Cloud-DC,Ransomware,Cybercriminal,Unpatched Software,Antivirus,149370,20146,0.528,,80.6,3.782,High
INC-04617,2025-07-27,Brazil,Retail,Cloud-DC,Credential Stuffing,Cybercriminal,Weak Passwords,Antivirus,3446,3283,0.059,24.2,27.1,0.411,Low
INC-04618,2025-07-27,USA,Healthcare,IoT-Grid,Ransomware,Nation-State,Unpatched Software,Firewall,488,987068,17.831,18.1,72.9,7.828,Critical
INC-04619,2025-07-27,USA,Education,Cloud-DC,Malware,Cybercriminal,Unpatched Software,Antivirus,16117,1658854,48.945,10.1,48.1,5.407,Critical
INC-04620,2025-07-27,India,Retail,Cloud-DC,Credential Stuffing,Cybercriminal,Weak Passwords,VPN,4597,21432,0.226,58.2,43.9,0.947,Medium
INC-04621,2025-07-28,Japan,Government,Corporate-LAN,Zero-Day Exploit,Nation-State,Zero-Day,VPN,3377,32188,0.517,80.0,164.9,1.467,Medium
INC-04622,2025-07-28,USA,IT & Telecom,Cloud-DC,Phishing,Hacktivist,Social Engineering,Encryption,3250,1280,0.02,17.1,46.9,0.471,Low
INC-04623,2025-07-28,Russia,Healthcare,Cloud-DC,Man-in-the-Middle,Cybercriminal,Unpatched Software,Firewall,1396,35947,0.932,28.6,125.2,1.198,Medium
INC-04624,2025-07-28,USA,Healthcare,Corporate-LAN,Ransomware,Cybercriminal,Social Engineering,Firewall,8798,2570,0.07,3.3,110.8,2.201,High
INC-04625,2025-08-01,Australia,Finance,Banking-Core,Credential Stuffing,Cybercriminal,Weak Passwords,Antivirus,1637,37157,0.545,37.1,76.2,1.51,High
INC-04626,2025-08-01,USA,Finance,Corporate-LAN,Credential Stuffing,Cybercriminal,Weak Passwords,Firewall,6084,5793,0.161,23.1,27.2,0.349,Low
INC-04627,2025-08-01,Germany,Finance,Banking-Core,DDoS,Cybercriminal,Misconfiguration,VPN,17408,172,0.004,0.9,6.2,0.221,Low
INC-04628,2025-08-02,China,Finance,Banking-Core,Phishing,Unknown,Social Engineering,MFA,586,84127,1.6,36.5,41.2,0.867,Medium
INC-04629,2025-08-02,China,Government,Cloud-DC,Zero-Day Exploit,Cybercriminal,Zero-Day,MFA,1196,15088,0.164,175.4,127.7,1.018,Medium
INC-04630,2025-08-03,Russia,IT & Telecom,Cloud-DC,Ransomware,Unknown,Social Engineering,Encryption,2177,27467,0.28,6.6,71.3,1.693,High
INC-04631,2025-08-03,Russia,Finance,Banking-Core,Ransomware,Cybercriminal,Unpatched Software,AI-based IDS,3871,37710,1.095,5.2,45.0,2.273,High
INC-04632,2025-08-04,Australia,Retail,Corporate-LAN,Insider Threat,Insider,Excess Privileges,VPN,453,250830,5.456,116.1,75.0,1.534,High
INC-04633,2025-08-04,France,Energy,Corporate-LAN,Zero-Day Exploit,Nation-State,Zero-Day,MFA,2255,716143,20.638,22.4,108.3,3.845,High
INC-04634,2025-08-04,USA,Government,Corporate-LAN,Zero-Day Exploit,Nation-State,Zero-Day,MFA,14468,51744,0.83,14.9,52.6,0.905,Medium
INC-04635,2025-08-05,UK,Retail,Corporate-LAN,SQL Injection,Hacktivist,Misconfiguration,VPN,543,47358,1.39,22.9,23.9,0.513,Medium
INC-04636,2025-08-06,Australia,Healthcare,Cloud-DC,Malware,Cybercriminal,Social Engineering,MFA,1833,62479,1.396,15.6,25.5,0.913,Medium
INC-04637,2025-08-07,Japan,Retail,Corporate-LAN,Phishing,Cybercriminal,Social Engineering,VPN,1208,133257,2.323,13.9,22.5,0.862,Medium
INC-04638,2025-08-08,Germany,Energy,IoT-Grid,Ransomware,Cybercriminal,Weak Passwords,Firewall,4502,25009,0.692,1.7,406.3,4.037,High
INC-04639,2025-08-08,UK,Retail,Cloud-DC,Insider Threat,,Excess Privileges,Encryption,344,11031,0.153,22.5,75.8,0.715,Medium
INC-04640,2025-08-08,USA,IT & Telecom,Cloud-DC,Malware,Nation-State,Social Engineering,Antivirus,6381,2590,0.076,36.0,78.6,0.575,Medium
INC-04641,2025-08-08,India,Healthcare,Corporate-LAN,Ransomware,Cybercriminal,Social Engineering,VPN,26627,30021,0.588,3.8,35.2,1.933,High
INC-04642,2025-08-09,India,Finance,Banking-Core,Insider Threat,Insider,Weak Passwords,Firewall,38,35342,0.495,108.2,86.4,1.412,Medium
INC-04643,2025-08-09,China,Retail,Corporate-LAN,Ransomware,Cybercriminal,Unpatched Software,Firewall,4387,55843,1.014,1.6,62.0,2.632,High
INC-04644,2025-08-09,Germany,Healthcare,Corporate-LAN,Ransomware,Cybercriminal,Social Engineering,MFA,2938,235590,2.463,11.1,79.9,3.855,High
INC-04645,2025-08-10,USA,Healthcare,Cloud-DC,Phishing,Cybercriminal,Unpatched Software,Antivirus,970,693165,15.497,19.5,36.0,5.465,Critical
INC-04646,2025-08-10,India,Healthcare,Cloud-DC,Ransomware,Cybercriminal,Unpatched Software,Firewall,2154,91409,2.725,6.5,230.9,3.936,High
INC-04647,2025-08-10,Brazil,IT & Telecom,Cloud-DC,DDoS,Hacktivist,Misconfiguration,Encryption,2209,1215,0.014,1.9,8.0,0.344,Low
INC-04648,2025-08-11,UK,Energy,Corporate-LAN,Malware,Cybercriminal,Unpatched Software,Firewall,4909,34879,0.361,49.5,59.4,0.718,Medium
INC-04649,2025-08-11,France,Finance,Cloud-DC,Ransomware,Cybercriminal,Social Engineering,Firewall,8597,1578,0.022,16.1,55.4,3.398,High
INC-04650,2025-08-11,France,Energy,IoT-Grid,Ransomware,Cybercriminal,Weak Passwords,Encryption,574,20425,0.277,15.1,102.6,2.075,High
INC-04651,2025-08-11,Germany,Education,Cloud-DC,Phishing,Cybercriminal,Social Engineering,Firewall,1101,30988,0.694,27.3,35.6,0.236,Low
INC-04652,2025-08-11,France,Government,Corporate-LAN,Malware,Cybercriminal,Social Engineering,MFA,640,190634,1.917,26.6,22.0,1.071,Medium
INC-04653,2025-08-11,UK,Healthcare,Corporate-LAN,Zero-Day Exploit,Nation-State,Zero-Day,Firewall,25104,20552,0.409,36.7,269.1,2.987,High
INC-04654,2025-08-12,USA,Healthcare,Corporate-LAN,DDoS,Nation-State,Misconfiguration,VPN,1914,1497,0.015,1.0,4.7,0.329,Low
INC-04655,2025-08-12,India,IT & Telecom,Cloud-DC,Phishing,Cybercriminal,Social Engineering,Firewall,2265,2542,0.044,5.8,27.4,0.305,Low
INC-04656,2025-08-13,UK,Education,University-Campus,Ransomware,Cybercriminal,Social Engineering,Antivirus,2054,102427,1.21,2.9,44.0,1.724,High
INC-04657,2025-08-13,Australia,Finance,Banking-Core,Phishing,Cybercriminal,Social Engineering,Firewall,128,8160,0.23,39.2,45.7,0.487,Low
INC-04658,2025-08-13,Germany,Retail,Corporate-LAN,DDoS,Hacktivist,Misconfiguration,AI-based IDS,3103,179,0.004,1.3,6.2,0.238,Low
INC-04659,2025-08-13,China,Government,Corporate-LAN,Man-in-the-Middle,Unknown,Misconfiguration,Firewall,20153,27903,0.294,18.4,57.3,0.621,Medium
INC-04660,2025-08-13,USA,Retail,Corporate-LAN,Phishing,Cybercriminal,Social Engineering,MFA,5745,36098,0.949,36.8,29.6,0.488,Low
INC-04661,2025-08-13,UK,Finance,Banking-Core,DDoS,Hacktivist,Unpatched Software,MFA,23692,141,0.002,1.0,12.0,0.306,Low
INC-04662,2025-08-13,Japan,Healthcare,Corporate-LAN,Phishing,Unknown,Social Engineering,VPN,8136,4693,0.099,48.3,39.4,0.603,Medium
INC-04663,2025-08-13,China,IT & Telecom,Cloud-DC,DDoS,Hacktivist,Unpatched Software,MFA,12259,4,0.0,5.8,25.2,0.307,Low
INC-04664,2025-08-14,China,Energy,Corporate-LAN,Malware,Cybercriminal,Social Engineering,AI-based IDS,1737,31327,0.418,1.7,19.6,0.441,Low
INC-04665,2025-08-15,France,Healthcare,Cloud-DC,Ransomware,Cybercriminal,Social Engineering,Firewall,2044,1686421,21.152,13.7,95.8,14.286,Critical
INC-04666,2025-08-15,India,Finance,Banking-Core,Credential Stuffing,Cybercriminal,Weak Passwords,AI-based IDS,2628,17775,0.522,10.8,16.3,0.467,Low
INC-04667,2025-08-15,Russia,IT & Telecom,Cloud-DC,DDoS,Cybercriminal,Unpatched Software,MFA,13665,306,0.006,0.4,8.8,0.229,Low
INC-04668,2025-08-15,India,Finance,Banking-Core,SQL Injection,Cybercriminal,Unpatched Software,MFA,1254,51025,1.071,27.5,46.4,0.846,Medium
INC-04669,2025-08-16,USA,Energy,Corporate-LAN,Phishing,Cybercriminal,Social Engineering,AI-based IDS,661,38573,0.624,13.7,45.2,0.692,Medium
INC-04670,2025-08-16,India,Retail,Cloud-DC,SQL Injection,Hacktivist,Misconfiguration,Encryption,2788,65553,1.195,17.9,38.3,0.619,Medium
INC-04671,2025-08-17,Japan,Government,Corporate-LAN,Phishing,Cybercriminal,Social Engineering,Firewall,6174,1715,0.032,6.0,21.4,0.389,Low
INC-04672,2025-08-17,France,Government,Corporate-LAN,Malware,Unknown,Unpatched Software,MFA,1947,1881,0.053,13.5,79.8,0.766,Medium
INC-04673,2025-08-17,Japan,IT & Telecom,Cloud-DC,SQL Injection,Cybercriminal,Unpatched Software,VPN,8417,514762,6.278,56.1,168.2,2.301,High
INC-04674,2025-08-17,Germany,Finance,Corporate-LAN,DDoS,Hacktivist,Misconfiguration,AI-based IDS,2262,258,0.007,1.3,13.2,0.304,Low
INC-04675,2025-08-18,USA,IT & Telecom,Corporate-LAN,SQL Injection,Cybercriminal,Misconfiguration,Firewall,732,3745866,50.891,20.0,36.1,12.967,Critical
INC-04676,2025-08-18,France,IT & Telecom,Cloud-DC,Malware,Cybercriminal,Social Engineering,Encryption,6872,15839,0.342,26.3,73.7,0.694,Medium
INC-04677,2025-08-19,Australia,Government,Cloud-DC,Phishing,Cybercriminal,Social Engineering,VPN,2885,3277,0.074,70.6,53.5,0.568,Medium
INC-04678,2025-08-19,Russia,IT & Telecom,Cloud-DC,Man-in-the-Middle,Unknown,Misconfiguration,VPN,4155,15313,0.29,12.5,25.9,0.409,Low
INC-04679,2025-08-21,UK,Healthcare,Cloud-DC,Malware,Hacktivist,Social Engineering,Antivirus,3521,8586,0.123,13.4,27.1,0.373,Low
INC-04680,2025-08-21,Germany,Healthcare,Corporate-LAN,Credential Stuffing,Cybercriminal,Weak Passwords,VPN,24305,4329,0.058,27.5,125.8,1.474,Medium
INC-04681,2025-08-22,Australia,IT & Telecom,Cloud-DC,Zero-Day Exploit,Nation-State,Zero-Day,Firewall,12736,14224,0.361,52.8,130.6,1.136,Medium
INC-04682,2025-08-22,UK,Finance,Cloud-DC,Insider Threat,Insider,Excess Privileges,AI-based IDS,124,45975,0.553,19.9,41.6,0.579,Medium
INC-04683,2025-08-22,UK,IT & Telecom,Cloud-DC,Phishing,Cybercriminal,Social Engineering,MFA,1416,12358,0.17,33.8,52.8,0.581,Medium
INC-04684,2025-08-22,India,Finance,Cloud-DC,Phishing,Cybercriminal,Social Engineering,Antivirus,967,406092,5.257,19.3,46.8,1.762,High
INC-04685,2025-08-23,UK,Healthcare,Corporate-LAN,Ransomware,Unknown,Unpatched Software,MFA,24681,11237,0.203,17.4,71.3,1.962,High
INC-04686,2025-08-23,Japan,Education,University-Campus,Malware,Cybercriminal,Weak Passwords,Firewall,4003,12852,0.257,6.5,36.5,0.202,Low
INC-04687,2025-08-23,India,Retail,Cloud-DC,Zero-Day Exploit,Nation-State,Zero-Day,MFA,2644,264471,3.33,21.0,56.5,1.318,Medium
INC-04688,2025-08-24,Brazil,Education,University-Campus,Ransomware,Nation-State,Unpatched Software,Firewall,31791,90722,1.929,41.3,126.0,1.298,Medium
INC-04689,2025-08-25,Australia,Education,University-Campus,Ransomware,Nation-State,Unpatched Software,VPN,6342,178603,2.304,8.1,71.1,1.64,High
INC-04690,2025-08-26,China,Retail,Cloud-DC,Man-in-the-Middle,Unknown,Misconfiguration,VPN,2543,143182,3.107,33.6,48.3,1.152,Medium
INC-04691,2025-08-26,India,Finance,Cloud-DC,DDoS,Hacktivist,Misconfiguration,Encryption,12761,305,0.005,2.4,12.9,0.205,Low
INC-04692,2025-08-26,India,Finance,Banking-Core,DDoS,Hacktivist,Misconfiguration,Antivirus,2511,8858,0.206,1.7,5.4,0.307,Low
INC-04693,2025-08-26,China,Retail,Cloud-DC,SQL Injection,Cybercriminal,Misconfiguration,VPN,587,13995,0.272,14.3,36.4,0.298,Low
INC-04694,2025-08-27,Australia,Education,Cloud-DC,Credential Stuffing,Unknown,Weak Passwords,Antivirus,1959,147067,3.339,6.6,48.5,0.719,Medium
INC-04695,2025-08-27,Russia,Retail,Cloud-DC,SQL Injection,Cybercriminal,Unpatched Software,VPN,9032,3674206,110.068,9.7,55.3,12.25,Critical
INC-04696,2025-08-28,USA,Government,Corporate-LAN,Malware,Nation-State,Social Engineering,Antivirus,336,167,0.005,37.0,49.9,0.678,Medium
INC-04697,2025-08-28,Australia,Finance,Banking-Core,Ransomware,Cybercriminal,Unpatched Software,AI-based IDS,29684,26417,0.329,1.2,27.7,2.259,High
INC-04698,2025-09-01,India,Retail,Cloud-DC,Ransomware,Cybercriminal,Weak Passwords,Antivirus,2775,58662,1.405,11.2,101.4,2.081,High
INC-04699,2025-09-01,USA,Education,University-Campus,DDoS,Cybercriminal,Misconfiguration,VPN,94284,156,0.003,0.3,12.6,0.286,Low
INC-04700,2025-09-02,UK,Energy,Corporate-LAN,Malware,Cybercriminal,Unpatched Software,Encryption,4070,2071,0.062,56.2,94.3,0.459,Low
INC-04701,2025-09-02,China,Education,University-Campus,Man-in-the-Middle,Unknown,Unpatched Software,Antivirus,789,68127,1.719,149.0,121.9,0.771,Medium
INC-04702,2025-09-02,Brazil,Healthcare,IoT-Grid,Phishing,Hacktivist,Weak Passwords,MFA,434,133600,2.867,57.9,34.7,1.127,Medium
INC-04703,2025-09-02,India,Retail,Cloud-DC,Credential Stuffing,Cybercriminal,Misconfiguration,Antivirus,2245,30171,0.674,4.0,15.2,0.336,Low
INC-04704,2025-09-02,USA,Government,Corporate-LAN,Zero-Day Exploit,Nation-State,Zero-Day,Encryption,1523,415031,7.89,76.9,92.5,2.456,High
INC-04705,2025-09-03,Japan,Retail,Cloud-DC,SQL Injection,Unknown,Misconfiguration,Firewall,942,52380,1.425,66.2,58.5,0.576,Medium
INC-04706,2025-09-03,France,Finance,Banking-Core,DDoS,Cybercriminal,Misconfiguration,Firewall,26623,159,0.002,0.4,39.7,0.57,Medium
INC-04707,2025-09-03,Australia,Education,University-Campus,Man-in-the-Middle,Cybercriminal,Misconfiguration,Antivirus,6507,21377,0.359,14.7,60.2,0.557,Medium
INC-04708,2025-09-03,France,Education,University-Campus,SQL Injection,Cybercriminal,Misconfiguration,Antivirus,1063,205576,5.009,49.8,48.4,0.739,Medium
INC-04709,2025-09-03,Japan,Finance,Cloud-DC,DDoS,Nation-State,Unpatched Software,Firewall,3476,44,0.001,1.0,10.7,0.247,Low
INC-04710,2025-09-04,USA,Retail,Cloud-DC,Ransomware,Cybercriminal,Weak Passwords,MFA,658,21643,0.425,8.3,70.7,2.031,High
INC-04711,2025-09-04,China,Retail,Cloud-DC,DDoS,Cybercriminal,Misconfiguration,VPN,1135,161,0.004,0.7,6.8,0.154,Low
INC-04712,2025-09-04,China,Healthcare,Corporate-LAN,SQL Injection,Unknown,Unpatched Software,Antivirus,26860,383666,8.325,5.5,48.6,3.668,High
INC-04713,2025-09-04,Australia,Finance,Banking-Core,Phishing,Cybercriminal,Weak Passwords,Firewall,4501,14903,0.313,10.2,36.9,0.74,Medium
INC-04714,2025-09-04,USA,Healthcare,Cloud-DC,Ransomware,Cybercriminal,Unpatched Software,MFA,8502,270841,6.066,12.3,201.5,5.249,Critical
INC-04715,2025-09-05,Brazil,Education,University-Campus,Phishing,Cybercriminal,Social Engineering,Firewall,39879,25157,0.522,22.2,30.2,0.263,Low
INC-04716,2025-09-05,France,Government,Cloud-DC,SQL Injection,Cybercriminal,Misconfiguration,MFA,5596,558734,9.043,22.2,23.6,3.73,High
INC-04717,2025-09-05,Australia,Finance,Banking-Core,Ransomware,Cybercriminal,Social Engineering,VPN,16359,31178,0.903,9.8,71.8,2.916,High
INC-04718,2025-09-05,France,Retail,Cloud-DC,Credential Stuffing,Unknown,Weak Passwords,AI-based IDS,5108,15513,0.397,1.4,12.8,0.312,Low
INC-04719,2025-09-05,UK,IT & Telecom,Cloud-DC,DDoS,Cybercriminal,Unpatched Software,Firewall,18665,1534,0.044,0.6,8.7,0.3,Low
INC-04720,2025-09-06,Germany,IT & Telecom,Cloud-DC,Zero-Day Exploit,Unknown,Zero-Day,VPN,3108,1170510,15.671,48.2,52.6,3.312,Critical
INC-04721,2025-09-06,Germany,Finance,Cloud-DC,Phishing,Cybercriminal,Social Engineering,Antivirus,1328,79152,2.255,22.3,42.9,0.952,Medium
INC-04722,2025-09-07,UK,Government,Corporate-LAN,Insider Threat,Insider,Weak Passwords,Firewall,509,8056,0.212,65.2,55.0,0.604,Medium
INC-04723,2025-09-09,Germany,IT & Telecom,Cloud-DC,Malware,Cybercriminal,Unpatched Software,Encryption,9894,16605,0.357,16.8,87.6,0.78,Medium
INC-04724,2025-09-09,USA,Government,Cloud-DC,Zero-Day Exploit,Hacktivist,Zero-Day,Firewall,1751,910,0.024,181.5,124.6,0.945,Medium
INC-04725,2025-09-09,France,Healthcare,Corporate-LAN,Phishing,Cybercriminal,Social Engineering,Antivirus,964,25258,0.353,10.0,24.1,0.635,Medium
INC-04726,2025-09-09,Russia,Finance,Banking-Core,Malware,Nation-State,Social Engineering,MFA,703,470584,8.893,,54.8,3.56,High
INC-04727,2025-09-09,India,IT & Telecom,Cloud-DC,Phishing,Cybercriminal,Social Engineering,AI-based IDS,344,208455,3.433,2.2,12.7,1.132,Medium
INC-04728,2025-09-09,Germany,Retail,Cloud-DC,Ransomware,Cybercriminal,Social Engineering,Firewall,3179,38672,0.993,6.1,215.3,2.353,High
INC-04729,2025-09-09,France,IT & Telecom,Corporate-LAN,Phishing,Nation-State,Social Engineering,VPN,2784,53394,1.343,19.8,45.3,0.881,Medium
INC-04730,2025-09-10,India,Energy,Corporate-LAN,Phishing,Cybercriminal,Social Engineering,Antivirus,2995,4179,0.086,54.1,47.0,0.643,Medium
INC-04731,2025-09-10,Russia,Government,Corporate-LAN,SQL Injection,Cybercriminal,Unpatched Software,Antivirus,549,55743,0.681,12.8,31.3,0.751,Medium
INC-04732,2025-09-11,India,Government,Corporate-LAN,Insider Threat,Insider,Excess Privileges,Antivirus,21,16734,0.231,1604.2,816.4,6.063,Critical
INC-04733,2025-09-11,Russia,Retail,Cloud-DC,SQL Injection,Cybercriminal,Misconfiguration,VPN,2439,57633,0.818,5.8,89.8,0.593,Medium
INC-04734,2025-09-12,Brazil,IT & Telecom,Corporate-LAN,Zero-Day Exploit,Nation-State,Zero-Day,AI-based IDS,21664,5479,0.099,62.1,41.1,0.539,Medium
INC-04735,2025-09-13,UK,Retail,Cloud-DC,SQL Injection,Cybercriminal,Misconfiguration,Firewall,2673,68986,1.787,93.5,61.4,1.022,Medium
INC-04736,2025-09-13,USA,Healthcare,IoT-Grid,Phishing,Cybercriminal,Weak Passwords,MFA,21619,10079,0.179,8.7,23.6,0.47,Low
INC-04737,2025-09-13,India,Healthcare,Cloud-DC,Zero-Day Exploit,Nation-State,Zero-Day,Firewall,7255,18058,0.384,500.3,332.4,3.021,High
INC-04738,2025-09-13,China,Finance,Cloud-DC,Credential Stuffing,Cybercriminal,Weak Passwords,Antivirus,608,6934,0.15,21.8,33.0,0.528,Medium
INC-04739,2025-09-14,USA,Finance,Cloud-DC,Credential Stuffing,Cybercriminal,Weak Passwords,Encryption,1348,811787,21.044,52.3,47.6,4.969,High
INC-04740,2025-09-14,China,IT & Telecom,Corporate-LAN,Insider Threat,Insider,Excess Privileges,MFA,93,69057,1.024,123.7,123.5,1.019,Medium
INC-04741,2025-09-14,Germany,Finance,Corporate-LAN,Phishing,Cybercriminal,Social Engineering,MFA,1024,65288,1.69,14.3,20.2,0.633,Medium
INC-04742,2025-09-15,UK,Finance,Corporate-LAN,Phishing,Nation-State,Social Engineering,Antivirus,4121,20893,0.263,10.6,79.5,1.109,Medium
INC-04743,2025-09-16,China,Healthcare,Corporate-LAN,Ransomware,Nation-State,Social Engineering,AI-based IDS,1560,72754,1.135,8.2,56.8,3.069,High
INC-04744,2025-09-17,France,Healthcare,IoT-Grid,Phishing,Nation-State,Social Engineering,MFA,240,31735,0.88,9.4,23.9,0.29,Low
INC-04745,2025-09-18,India,Energy,Corporate-LAN,Zero-Day Exploit,Cybercriminal,Zero-Day,AI-based IDS,12202,14165,0.199,19.0,225.0,2.079,High
INC-04746,2025-09-18,Brazil,Finance,Banking-Core,Malware,Cybercriminal,Unpatched Software,Firewall,47051,1231118,30.35,56.4,59.4,8.537,Critical
INC-04747,2025-09-18,USA,IT & Telecom,Cloud-DC,DDoS,Cybercriminal,Misconfiguration,MFA,3368,120,0.002,1.2,4.6,0.207,Low
INC-04748,2025-09-18,Australia,Finance,Corporate-LAN,Phishing,Cybercriminal,Social Engineering,Firewall,7024,408860,4.949,19.9,40.0,2.432,High
INC-04749,2025-09-19,USA,Government,Corporate-LAN,Man-in-the-Middle,Unknown,Unpatched Software,MFA,196,21194,0.482,12.2,35.7,0.348,Low
INC-04750,2025-09-19,France,Finance,Cloud-DC,Ransomware,Cybercriminal,Social Engineering,MFA,17700,5276,0.15,13.9,209.7,5.065,Critical
INC-04751,2025-09-19,China,Education,Cloud-DC,DDoS,Nation-State,Misconfiguration,AI-based IDS,2276,39955,1.175,1.3,15.1,0.237,Low
INC-04752,2025-09-20,Germany,IT & Telecom,Corporate-LAN,SQL Injection,Cybercriminal,Misconfiguration,VPN,39177,3899771,51.417,8.2,20.7,18.699,Critical
INC-04753,2025-09-20,USA,IT & Telecom,Cloud-DC,Malware,Nation-State,Unpatched Software,Antivirus,2599,1301,0.027,23.1,22.1,0.338,Low
INC-04754,2025-09-20,Japan,Retail,Cloud-DC,Ransomware,Cybercriminal,Unpatched Software,Firewall,30287,154381,1.574,8.3,34.3,2.019,High
INC-04755,2025-09-20,India,Energy,Corporate-LAN,Phishing,Cybercriminal,Social Engineering,VPN,2166,111756,1.773,10.5,35.9,0.875,Medium
INC-04756,2025-09-20,India,Energy,Corporate-LAN,Malware,Hacktivist,Unpatched Software,MFA,3339,21909,0.284,13.0,35.7,0.662,Medium
INC-04757,2025-09-20,India,IT & Telecom,Cloud-DC,Malware,Cybercriminal,Unpatched Software,VPN,5036,1714,0.023,131.3,94.4,0.636,Medium
INC-04758,2025-09-21,Germany,Government,Corporate-LAN,Man-in-the-Middle,Cybercriminal,Misconfiguration,Firewall,1581,172462,1.968,78.9,51.4,1.268,Medium
INC-04759,2025-09-21,India,Finance,Banking-Core,DDoS,Hacktivist,Unpatched Software,Encryption,1658,180,0.004,1.2,21.9,0.477,Low
INC-04760,2025-09-22,USA,Finance,Banking-Core,Man-in-the-Middle,Nation-State,Misconfiguration,Firewall,18055,56304,1.605,8.7,39.2,0.601,Medium
INC-04761,2025-09-22,USA,Government,Corporate-LAN,Zero-Day Exploit,Nation-State,Zero-Day,MFA,16565,128917,2.267,73.5,71.0,0.858,Medium
INC-04762,2025-09-22,USA,Government,Corporate-LAN,Zero-Day Exploit,Nation-State,Zero-Day,Antivirus,321,22392,0.443,20.7,67.1,0.611,Medium
INC-04763,2025-09-22,India,Finance,Cloud-DC,Ransomware,Cybercriminal,Weak Passwords,MFA,3447,79889,1.849,10.5,65.5,2.738,High
INC-04764,2025-09-23,India,Healthcare,IoT-Grid,Phishing,Cybercriminal,Social Engineering,VPN,1054,7976,0.148,30.2,36.3,0.405,Low
INC-04765,2025-09-23,USA,Finance,Banking-Core,Phishing,Cybercriminal,Social Engineering,MFA,4478,17332,0.307,32.8,50.1,0.477,Low
INC-04766,2025-09-23,India,Healthcare,Corporate-LAN,Insider Threat,Insider,Excess Privileges,MFA,2623,139478,3.804,67.9,52.6,1.199,Medium
INC-04767,2025-09-23,Brazil,Finance,Cloud-DC,DDoS,Hacktivist,Unpatched Software,AI-based IDS,25654,803,0.013,0.1,5.6,0.331,Low
INC-04768,2025-09-24,USA,Retail,Corporate-LAN,Malware,Nation-State,Social Engineering,Antivirus,313,58462,1.147,8.6,33.4,0.463,Low
INC-04769,2025-09-24,USA,Finance,Cloud-DC,Credential Stuffing,Unknown,Weak Passwords,Antivirus,2818,11865,0.304,17.7,34.6,0.662,Medium
INC-04770,2025-09-24,India,Government,Cloud-DC,Man-in-the-Middle,Unknown,Unpatched Software,MFA,1849,8697,0.2,38.5,65.7,0.743,Medium
INC-04771,2025-09-24,USA,IT & Telecom,Cloud-DC,Insider Threat,Insider,Excess Privileges,AI-based IDS,454,91253,1.677,59.5,113.1,0.794,Medium
INC-04772,2025-09-25,Brazil,Government,Cloud-DC,Phishing,Cybercriminal,Social Engineering,Firewall,670,102580,2.211,18.8,80.7,1.083,Medium
INC-04773,2025-09-25,Brazil,Education,University-Campus,Ransomware,Cybercriminal,Unpatched Software,AI-based IDS,2169,140057,1.802,3.2,33.4,1.485,Medium
INC-04774,2025-09-25,China,Energy,IoT-Grid,Malware,Nation-State,Social Engineering,Antivirus,6190,67792,1.176,14.8,53.8,1.006,Medium
INC-04775,2025-09-26,India,Education,University-Campus,Credential Stuffing,Cybercriminal,Weak Passwords,Firewall,2180,6999,0.084,47.1,43.5,0.336,Low
INC-04776,2025-09-26,USA,Energy,IoT-Grid,Zero-Day Exploit,Nation-State,Zero-Day,Firewall,119,35086,0.945,64.7,94.4,0.636,Medium
INC-04777,2025-09-26,Russia,Finance,Banking-Core,Phishing,Cybercriminal,Social Engineering,Antivirus,10843,28306,0.344,4.0,19.3,0.661,Medium
INC-04778,2025-09-27,India,IT & Telecom,Cloud-DC,Zero-Day Exploit,Cybercriminal,Zero-Day,AI-based IDS,6051,28783,0.431,42.9,59.1,0.805,Medium
INC-04779,2025-09-28,Australia,Energy,Corporate-LAN,Zero-Day Exploit,Nation-State,Zero-Day,AI-based IDS,1513,9054,0.195,66.8,83.4,1.056,Medium
INC-04780,2025-09-28,Australia,Healthcare,Corporate-LAN,Insider Threat,Insider,Excess Privileges,Firewall,286,115305,2.176,36.0,42.3,1.599,High
INC-04781,2025-10-01,France,Retail,Corporate-LAN,DDoS,Hacktivist,Misconfiguration,MFA,6980,218,0.006,0.8,6.6,0.197,Low
INC-04782,2025-10-01,India,IT & Telecom,Corporate-LAN,Ransomware,Cybercriminal,Unpatched Software,MFA,7164,187028,3.622,,141.2,2.971,High
INC-04783,2025-10-01,USA,Finance,Banking-Core,Man-in-the-Middle,Cybercriminal,Misconfiguration,AI-based IDS,1470,35233,0.799,27.9,23.4,0.549,Medium
INC-04784,2025-10-01,Australia,Retail,Corporate-LAN,Ransomware,Cybercriminal,Unpatched Software,Antivirus,2448,75005,1.82,14.6,132.9,3.951,High
INC-04785,2025-10-01,China,Finance,Cloud-DC,Credential Stuffing,Cybercriminal,Weak Passwords,Firewall,6340,87557,2.217,48.8,35.9,0.843,Medium
INC-04786,2025-10-01,Russia,IT & Telecom,Cloud-DC,DDoS,,Misconfiguration,Firewall,605,1249,0.028,1.6,5.3,0.249,Low
INC-04787,2025-10-01,Brazil,Government,Corporate-LAN,Zero-Day Exploit,Nation-State,Zero-Day,VPN,13279,14681,0.223,140.9,151.5,1.316,Medium
INC-04788,2025-10-02,Germany,Energy,IoT-Grid,Ransomware,Cybercriminal,Unpatched Software,Firewall,77542,136435,2.288,2.1,120.7,3.073,High
INC-04789,2025-10-02,China,Retail,Cloud-DC,Malware,Cybercriminal,Social Engineering,Antivirus,38163,9779,0.123,8.3,92.6,0.693,Medium
INC-04790,2025-10-02,China,Finance,Cloud-DC,Phishing,Hacktivist,Social Engineering,Firewall,349,1536,0.021,30.3,42.2,0.536,Medium
INC-04791,2025-10-03,Australia,Finance,Banking-Core,DDoS,Cybercriminal,Unpatched Software,Firewall,1357,3241,0.054,0.2,7.8,0.231,Low
INC-04792,2025-10-03,Australia,Education,University-Campus,DDoS,Unknown,Misconfiguration,Antivirus,62861,303,0.007,,15.2,0.207,Low
INC-04793,2025-10-04,USA,Healthcare,Corporate-LAN,Malware,Cybercriminal,Unpatched Software,VPN,483,328566,3.62,18.6,93.3,3.561,High
INC-04794,2025-10-05,India,Energy,IoT-Grid,SQL Injection,Cybercriminal,Unpatched Software,Encryption,5466,18010,0.357,10.1,64.2,0.714,Medium
INC-04795,2025-10-05,UK,Energy,IoT-Grid,Phishing,Nation-State,Social Engineering,Antivirus,9798,16006,0.317,17.5,25.1,0.475,Low
INC-04796,2025-10-05,India,Finance,Cloud-DC,Zero-Day Exploit,Nation-State,Zero-Day,MFA,6293,20837,0.295,102.7,92.0,1.235,Medium
INC-04797,2025-10-06,India,Government,Cloud-DC,Man-in-the-Middle,Unknown,Misconfiguration,Firewall,164,12749,0.264,72.6,81.5,0.82,Medium
INC-04798,2025-10-06,Japan,Finance,Banking-Core,DDoS,Cybercriminal,Misconfiguration,MFA,9622,740,0.021,0.5,23.5,0.395,Low
INC-04799,2025-10-06,China,Education,University-Campus,Phishing,Nation-State,Social Engineering,MFA,401,108417,1.152,133.2,81.3,0.935,Medium
INC-04800,2025-10-07,China,Retail,Cloud-DC,DDoS,Cybercriminal,Unpatched Software,Firewall,43589,108,0.001,1.2,51.2,0.385,Low
INC-04801,2025-10-08,India,Government,Cloud-DC,DDoS,Hacktivist,Unpatched Software,Antivirus,44501,1162,0.013,2.2,6.7,0.173,Low
INC-04802,2025-10-08,China,IT & Telecom,Cloud-DC,Ransomware,Cybercriminal,Social Engineering,Firewall,42,67491,1.961,3.4,32.6,2.854,High
INC-04803,2025-10-08,USA,Healthcare,Corporate-LAN,SQL Injection,Cybercriminal,Misconfiguration,Firewall,1124,1928,0.052,13.7,25.0,0.608,Medium
INC-04804,2025-10-09,Australia,Education,Cloud-DC,DDoS,Hacktivist,Misconfiguration,Firewall,34931,335,0.005,0.7,3.3,0.134,Low
INC-04805,2025-10-09,China,Finance,Corporate-LAN,DDoS,Cybercriminal,Unpatched Software,Encryption,50817,183,0.004,0.9,21.4,0.414,Low
INC-04806,2025-10-10,India,Finance,Cloud-DC,Ransomware,Cybercriminal,Social Engineering,AI-based IDS,9791,6121,0.073,5.3,178.3,3.139,High
INC-04807,2025-10-10,Japan,Retail,Corporate-LAN,Ransomware,Cybercriminal,Social Engineering,MFA,2643,60029,1.124,2.2,114.2,1.819,High
INC-04808,2025-10-11,UK,Healthcare,Corporate-LAN,Ransomware,Cybercriminal,Weak Passwords,MFA,27637,2238,0.028,6.0,36.1,2.155,High
INC-04809,2025-10-11,USA,Finance,Banking-Core,DDoS,Cybercriminal,Unpatched Software,Antivirus,6044,503,0.013,0.8,17.1,0.356,Low
INC-04810,2025-10-11,India,Retail,Cloud-DC,Phishing,Unknown,Social Engineering,Firewall,14402,32129,0.558,43.3,34.8,0.606,Medium
INC-04811,2025-10-12,USA,Healthcare,Cloud-DC,Man-in-the-Middle,Cybercriminal,Misconfiguration,Firewall,5075,4127,0.072,19.2,23.8,0.309,Low
INC-04812,2025-10-12,India,Retail,Corporate-LAN,Ransomware,Unknown,Weak Passwords,VPN,1748,83454,1.332,17.3,56.1,1.203,Medium
INC-04813,2025-10-12,France,Government,Corporate-LAN,DDoS,Hacktivist,Unpatched Software,VPN,19945,2909,0.072,0.8,11.5,0.343,Low
INC-04814,2025-10-13,Australia,Energy,Corporate-LAN,Ransomware,Cybercriminal,Unpatched Software,AI-based IDS,4944,19544,0.544,6.4,27.8,1.727,High
INC-04815,2025-10-13,India,Education,University-Campus,Malware,Hacktivist,Social Engineering,Firewall,2060,2083,0.022,43.6,127.6,0.508,Medium
INC-04816,2025-10-13,Russia,Retail,Cloud-DC,Credential Stuffing,Cybercriminal,Weak Passwords,Antivirus,4376,40972,0.86,12.6,38.3,0.724,Medium
INC-04817,2025-10-14,Germany,Retail,Cloud-DC,Credential Stuffing,Cybercriminal,Weak Passwords,Antivirus,14958,85198,1.405,12.5,48.6,0.722,Medium
INC-04818,2025-10-14,USA,Finance,Banking-Core,Phishing,Cybercriminal,Unpatched Software,VPN,628,5370,0.107,16.7,29.1,0.488,Low
INC-04819,2025-10-14,USA,Finance,Banking-Core,DDoS,Hacktivist,Misconfiguration,Antivirus,26103,26,0.0,0.7,4.3,0.243,Low
INC-04820,2025-10-14,Brazil,Government,Cloud-DC,Insider Threat,Insider,Excess Privileges,VPN,335,5150,0.145,49.2,79.8,0.962,Medium
INC-04821,2025-10-15,Russia,Education,Cloud-DC,Phishing,Cybercriminal,Social Engineering,AI-based IDS,9091,200354,2.409,25.7,57.7,0.877,Medium
INC-04822,2025-10-15,Brazil,Government,Cloud-DC,Insider Threat,Insider,Excess Privileges,Antivirus,173,3864,0.064,294.8,224.3,1.67,High
INC-04823,2025-10-15,USA,IT & Telecom,Cloud-DC,Malware,Hacktivist,Social Engineering,Antivirus,4849,87958,1.318,34.9,64.1,1.586,High
INC-04824,2025-10-15,Japan,Government,Corporate-LAN,Malware,Nation-State,Social Engineering,Firewall,28718,3332,0.071,26.8,50.5,0.613,Medium
INC-04825,2025-10-15,Brazil,Finance,Cloud-DC,Credential Stuffing,Cybercriminal,Weak Passwords,VPN,2962,8905,0.184,18.3,30.5,0.585,Medium
INC-04826,2025-10-16,India,Government,Cloud-DC,Malware,Cybercriminal,Unpatched Software,Encryption,5065,4285,0.082,12.6,40.8,0.544,Medium
INC-04827,2025-10-16,USA,Finance,Banking-Core,Phishing,Cybercriminal,Social Engineering,Encryption,4799,11497,0.305,25.3,27.9,0.861,Medium
INC-04828,2025-10-16,USA,Education,University-Campus,Phishing,Cybercriminal,Social Engineering,Encryption,1258,2237,0.023,6.4,32.4,0.182,Low
INC-04829,2025-10-16,China,Healthcare,Corporate-LAN,Malware,Cybercriminal,Social Engineering,Encryption,2941,39266,1.164,24.4,30.9,0.492,Low
INC-04830,2025-10-16,China,Government,Cloud-DC,SQL Injection,Cybercriminal,Unpatched Software,VPN,3961,31353,0.88,32.9,36.2,0.514,Medium
INC-04831,2025-10-17,UK,IT & Telecom,Corporate-LAN,SQL Injection,Unknown,Misconfiguration,Antivirus,1755,10683,0.181,58.1,57.8,0.678,Medium
INC-04832,2025-10-17,UK,Energy,IoT-Grid,Zero-Day Exploit,Hacktivist,Zero-Day,AI-based IDS,67014,123281,3.239,17.1,55.2,1.09,Medium
INC-04833,2025-10-17,Russia,Retail,Corporate-LAN,SQL Injection,Cybercriminal,Misconfiguration,Encryption,15704,70671,1.788,70.7,79.0,0.977,Medium
INC-04834,2025-10-17,France,Government,Cloud-DC,Phishing,Cybercriminal,Social Engineering,VPN,1039,78311,1.673,107.9,82.7,1.079,Medium
INC-04835,2025-10-18,China,Healthcare,IoT-Grid,Ransomware,Cybercriminal,Unpatched Software,VPN,717,75061,1.672,113.2,151.3,3.14,High
INC-04836,2025-10-18,Japan,Finance,Banking-Core,DDoS,Hacktivist,Unpatched Software,VPN,7239,1279,0.035,1.2,13.4,0.304,Low
INC-04837,2025-10-18,India,Education,University-Campus,Malware,Unknown,Social Engineering,Firewall,3840,7815,0.229,16.0,50.0,0.334,Low
INC-04838,2025-10-20,Japan,IT & Telecom,Cloud-DC,Phishing,Cybercriminal,Weak Passwords,Antivirus,843,446,0.008,15.9,27.0,0.407,Low
INC-04839,2025-10-21,Brazil,IT & Telecom,Cloud-DC,Credential Stuffing,Cybercriminal,Weak Passwords,Firewall,11727,89063,2.616,23.2,26.2,0.736,Medium
INC-04840,2025-10-21,Brazil,IT & Telecom,Corporate-LAN,Phishing,Unknown,Social Engineering,Firewall,4880,458474,13.268,9.9,44.1,1.867,High
INC-04841,2025-10-22,USA,IT & Telecom,Cloud-DC,Credential Stuffing,Cybercriminal,Weak Passwords,AI-based IDS,618,15210,0.225,6.7,27.9,0.387,Low
INC-04842,2025-10-23,USA,Healthcare,Cloud-DC,Insider Threat,Insider,Excess Privileges,AI-based IDS,210,23526,0.541,42.0,67.9,0.961,Medium
INC-04843,2025-10-23,India,Healthcare,Corporate-LAN,Malware,Nation-State,Social Engineering,Firewall,42130,41849,1.099,93.1,71.5,0.88,Medium
INC-04844,2025-10-24,India,IT & Telecom,Cloud-DC,Zero-Day Exploit,Nation-State,Zero-Day,AI-based IDS,681,370076,7.528,91.4,72.6,2.296,High
INC-04845,2025-10-24,USA,Finance,Corporate-LAN,Zero-Day Exploit,Nation-State,Zero-Day,AI-based IDS,17721,20413,0.583,12.5,40.7,0.642,Medium
INC-04846,2025-10-25,Germany,Healthcare,Corporate-LAN,Phishing,Cybercriminal,Weak Passwords,AI-based IDS,2217,19343,0.368,,41.1,0.922,Medium
INC-04847,2025-10-25,France,Education,University-Campus,DDoS,Nation-State,Unpatched Software,Antivirus,3540,48,0.001,0.7,15.8,0.186,Low
INC-04848,2025-10-25,USA,Healthcare,Corporate-LAN,Insider Threat,Insider,Misconfiguration,Antivirus,1135,37382,1.12,112.5,77.4,0.976,Medium
INC-04849,2025-10-26,UK,Education,University-Campus,Phishing,Cybercriminal,Social Engineering,Firewall,805,63221,1.604,33.7,33.4,0.525,Medium
INC-04850,2025-10-26,UK,Healthcare,Corporate-LAN,Ransomware,Cybercriminal,Social Engineering,VPN,9047,64325,1.878,15.5,51.1,3.751,High
INC-04851,2025-10-26,USA,Finance,Cloud-DC,Ransomware,Cybercriminal,Unpatched Software,AI-based IDS,2645,100294,2.037,11.5,162.1,2.793,High
INC-04852,2025-10-26,Australia,Retail,Cloud-DC,SQL Injection,Cybercriminal,Misconfiguration,Firewall,1934,26260,0.399,24.9,27.3,0.408,Low
INC-04853,2025-10-26,UK,Energy,Corporate-LAN,DDoS,Nation-State,Unpatched Software,MFA,37030,204,0.006,8.1,7.5,0.269,Low
INC-04854,2025-10-27,USA,Healthcare,Cloud-DC,Insider Threat,Insider,Excess Privileges,Antivirus,2191,1436344,35.136,240.0,199.5,8.219,Critical
INC-04855,2025-10-27,USA,Finance,Cloud-DC,Phishing,Cybercriminal,Social Engineering,Encryption,2673,64204,1.879,48.6,51.9,0.738,Medium
INC-04856,2025-10-28,Australia,Education,University-Campus,Phishing,Cybercriminal,Social Engineering,MFA,2236,907,0.013,36.7,24.4,0.303,Low
INC-04857,2025-10-28,India,Energy,IoT-Grid,Ransomware,Cybercriminal,Social Engineering,Antivirus,51208,4169,0.078,8.9,110.3,3.084,High
INC-04858,2025-10-28,UK,Finance,Banking-Core,Malware,Nation-State,Unpatched Software,Antivirus,383,4107,0.107,288.1,311.3,4.963,High
INC-04859,2025-11-01,USA,Government,Cloud-DC,Ransomware,Cybercriminal,Social Engineering,MFA,7657,16579,0.361,5.2,70.7,2.692,High
INC-04860,2025-11-01,India,IT & Telecom,Corporate-LAN,DDoS,Nation-State,Unpatched Software,AI-based IDS,5816,1048,0.029,0.1,16.5,0.251,Low
INC-04861,2025-11-01,USA,Retail,Cloud-DC,Ransomware,Cybercriminal,Unpatched Software,Firewall,3244,634186,12.492,12.0,46.4,2.825,High
INC-04862,2025-11-01,Australia,Energy,IoT-Grid,Zero-Day Exploit,Nation-State,Zero-Day,MFA,2548,760,0.015,507.8,357.3,4.453,High
INC-04863,2025-11-01,France,Retail,Cloud-DC,Ransomware,Cybercriminal,Unpatched Software,MFA,13289,7121,0.154,16.1,41.0,1.325,Medium
INC-04864,2025-11-02,Germany,IT & Telecom,Cloud-DC,DDoS,Hacktivist,Unpatched Software,Antivirus,2035,1174,0.014,3.1,17.7,0.391,Low
INC-04865,2025-11-02,UK,Finance,Banking-Core,SQL Injection,Cybercriminal,Misconfiguration,MFA,27940,43165,1.135,28.2,27.8,0.69,Medium
INC-04866,2025-11-03,France,Finance,Banking-Core,DDoS,Cybercriminal,Misconfiguration,Firewall,866,4016,0.076,0.6,13.8,0.431,Low
INC-04867,2025-11-04,Brazil,Finance,Banking-Core,Phishing,Unknown,Social Engineering,Antivirus,4944,7630,0.133,118.0,89.0,1.0,Medium
INC-04868,2025-11-04,Japan,IT & Telecom,Corporate-LAN,Phishing,Nation-State,Social Engineering,Encryption,1291,5504,0.091,26.8,33.3,0.569,Medium
INC-04869,2025-11-04,USA,Education,University-Campus,Malware,Cybercriminal,Social Engineering,AI-based IDS,26514,20968,0.541,45.4,85.6,0.368,Low
INC-04870,2025-11-05,USA,Government,Corporate-LAN,Credential Stuffing,Cybercriminal,Weak Passwords,Firewall,2671,1141,0.015,14.5,55.7,0.899,Medium
INC-04871,2025-11-05,Germany,IT & Telecom,Cloud-DC,Credential Stuffing,Cybercriminal,Weak Passwords,Firewall,5777,258573,5.379,28.2,33.3,1.214,Medium
INC-04872,2025-11-07,India,Education,University-Campus,Phishing,Cybercriminal,Social Engineering,Antivirus,169,216999,6.437,10.8,16.5,0.914,Medium
INC-04873,2025-11-07,India,Healthcare,Cloud-DC,Malware,Nation-State,Social Engineering,Encryption,3843,2663,0.037,5.3,75.7,0.576,Medium
INC-04874,2025-11-08,USA,Energy,Corporate-LAN,Malware,Cybercriminal,Social Engineering,MFA,1551,670,0.01,74.0,80.1,1.098,Medium
INC-04875,2025-11-08,Japan,IT & Telecom,Cloud-DC,DDoS,Nation-State,Misconfiguration,MFA,25489,974,0.011,1.6,15.8,0.195,Low
INC-04876,2025-11-10,USA,Finance,Banking-Core,Zero-Day Exploit,Nation-State,Zero-Day,Antivirus,3379,2971,0.074,19.1,73.7,0.507,Medium
INC-04877,2025-11-10,France,Education,University-Campus,DDoS,Hacktivist,Misconfiguration,Firewall,34548,1700,0.049,2.9,8.0,0.154,Low
INC-04878,2025-11-10,Brazil,Finance,Corporate-LAN,Phishing,Cybercriminal,Social Engineering,MFA,7490,7986,0.087,7.4,70.6,1.318,Medium
INC-04879,2025-11-10,France,Finance,Cloud-DC,Insider Threat,Insider,Weak Passwords,Encryption,1957,103531,2.897,55.4,46.3,1.571,High
INC-04880,2025-11-10,Brazil,Healthcare,IoT-Grid,SQL Injection,Cybercriminal,Unpatched Software,Antivirus,2380,44791,1.197,13.1,46.0,0.648,Medium
INC-04881,2025-11-11,Australia,IT & Telecom,Cloud-DC,DDoS,Cybercriminal,Misconfiguration,Firewall,291,164,0.004,0.5,9.5,0.251,Low
INC-04882,2025-11-12,USA,Healthcare,Cloud-DC,Ransomware,Cybercriminal,Unpatched Software,Firewall,50300,20000,0.24,8.6,277.0,4.633,High
INC-04883,2025-11-12,France,Government,Corporate-LAN,Zero-Day Exploit,Nation-State,Zero-Day,Firewall,7934,1526,0.027,29.8,39.0,0.696,Medium
INC-04884,2025-11-12,UK,Finance,Banking-Core,Ransomware,Cybercriminal,Social Engineering,Firewall,901,15391,0.446,23.7,68.8,5.013,Critical
INC-04885,2025-11-12,Australia,Energy,IoT-Grid,SQL Injection,Cybercriminal,Unpatched Software,Antivirus,1574,207735,5.871,7.9,34.6,1.42,Medium
INC-04886,2025-11-14,India,Energy,IoT-Grid,Ransomware,Cybercriminal,Social Engineering,AI-based IDS,2939,5129,0.145,5.7,122.1,2.929,High
INC-04887,2025-11-14,India,Education,University-Campus,DDoS,Hacktivist,Misconfiguration,VPN,4587,1110,0.029,0.3,5.9,0.116,Low
INC-04888,2025-11-14,Japan,Education,University-Campus,Malware,Nation-State,Social Engineering,Antivirus,2338,2424,0.061,33.1,47.8,0.281,Low
INC-04889,2025-11-14,Japan,Healthcare,Corporate-LAN,SQL Injection,Cybercriminal,Misconfiguration,Firewall,6475,8614,0.137,42.3,123.2,0.942,Medium
INC-04890,2025-11-15,Brazil,Healthcare,Corporate-LAN,Phishing,Hacktivist,Social Engineering,Antivirus,314,19534,0.538,44.5,30.3,0.484,Low
INC-04891,2025-11-15,Australia,Government,Corporate-LAN,Zero-Day Exploit,Nation-State,Zero-Day,Encryption,2932,43251,1.161,14.9,213.8,1.795,High
INC-04892,2025-11-16,USA,Retail,Cloud-DC,SQL Injection,Cybercriminal,Unpatched Software,Antivirus,461,44764,0.938,7.1,31.3,0.438,Low
INC-04893,2025-11-17,India,Retail,Cloud-DC,Zero-Day Exploit,Nation-State,Zero-Day,VPN,17350,5548,0.159,114.5,80.8,0.769,Medium
INC-04894,2025-11-18,China,Finance,Cloud-DC,Insider Threat,Cybercriminal,Excess Privileges,Antivirus,295,61532,1.726,64.3,53.9,0.856,Medium
INC-04895,2025-11-18,USA,Finance,Corporate-LAN,Man-in-the-Middle,Cybercriminal,Misconfiguration,Firewall,37979,19618,0.413,26.3,115.8,0.936,Medium
INC-04896,2025-11-18,India,Healthcare,IoT-Grid,Ransomware,Cybercriminal,Unpatched Software,MFA,501,736,0.012,46.1,82.0,2.286,High
INC-04897,2025-11-18,India,Finance,Banking-Core,Phishing,Cybercriminal,Social Engineering,Firewall,20537,2447,0.067,13.1,96.5,1.096,Medium
INC-04898,2025-11-19,USA,Healthcare,Cloud-DC,Phishing,Cybercriminal,Social Engineering,Firewall,874,85484,1.066,31.5,38.5,0.775,Medium
INC-04899,2025-11-19,India,Retail,Cloud-DC,SQL Injection,Cybercriminal,Misconfiguration,Firewall,138,1569217,25.965,13.0,43.1,6.921,Critical
INC-04900,2025-11-19,China,Government,Cloud-DC,Insider Threat,Insider,Excess Privileges,AI-based IDS,379,9015,0.178,50.9,71.7,0.788,Medium
INC-04901,2025-11-19,Russia,IT & Telecom,Cloud-DC,Man-in-the-Middle,Cybercriminal,Misconfiguration,Firewall,51926,15572,0.259,,91.4,0.846,Medium
INC-04902,2025-11-19,UK,Finance,Banking-Core,Malware,Hacktivist,Unpatched Software,Firewall,4610,12344,0.187,12.2,37.5,0.621,Medium
INC-04903,2025-11-19,France,Government,Corporate-LAN,Zero-Day Exploit,Hacktivist,Zero-Day,Firewall,13505,37716,0.546,56.5,76.9,1.435,Medium
INC-04904,2025-11-19,India,Government,Cloud-DC,Phishing,Nation-State,Social Engineering,Firewall,10361,102149,3.061,47.3,56.2,0.994,Medium
INC-04905,2025-11-20,India,Finance,Corporate-LAN,Man-in-the-Middle,Cybercriminal,Misconfiguration,Encryption,517,53202,1.103,22.0,33.3,0.825,Medium
INC-04906,2025-11-22,USA,Finance,Cloud-DC,Credential Stuffing,Hacktivist,Weak Passwords,Firewall,17382,120988,3.471,8.0,17.0,1.115,Medium
INC-04907,2025-11-22,USA,Energy,Corporate-LAN,Zero-Day Exploit,Nation-State,Zero-Day,Firewall,59282,3843,0.053,27.0,71.5,0.833,Medium
INC-04908,2025-11-22,India,IT & Telecom,Cloud-DC,Zero-Day Exploit,Nation-State,Zero-Day,MFA,5008,3182,0.046,54.8,60.0,0.371,Low
INC-04909,2025-11-23,USA,IT & Telecom,Corporate-LAN,Zero-Day Exploit,Hacktivist,Zero-Day,Firewall,10607,38823,0.82,163.7,166.3,0.97,Medium
INC-04910,2025-11-23,France,Finance,Banking-Core,Phishing,Nation-State,Social Engineering,Antivirus,20222,55893,1.579,30.7,20.2,0.776,Medium
INC-04911,2025-11-24,USA,Government,Corporate-LAN,Phishing,Nation-State,Social Engineering,Encryption,434,12126,0.126,6.7,13.7,0.225,Low
INC-04912,2025-11-24,USA,IT & Telecom,Cloud-DC,Zero-Day Exploit,Nation-State,Zero-Day,Antivirus,759,3551,0.059,117.2,91.7,0.858,Medium
INC-04913,2025-11-24,USA,Retail,Cloud-DC,Credential Stuffing,Cybercriminal,Weak Passwords,Firewall,328,145463,2.201,7.6,39.7,0.735,Medium
INC-04914,2025-11-24,China,Finance,Banking-Core,DDoS,Hacktivist,Misconfiguration,AI-based IDS,7391,224,0.004,0.6,2.6,0.231,Low
INC-04915,2025-11-25,Russia,Finance,Banking-Core,DDoS,Hacktivist,Misconfiguration,Antivirus,4520,5441,0.114,1.7,6.2,0.299,Low
INC-04916,2025-11-25,India,Healthcare,Cloud-DC,Phishing,Nation-State,Social Engineering,MFA,771,5535,0.073,10.9,67.9,0.724,Medium
INC-04917,2025-11-25,China,IT & Telecom,Corporate-LAN,Insider Threat,Insider,Excess Privileges,Antivirus,1501,104207,2.263,72.8,74.6,1.128,Medium
INC-04918,2025-11-25,France,IT & Telecom,Cloud-DC,Insider Threat,Insider,Excess Privileges,Antivirus,20930,24705,0.461,19.0,28.5,0.341,Low
INC-04919,2025-11-25,USA,Finance,Banking-Core,Phishing,Cybercriminal,Social Engineering,Encryption,1125,528,0.009,7.2,50.4,0.864,Medium
INC-04920,2025-11-25,France,Education,University-Campus,SQL Injection,Cybercriminal,Misconfiguration,Antivirus,1257,67075,1.33,8.3,38.6,0.549,Medium
INC-04921,2025-11-25,USA,Healthcare,IoT-Grid,Phishing,Cybercriminal,Social Engineering,Antivirus,156,34518,0.824,19.3,50.7,0.753,Medium
INC-04922,2025-11-26,Australia,Energy,Corporate-LAN,Malware,Nation-State,Social Engineering,Firewall,795,3079,0.038,15.8,26.4,0.461,Low
INC-04923,2025-11-26,Brazil,IT & Telecom,Cloud-DC,Malware,Cybercriminal,Social Engineering,AI-based IDS,11485,54007,0.907,13.6,32.0,0.552,Medium
INC-04924,2025-11-26,China,Government,Corporate-LAN,Man-in-the-Middle,Unknown,Misconfiguration,Antivirus,74579,4329,0.05,41.5,47.3,0.686,Medium
INC-04925,2025-11-26,USA,Finance,Banking-Core,Phishing,Cybercriminal,Social Engineering,Firewall,182,928,0.016,10.2,13.1,0.405,Low
INC-04926,2025-11-26,China,IT & Telecom,Cloud-DC,Zero-Day Exploit,Nation-State,Zero-Day,Firewall,76333,10908,0.15,61.2,66.8,0.794,Medium
INC-04927,2025-11-27,China,Healthcare,Corporate-LAN,Insider Threat,Insider,Weak Passwords,Antivirus,275,204678,2.921,,59.0,1.75,High
INC-04928,2025-11-27,Germany,Healthcare,IoT-Grid,Phishing,Hacktivist,Social Engineering,MFA,1293,33298,0.464,229.2,142.8,2.109,High
INC-04929,2025-11-27,Brazil,Finance,Corporate-LAN,Phishing,Nation-State,Weak Passwords,AI-based IDS,2569,11841,0.347,3.6,9.5,0.313,Low
INC-04930,2025-11-28,USA,Education,University-Campus,DDoS,Unknown,Misconfiguration,Antivirus,10355,337,0.008,0.6,4.0,0.107,Low
INC-04931,2025-11-28,France,Finance,Banking-Core,Phishing,Cybercriminal,Social Engineering,Antivirus,1490,15031,0.263,16.4,28.7,0.523,Medium
INC-04932,2025-11-28,India,Education,University-Campus,DDoS,Hacktivist,Misconfiguration,AI-based IDS,83119,6847,0.135,0.2,6.6,0.141,Low
INC-04933,2025-12-01,Japan,Retail,Corporate-LAN,SQL Injection,Cybercriminal,Misconfiguration,MFA,1574,17762,0.231,44.7,58.6,0.446,Low
INC-04934,2025-12-01,India,Finance,Banking-Core,DDoS,Cybercriminal,Misconfiguration,AI-based IDS,260,1383,0.032,0.4,3.9,0.248,Low
INC-04935,2025-12-02,Australia,Energy,IoT-Grid,Zero-Day Exploit,Nation-State,Zero-Day,Antivirus,9554,32168,0.346,39.1,139.4,1.096,Medium
INC-04936,2025-12-02,UK,Finance,Cloud-DC,Credential Stuffing,Cybercriminal,Weak Passwords,AI-based IDS,6194,31668,0.905,9.1,53.5,0.528,Medium
INC-04937,2025-12-02,USA,Healthcare,Corporate-LAN,Ransomware,Cybercriminal,Social Engineering,Firewall,3679,284290,4.891,15.8,87.9,5.651,Critical
INC-04938,2025-12-02,UK,Finance,Cloud-DC,Phishing,Unknown,Social Engineering,Encryption,3785,25516,0.652,33.1,33.9,0.569,Medium
INC-04939,2025-12-02,China,Government,Corporate-LAN,Phishing,Cybercriminal,Social Engineering,MFA,2138,957486,17.488,48.4,47.7,6.333,Critical
INC-04940,2025-12-03,Germany,Education,University-Campus,DDoS,Cybercriminal,Unpatched Software,Firewall,6144,509,0.008,1.6,13.6,0.122,Low
INC-04941,2025-12-03,India,Finance,Cloud-DC,Ransomware,Cybercriminal,Social Engineering,Antivirus,1034,207914,3.508,9.2,63.4,2.075,High
INC-04942,2025-12-04,China,Finance,Corporate-LAN,Man-in-the-Middle,Cybercriminal,Misconfiguration,Firewall,18593,32908,0.807,19.2,117.7,2.138,High
INC-04943,2025-12-04,Brazil,Healthcare,IoT-Grid,Ransomware,Cybercriminal,Unpatched Software,Firewall,3591,9735,0.248,4.9,313.7,6.108,Critical
INC-04944,2025-12-04,USA,Government,Cloud-DC,Malware,Unknown,Unpatched Software,Firewall,8075,81830,2.367,19.3,76.8,0.586,Medium
INC-04945,2025-12-04,Russia,Healthcare,Corporate-LAN,SQL Injection,Cybercriminal,Unpatched Software,MFA,12384,49504,0.88,78.1,70.8,0.891,Medium
INC-04946,2025-12-04,India,Finance,Corporate-LAN,DDoS,Hacktivist,Misconfiguration,Antivirus,3398,2591,0.034,4.6,11.5,0.399,Low
INC-04947,2025-12-06,UK,Finance,Cloud-DC,Credential Stuffing,Cybercriminal,Weak Passwords,Firewall,5060,17426,0.411,26.0,47.9,0.81,Medium
INC-04948,2025-12-06,Russia,Retail,Corporate-LAN,Phishing,Unknown,Social Engineering,Firewall,559,124557,3.626,19.6,25.5,1.061,Medium
INC-04949,2025-12-08,USA,Finance,Banking-Core,Ransomware,Cybercriminal,Weak Passwords,Firewall,1684,2068,0.045,3.1,154.6,4.724,High
INC-04950,2025-12-09,China,Education,University-Campus,DDoS,Hacktivist,Unpatched Software,MFA,7550,876,0.015,2.0,14.4,0.128,Low
INC-04951,2025-12-09,France,Education,University-Campus,Ransomware,Cybercriminal,Weak Passwords,MFA,28512,1227548,27.518,7.8,144.2,3.911,Critical
INC-04952,2025-12-09,USA,Government,Corporate-LAN,Man-in-the-Middle,Nation-State,Misconfiguration,VPN,827,90765,1.888,196.2,123.3,0.83,Medium
INC-04953,2025-12-09,USA,Energy,IoT-Grid,Insider Threat,Insider,Excess Privileges,Antivirus,369,56346,0.868,33.5,63.6,0.646,Medium
INC-04954,2025-12-10,USA,Healthcare,IoT-Grid,Ransomware,Unknown,Social Engineering,Antivirus,4035,1282,0.031,4.2,101.7,2.634,High
INC-04955,2025-12-10,Japan,Government,Corporate-LAN,SQL Injection,Unknown,Unpatched Software,Firewall,15712,3475,0.068,49.1,116.5,1.601,High
INC-04956,2025-12-11,France,IT & Telecom,Corporate-LAN,DDoS,Nation-State,Unpatched Software,Antivirus,5635,372,0.011,2.1,15.6,0.201,Low
INC-04957,2025-12-11,USA,Retail,Corporate-LAN,Ransomware,Cybercriminal,Unpatched Software,Encryption,638,663134,14.73,1.5,240.4,4.417,High
INC-04958,2025-12-11,UK,IT & Telecom,Cloud-DC,Insider Threat,Insider,Excess Privileges,Firewall,23,67382,1.913,57.4,41.2,0.763,Medium
INC-04959,2025-12-12,Australia,Energy,Corporate-LAN,Phishing,Cybercriminal,Social Engineering,Antivirus,1853,2827,0.065,12.2,68.3,0.657,Medium
INC-04960,2025-12-12,UK,IT & Telecom,Cloud-DC,Malware,Cybercriminal,Weak Passwords,Firewall,1041,32303,0.483,16.3,31.6,0.477,Low
INC-04961,2025-12-12,France,Healthcare,IoT-Grid,Ransomware,Cybercriminal,Weak Passwords,VPN,1744,14550,0.384,28.9,45.9,1.711,High
INC-04962,2025-12-12,France,Government,Cloud-DC,Man-in-the-Middle,Cybercriminal,Unpatched Software,Firewall,839,8672,0.204,6.3,41.9,0.605,Medium
INC-04963,2025-12-12,India,Finance,Cloud-DC,SQL Injection,Cybercriminal,Unpatched Software,VPN,5962,33052,0.597,,30.6,0.692,Medium
INC-04964,2025-12-13,Japan,Energy,IoT-Grid,Ransomware,Cybercriminal,Unpatched Software,Firewall,177,237060,6.818,8.0,71.6,3.519,High
INC-04965,2025-12-13,USA,Government,Corporate-LAN,Malware,Unknown,Unpatched Software,Firewall,20370,12708,0.322,19.4,37.9,0.475,Low
INC-04966,2025-12-14,Japan,Finance,Banking-Core,DDoS,Hacktivist,Misconfiguration,AI-based IDS,2939,332,0.01,0.7,16.9,0.241,Low
INC-04967,2025-12-15,Japan,Healthcare,Cloud-DC,Ransomware,Cybercriminal,Social Engineering,Encryption,1161,330740,4.655,6.7,112.2,4.877,High
INC-04968,2025-12-15,Japan,Finance,Corporate-LAN,SQL Injection,Hacktivist,Unpatched Software,Antivirus,2947,19181,0.29,32.5,36.9,0.561,Medium
INC-04969,2025-12-15,Russia,IT & Telecom,Cloud-DC,Zero-Day Exploit,Unknown,Zero-Day,MFA,15104,1789,0.019,208.1,219.1,1.955,High
INC-04970,2025-12-16,India,Finance,Corporate-LAN,Ransomware,Cybercriminal,Unpatched Software,MFA,2524,2652,0.055,14.6,81.3,3.612,High
INC-04971,2025-12-18,Japan,Finance,Banking-Core,Phishing,Cybercriminal,Weak Passwords,Antivirus,661,22512,0.578,14.0,15.7,0.403,Low
INC-04972,2025-12-19,USA,Retail,Cloud-DC,SQL Injection,Hacktivist,Unpatched Software,AI-based IDS,327,3487,0.056,3.0,14.2,0.346,Low
INC-04973,2025-12-19,USA,Retail,Cloud-DC,SQL Injection,Cybercriminal,Misconfiguration,Antivirus,835,12742,0.147,16.7,19.4,0.247,Low
INC-04974,2025-12-19,China,Government,Cloud-DC,Malware,Cybercriminal,Unpatched Software,MFA,11927,12460,0.177,18.5,33.5,0.299,Low
INC-04975,2025-12-20,China,Healthcare,Cloud-DC,Ransomware,Nation-State,Social Engineering,Encryption,1252,3039,0.031,41.7,262.7,3.382,High
INC-04976,2025-12-20,France,Education,University-Campus,DDoS,Unknown,Misconfiguration,AI-based IDS,45643,157,0.005,1.4,5.8,0.154,Low
INC-04977,2025-12-21,India,Retail,Cloud-DC,Credential Stuffing,Unknown,Weak Passwords,VPN,9198,6964,0.191,26.9,43.4,0.523,Medium
INC-04978,2025-12-21,USA,IT & Telecom,Cloud-DC,Malware,Nation-State,Social Engineering,Firewall,6761,26189,0.349,10.9,113.9,1.392,Medium
INC-04979,2025-12-21,USA,Healthcare,Corporate-LAN,Ransomware,Cybercriminal,Unpatched Software,AI-based IDS,475,33011,0.978,2.2,55.5,2.449,High
INC-04980,2025-12-22,India,Retail,Cloud-DC,SQL Injection,Cybercriminal,Unpatched Software,Encryption,11673,51486,0.896,43.1,86.7,1.193,Medium
INC-04981,2025-12-22,Germany,Government,Cloud-DC,Zero-Day Exploit,Nation-State,Zero-Day,MFA,922,56891,0.57,127.1,96.9,0.952,Medium
INC-04982,2025-12-22,USA,Government,Corporate-LAN,DDoS,Nation-State,Misconfiguration,Firewall,6996,43282,0.966,0.8,22.3,0.708,Medium
INC-04983,2025-12-23,Brazil,Finance,Banking-Core,SQL Injection,Cybercriminal,Unpatched Software,MFA,3209,266686,7.927,18.9,40.6,2.176,High
INC-04984,2025-12-23,India,Finance,Banking-Core,Insider Threat,Insider,Excess Privileges,VPN,1578,78676,2.005,67.8,68.7,1.588,High
INC-04985,2025-12-24,UK,IT & Telecom,Cloud-DC,Zero-Day Exploit,Nation-State,Zero-Day,AI-based IDS,3737,9507,0.246,34.6,51.3,0.389,Low
INC-04986,2025-12-24,USA,Healthcare,Corporate-LAN,Insider Threat,,Excess Privileges,AI-based IDS,290,7444,0.137,69.0,63.0,0.563,Medium
INC-04987,2025-12-24,USA,Energy,Corporate-LAN,Malware,Nation-State,Social Engineering,Firewall,1006,5015,0.069,17.2,35.4,0.382,Low
INC-04988,2025-12-24,USA,Energy,IoT-Grid,Man-in-the-Middle,Cybercriminal,Misconfiguration,MFA,5980,42378,1.018,108.8,83.5,0.972,Medium
INC-04989,2025-12-25,USA,Education,University-Campus,Ransomware,Cybercriminal,Social Engineering,VPN,3545,4708,0.057,3.0,66.8,0.907,Medium
INC-04990,2025-12-25,USA,Finance,Banking-Core,Credential Stuffing,Cybercriminal,Weak Passwords,Firewall,164,223759,4.891,19.8,43.6,2.781,High
INC-04991,2025-12-25,UK,Finance,Cloud-DC,Credential Stuffing,Cybercriminal,Weak Passwords,VPN,3360,188000,2.612,108.1,79.2,2.324,High
INC-04992,2025-12-25,Japan,Healthcare,Cloud-DC,Malware,Cybercriminal,Unpatched Software,Encryption,323,6889,0.093,10.0,46.1,0.76,Medium
INC-04993,2025-12-25,Japan,Energy,Corporate-LAN,Zero-Day Exploit,Nation-State,Zero-Day,AI-based IDS,1795,49788,0.566,41.8,115.7,1.313,Medium
INC-04994,2025-12-26,Japan,Retail,Cloud-DC,SQL Injection,Cybercriminal,Misconfiguration,Encryption,393,2858,0.074,13.0,46.3,0.421,Low
INC-04995,2025-12-26,Australia,Finance,Banking-Core,Man-in-the-Middle,Unknown,Weak Passwords,AI-based IDS,7076,503,0.006,6.4,21.3,0.39,Low
INC-04996,2025-12-26,India,Education,University-Campus,SQL Injection,Cybercriminal,Unpatched Software,MFA,4349,6188,0.127,9.2,21.6,0.135,Low
INC-04997,2025-12-27,Brazil,Healthcare,Corporate-LAN,Phishing,Hacktivist,Weak Passwords,VPN,287,413112,10.25,15.0,36.1,2.894,High
INC-04998,2025-12-27,Australia,Energy,Corporate-LAN,Phishing,Cybercriminal,Social Engineering,Firewall,1173,24166,0.352,24.6,31.0,0.647,Medium
INC-04999,2025-12-27,USA,Healthcare,Cloud-DC,Malware,Cybercriminal,Social Engineering,Encryption,772,12286,0.352,11.6,29.2,0.378,Low
INC-05000,2025-12-28,China,Government,Corporate-LAN,Zero-Day Exploit,Unknown,Zero-Day,Firewall,105992,4885,0.107,23.1,290.0,2.812,High
